cycle_index,city,timestamp,lat,lon,temp,feels_like,humidity,pressure,wind_speed,wind_deg,clouds,weather_main,weather_description,aqi,pm2_5,pm10,no2,o3,so2,co,hour,day_of_week,day_of_month,month,city_encoded
0,Agadir,2026-04-25 23:31:05.569939,30.4278,-9.5981,-0.7796032063862139,17.07,1.2324475126550571,-1.012904452604357,1.2545553834172196,133.0,53.0,Clouds,broken clouds,3.0,5.44,0.9407832373345771,-0.9415600371984125,0.7538274377429978,-0.5055775890858785,0.8707800709164478,23.0,5.0,25.0,4.0,0
0,Casablanca,2026-04-25 23:30:49.327951,33.5731,-7.5898,-0.5144228608583563,18.03,1.3797997391245893,0.20130085480523507,-0.5700303968946092,40.0,10.0,Clear,clear sky,3.0,8.76,0.6540460577963316,0.5888952642416767,0.6521171526468655,1.031622197708246,0.9923937683107344,23.0,5.0,25.0,4.0,1
0,Fes,2026-04-25 23:30:59.033251,34.0181,-5.0078,-1.4537363739329348,14.96,1.8218564185331854,-0.10225047204716294,-0.8230396250978494,120.0,0.0,Clear,clear sky,2.0,2.7,-0.7703902534581772,0.14048160904266951,-2.0605862739044105,-0.9698746675461446,-1.282795820440694,23.0,5.0,25.0,4.0,2
0,Marrakech,2026-04-25 23:30:55.811733,31.6295,-7.9811,0.15332041884431974,19.81,-0.09372252557073117,-0.405801798899561,0.6804190578790976,40.0,75.0,Clouds,broken clouds,2.0,5.77,0.5694784103749135,0.5206584036679147,-0.8130259415227371,-0.7502746980041267,-0.2769491982421233,23.0,5.0,25.0,4.0,3
0,Rabat,2026-04-25 23:30:52.557303,34.0209,-6.8416,-0.6805599448035197,17.77,2.2639130979417814,-0.10225047204716294,-0.5700303968946092,340.0,40.0,Clouds,scattered clouds,3.0,9.59,0.6011912781579454,1.0568051653189015,0.5388196198815532,0.9312336402033234,1.3078292959271622,23.0,5.0,25.0,4.0,4
0,Tanger,2026-04-25 23:31:02.241601,35.7595,-5.834,-0.5623470196886926,17.58,0.5693624935421631,0.5048521816576331,2.9331743013041023,70.0,20.0,Clouds,few clouds,2.0,3.97,-0.2960186062036608,0.4524215430941527,0.1081602481770438,-0.3487204679844372,1.9716373942043042,23.0,5.0,25.0,4.0,5
1,Agadir,2026-04-26 00:31:23.892541,30.4278,-9.5981,-0.7796032063862139,17.01,1.0850952861855252,-1.012904452604357,0.7923269857382234,125.0,61.0,Clouds,broken clouds,3.0,6.07,1.2050571355265083,-0.970804406015739,0.7853705008424309,-0.4867547345537055,0.7364982800435905,0.0,6.0,26.0,4.0,0
1,Casablanca,2026-04-26 00:31:07.658254,33.5731,-7.5898,-0.5144228608583563,18.03,1.3797997391245893,-0.10225047204716294,-0.06887750256896022,50.0,12.0,Clouds,few clouds,3.0,9.41,0.8205386136572485,0.38418468252039073,0.6057681619701472,0.6363422525326138,1.374970191363591,0.0,6.0,26.0,4.0,1
1,Fes,2026-04-26 00:31:17.447490,34.0181,-5.0078,-2.0927251583374096,12.91,2.2639130979417814,-0.10225047204716294,-1.0711832912202583,140.0,0.0,Clear,clear sky,1.0,2.73,-0.7505697110937823,0.15997785492088723,-2.6380174494185287,-1.0451660856748364,-1.3169996728328361,0.0,6.0,26.0,4.0,2
1,Marrakech,2026-04-26 00:31:14.207429,31.6295,-7.9811,-0.16617397335791764,18.71,-0.09372252557073117,-0.405801798899561,0.17926616355344865,50.0,75.0,Clouds,broken clouds,2.0,5.49,0.40827133247783576,0.5791471413025678,-1.1780242431018955,-0.800468976756588,-0.1299993138906934,0.0,6.0,26.0,4.0,3
1,Rabat,2026-04-26 00:31:10.859992,34.0209,-6.8416,-1.319548729207995,15.57,2.2639130979417814,-0.10225047204716294,-1.5723361855459073,0.0,40.0,Clouds,scattered clouds,3.0,8.78,0.5179450002274871,0.8618427065367242,0.55426928344046,0.7241822403494209,1.5105187915843044,0.0,6.0,26.0,4.0,4
1,Tanger,2026-04-26 00:31:20.668949,35.7595,-5.834,-0.5623470196886926,17.58,0.5693624935421631,0.20130085480523507,3.181317967426511,80.0,20.0,Clouds,few clouds,2.0,4.05,-0.2841262807850239,0.6571321248154385,-0.631492394705589,-0.5055775890858785,2.0223097681185904,0.0,6.0,26.0,4.0,5
2,Agadir,2026-04-26 01:31:44.554412,30.4278,-9.5981,-1.0990975985884515,15.97,1.2324475126550571,-1.012904452604357,0.11114829442180696,122.0,0.0,Clear,clear sky,3.0,6.38,1.16013057283388,-0.9805525289548479,0.8136948840337587,-0.4428347406453019,0.5958824424314477,1.0,6.0,26.0,4.0,0
2,Casablanca,2026-04-26 01:31:26.131602,33.5731,-7.5898,-0.5144228608583563,18.03,1.3797997391245893,-0.405801798899561,-0.5700303968946092,40.0,39.0,Clouds,scattered clouds,3.0,9.02,0.7769334204555796,0.23796283843375807,0.5439695077345219,0.41674228299059624,1.4003063783207341,1.0,6.0,26.0,4.0,1
2,Fes,2026-04-26 01:31:37.294732,34.0181,-5.0078,-1.773230766135172,14.01,2.2639130979417814,-0.10225047204716294,-0.8230396250978494,110.0,0.0,Clear,clear sky,1.0,2.78,-0.6963935619644365,-0.09347334149594284,-2.466139942325698,-1.051440370518894,-1.3055983887021214,1.0,6.0,26.0,4.0,2
2,Marrakech,2026-04-26 01:31:33.288123,31.6295,-7.9811,-0.485668365560155,17.71,0.20098192736833292,-0.709353125751959,0.17926616355344865,50.0,75.0,Clouds,broken clouds,2.0,5.36,0.3514524443665706,0.4719177889723704,-1.2295231216315827,-0.8192918312887609,-0.21360873084926618,1.0,6.0,26.0,4.0,3
2,Rabat,2026-04-26 01:31:29.393095,34.0209,-6.8416,-1.6390431214102323,14.47,2.2639130979417814,-0.405801798899561,-1.5723361855459073,0.0,40.0,Clouds,scattered clouds,2.0,8.25,0.4346987222970288,0.7253689853892002,0.4068537436492299,0.5610508344039222,1.558657546802877,1.0,6.0,26.0,4.0,4
2,Tanger,2026-04-26 01:31:40.878573,35.7595,-5.834,-0.5623470196886926,17.58,0.5693624935421631,0.20130085480523507,3.9354800899554006,80.0,20.0,Clouds,few clouds,2.0,3.99,-0.31980325704093454,0.5888952642416767,-1.0151590397517596,-0.5557718678383397,1.9488348259428765,1.0,6.0,26.0,4.0,5
3,Agadir,2026-04-26 09:30:31.986114,30.4278,-9.5981,-0.7796032063862139,16.83,0.5693624935421631,-1.012904452604357,-0.41433241030799983,240.0,19.0,Clouds,few clouds,3.0,6.44,0.7121863153985566,-0.7953381931117799,0.588387290466377,-0.3361718982963219,0.4932708852550208,9.0,6.0,26.0,4.0,0
3,Casablanca,2026-04-26 09:30:14.911435,33.5731,-7.5898,-0.17575880512398512,18.91,0.5693624935421631,-0.405801798899561,-1.3241925194234985,0.0,75.0,Clouds,broken clouds,2.0,7.52,0.9315336508978594,0.6668802477545474,-0.5812809881391439,-0.13539478328647706,1.2761590622307337,9.0,6.0,26.0,4.0,1
3,Fes,2026-04-26 09:30:25.149990,34.0181,-5.0078,-0.4952531973262225,17.94,0.9377430597159931,-0.405801798899561,0.43227539175668894,70.0,0.0,Clear,clear sky,1.0,2.76,-0.36208708075164353,-0.6101238572687117,-2.347048785725796,-1.0388918008307786,-1.2422579213092644,9.0,6.0,26.0,4.0,2
3,Marrakech,2026-04-26 09:30:21.475585,31.6295,-7.9811,-0.16617397335791764,18.81,0.20098192736833292,-0.709353125751959,-1.0711832912202583,0.0,40.0,Clouds,scattered clouds,2.0,5.92,0.9262481729340205,1.7099294022391942,-1.6852881966193147,-0.7314518434719539,-0.19587339997926612,9.0,6.0,26.0,4.0,3
3,Rabat,2026-04-26 09:30:18.173893,34.0209,-6.8416,-0.6805599448035197,17.62,1.8218564185331854,-0.405801798899561,-1.5723361855459073,0.0,40.0,Mist,mist,2.0,6.81,0.12549826141246934,1.9341362298386977,-1.6820695167112094,-0.06010336515778531,1.0722027572257338,9.0,6.0,26.0,4.0,4
3,Tanger,2026-04-26 09:30:28.691879,35.7595,-5.834,-0.24285262748645525,18.55,0.20098192736833292,0.20130085480523507,2.9331743013041023,80.0,40.0,Clouds,scattered clouds,1.0,3.04,-0.6052190670882203,0.8520945835976156,-2.1783899585410698,-0.5432232981502243,1.8639585996364478,9.0,6.0,26.0,4.0,5
4,Agadir,2026-04-26 10:30:49.837762,30.4278,-9.5981,0.1788799702204982,20.13,0.5693624935421631,-1.012904452604357,-0.010490757598981642,254.0,15.0,Clouds,few clouds,3.0,6.96,0.8654651763498767,-0.8148344389899976,0.5703626829809874,-0.3800918922047255,0.5895483956921624,10.0,6.0,26.0,4.0,0
4,Casablanca,2026-04-26 10:30:33.710149,33.5731,-7.5898,0.14693053100027514,19.97,0.422010267072631,-0.405801798899561,-1.3241925194234985,0.0,75.0,Clouds,broken clouds,2.0,7.44,0.9751388440995279,-0.18120644794792232,0.07983586498571595,0.31007944064161597,0.8821813550471626,10.0,6.0,26.0,4.0,1
4,Fes,2026-04-26 10:30:43.376593,34.0181,-5.0078,0.14373558707825226,19.88,0.20098192736833292,-0.405801798899561,0.6804190578790976,70.0,0.0,Clear,clear sky,2.0,3.85,0.5919416917212277,-0.9610562830766303,-1.427150067989257,-1.0639889402070093,-1.2764617737014086,10.0,6.0,26.0,4.0,2
4,Marrakech,2026-04-26 10:30:40.176188,31.6295,-7.9811,0.47281481104655715,20.8,-0.38842697850979524,-0.709353125751959,-0.8230396250978494,360.0,40.0,Clouds,scattered clouds,2.0,6.82,2.19476288425529,-0.28843580027811977,-0.28966858846478977,-0.8883089645733951,-0.4657037910728368,10.0,6.0,26.0,4.0,3
4,Rabat,2026-04-26 10:30:36.967480,34.0209,-6.8416,-0.041571160399044876,19.82,1.8218564185331854,-0.405801798899561,-0.8230396250978494,350.0,40.0,Clouds,scattered clouds,2.0,7.78,0.3950576375682392,0.7838577230238534,-0.4731333432268011,0.8935879311389775,0.9176520167871627,10.0,6.0,26.0,4.0,4
4,Tanger,2026-04-26 10:30:46.606191,35.7595,-5.834,0.3961361569180195,20.54,-0.38842697850979524,0.20130085480523507,3.181317967426511,80.0,40.0,Clouds,scattered clouds,2.0,3.18,-0.5616138738865516,0.2087184696164315,-1.3589140539374223,-0.5055775890858785,1.9374335418121618,10.0,6.0,26.0,4.0,5
5,Agadir,2026-04-26 11:31:07.889114,30.4278,-9.5981,1.1373631468272103,23.43,0.5693624935421631,-1.012904452604357,-0.010490757598981642,254.0,15.0,Clouds,few clouds,3.0,7.69,1.0887766203220581,-0.8635750536855418,0.5066328208004988,-0.41146331642501377,0.6148845826493056,11.0,6.0,26.0,4.0,0
5,Casablanca,2026-04-26 11:30:51.661205,33.5731,-7.5898,0.40891593260610987,20.69,-0.09372252557073117,-0.405801798899561,-0.5700303968946092,10.0,89.0,Clouds,overcast clouds,2.0,8.01,1.0544210135571075,-0.5028945049385144,0.398485175888156,0.7053593858172481,0.5236743096035915,11.0,6.0,26.0,4.0,1
5,Fes,2026-04-26 11:31:01.330388,34.0181,-5.0078,0.782724371482727,21.87,-0.38842697850979524,-0.405801798899561,0.6804190578790976,80.0,0.0,Clear,clear sky,2.0,4.16,0.8086462882386115,-1.04878938952861,-1.1226629486824817,-1.0702632250510669,-1.5044874563156938,11.0,6.0,26.0,4.0,2
5,Marrakech,2026-04-26 11:30:58.128697,31.6295,-7.9811,1.111803595451032,22.9,-0.6831314314488593,-1.012904452604357,-0.5700303968946092,360.0,40.0,Clouds,scattered clouds,2.0,8.17,3.3562466668088273,-0.7368494554771268,-0.03346166777959633,-0.9510518130139716,-0.7836729373849801,11.0,6.0,26.0,4.0,3
5,Rabat,2026-04-26 11:30:54.908370,34.0209,-6.8416,0.5974176240054299,21.73,1.0114191729507591,-0.709353125751959,-0.32188673077220054,280.0,40.0,Clouds,scattered clouds,2.0,10.39,0.8284668306030062,0.1892222237382138,0.2105142692547974,1.5649364094531464,0.8302421717850201,11.0,6.0,26.0,4.0,4
5,Tanger,2026-04-26 11:31:04.611992,35.7595,-5.834,0.7156305491202569,21.54,-0.6831314314488593,0.20130085480523507,3.181317967426511,80.0,40.0,Clouds,scattered clouds,2.0,3.69,-0.4942240298476091,-0.2591914314607932,-0.7711831027173658,-0.5244004436180514,1.926032257681447,11.0,6.0,26.0,4.0,5
6,Agadir,2026-04-26 12:31:25.842218,30.4278,-9.5981,1.4568575390294478,24.48,0.422010267072631,-1.012904452604357,0.6123011887474561,263.0,11.0,Clouds,few clouds,2.0,8.62,1.3570146269868684,-0.9318119142593037,0.4583526221789169,-0.42401188611312896,0.6402207696064488,12.0,6.0,26.0,4.0,0
6,Casablanca,2026-04-26 12:31:09.740950,33.5731,-7.5898,0.4823996428126246,21.07,0.27465804060309895,-0.709353125751959,-0.8230396250978494,40.0,80.0,Clouds,broken clouds,3.0,9.22,1.2090212439993868,-0.6393682260860383,0.6971786713603421,1.1822050339656294,0.3323860980771624,12.0,6.0,26.0,4.0,1
6,Fes,2026-04-26 12:31:19.403726,34.0181,-5.0078,1.1022187636849645,22.87,-0.6831314314488593,-0.709353125751959,0.6804190578790976,70.0,0.0,Clear,clear sky,2.0,4.25,0.8324309390758853,-1.0682856354068275,-1.011296623862033,-1.0702632250510669,-1.6805739556678365,12.0,6.0,26.0,4.0,2
6,Marrakech,2026-04-26 12:31:16.201426,31.6295,-7.9811,1.7507923798555067,24.92,-1.1988642240922216,-1.012904452604357,-0.8230396250978494,0.0,40.0,Clouds,scattered clouds,2.0,9.27,4.220422313896442,-0.8830712995637595,0.059880049555461994,-0.9886975220783175,-1.0661714219571217,12.0,6.0,26.0,4.0,3
6,Rabat,2026-04-26 12:31:12.982148,34.0209,-6.8416,0.5974176240054299,21.73,1.0114191729507591,-0.709353125751959,-0.06887750256896022,280.0,40.0,Clouds,scattered clouds,3.0,13.7,1.3173735422580788,-0.18120644794792232,0.8066137882359268,2.361770584648468,0.8733136896121634,12.0,6.0,26.0,4.0,4
6,Tanger,2026-04-26 12:31:22.599905,35.7595,-5.834,0.7156305491202569,21.54,-0.6831314314488593,0.20130085480523507,4.183623756077809,80.0,40.0,Clouds,scattered clouds,2.0,4.03,-0.4506188366459405,-0.5808794884513852,-0.1609213921405716,-0.5306747284621091,1.983038678335019,12.0,6.0,26.0,4.0,5
7,Agadir,2026-04-26 13:47:51.223700,30.4278,-9.5981,1.4568575390294478,24.4,0.20098192736833292,-1.316455779456755,0.5101243850499937,253.0,7.0,Clear,clear sky,2.0,9.61,1.6186457861968804,-0.9610562830766303,0.4583526221789169,-0.4177376012690713,0.7428323267828776,13.0,6.0,26.0,4.0,0
7,Casablanca,,33.5731,-7.5898,0.4823996428126246,21.07,0.27465804060309895,-0.8611287891781579,-0.3218867307722003,45.0,60.0,Clouds,broken clouds,3.0,8.495000000000001,0.7993967018018935,-0.6978569637206913,0.8861151819661314,1.135147897635197,0.07902422850573397,14.555891238670695,2.881168177240685,13.362537764350453,4.628398791540786,1
7,Fes,2026-04-26 13:47:44.747968,34.0181,-5.0078,1.7412075480894391,24.81,-1.4198925637965196,-1.012904452604357,0.6804190578790976,60.0,20.0,Clouds,few clouds,2.0,4.55,1.0689560779576637,-1.0877818812850453,-0.6965097288493195,-1.0765375098951246,-1.7008429052335505,13.0,6.0,26.0,4.0,2
7,Marrakech,2026-04-26 13:47:41.550470,31.6295,-7.9811,2.0702867720577443,25.98,-1.6409209035008177,-1.316455779456755,0.17926616355344865,40.0,40.0,Clouds,scattered clouds,3.0,11.22,5.815315289484746,-1.0097968977721745,0.2800377552698751,-1.0263432311426635,-0.9420241058671229,13.0,6.0,26.0,4.0,3
7,Rabat,2026-04-26 13:47:38.319382,34.0209,-6.8416,0.5974176240054299,21.6,0.643038606776929,-1.012904452604357,0.17926616355344865,320.0,40.0,Clouds,scattered clouds,3.0,12.38,1.0372432101746316,-0.5418869966949498,1.0190466621708874,2.198639178702969,0.7529668015657346,13.0,6.0,26.0,4.0,4
7,Tanger,2026-04-26 13:47:47.968614,35.7595,-5.834,1.0383198852445172,22.54,-0.9778358843879235,-0.10225047204716294,4.183623756077809,80.0,40.0,Clouds,scattered clouds,2.0,4.12,-0.4268341858086667,-0.7076050866598002,0.4029913277595032,-0.49302901939776317,2.1895286020357343,13.0,6.0,26.0,4.0,5
8,Agadir,2026-04-26 16:18:01.742941,30.4278,-9.5981,1.1373631468272103,23.28,0.1273058141335669,-1.620007106309153,0.46146876424167804,235.0,9.0,Clear,clear sky,2.0,10.69,1.8353503827142639,-0.9123156683810859,0.46157130208702224,-0.5181261587739938,1.163413030271448,16.0,6.0,26.0,4.0,0
8,Casablanca,2026-04-26 16:17:44.454621,33.5731,-7.5898,0.4823996428126246,21.07,0.27465804060309895,-1.012904452604357,0.17926616355344865,50.0,40.0,Clouds,scattered clouds,3.0,7.77,0.3897721596044005,-0.7563457013553444,1.0750516925719216,1.0880907613047648,-0.17433764106569447,16.0,6.0,26.0,4.0,1
8,Fes,2026-04-26 16:17:54.794429,34.0181,-5.0078,2.0607019402916764,25.95,-1.6409209035008177,-1.316455779456755,0.6804190578790976,80.0,20.0,Clouds,few clouds,2.0,4.24,0.8482873729674009,-0.9805525289548479,-0.6636791937866435,-1.0702632250510669,-1.83385788675855,16.0,6.0,26.0,4.0,2
8,Marrakech,2026-04-26 16:17:51.542472,31.6295,-7.9811,3.667758733068931,30.48,-2.377682035848478,-1.9235584331615512,-0.5700303968946092,0.0,40.0,Clouds,scattered clouds,3.0,11.02,5.784923791192675,-1.0292931436503923,0.47637722966430757,-1.032617515986721,-1.0319675695649793,16.0,6.0,26.0,4.0,3
8,Rabat,2026-04-26 16:17:47.676441,34.0209,-6.8416,1.555900800612142,24.43,-0.6831314314488593,-1.012904452604357,-0.06887750256896022,320.0,40.0,Clouds,scattered clouds,3.0,9.94,0.5338014341190029,-0.5808794884513852,0.8452379471331928,1.5649364094531464,0.3944597561221635,16.0,6.0,26.0,4.0,4
8,Tanger,2026-04-26 16:17:58.476021,35.7595,-5.834,0.7156305491202569,21.54,-0.6831314314488593,-0.10225047204716294,5.185929544729108,80.0,40.0,Clouds,scattered clouds,3.0,5.04,-0.047601141903245624,-0.7076050866598002,1.031277645821688,-0.35499475282849485,2.3428125331264478,16.0,6.0,26.0,4.0,5
9,Agadir,2026-04-26 17:18:20.073763,30.4278,-9.5981,1.4568575390294478,24.4,0.20098192736833292,-1.620007106309153,-0.07860862673062333,223.0,5.0,Clear,clear sky,3.0,11.21,1.9080257047170446,-0.8245825619291064,0.627011449363643,-0.49302901939776317,1.4395774681043059,17.0,6.0,26.0,4.0,0
9,Casablanca,2026-04-26 17:18:03.813706,33.5731,-7.5898,0.801894035014862,21.83,-0.6831314314488593,-1.012904452604357,-0.06887750256896022,60.0,40.0,Clouds,scattered clouds,3.0,8.21,0.4994458273540519,-0.5808794884513852,1.122688155211883,1.2512221672502635,0.06382251633144949,17.0,6.0,26.0,4.0,1
9,Fes,2026-04-26 17:18:13.572014,34.0181,-5.0078,2.380196332493914,27.2,-1.6409209035008177,-1.316455779456755,0.43227539175668894,80.0,20.0,Clouds,few clouds,2.0,4.07,0.5813707357935505,-0.7465975784162355,-1.0080779439539276,-1.051440370518894,-1.8224566026278353,17.0,6.0,26.0,4.0,2
9,Marrakech,2026-04-26 17:18:10.343646,31.6295,-7.9811,3.3482643408666934,29.15,-2.5250342623180098,-1.9235584331615512,-0.32188673077220054,60.0,40.0,Clouds,scattered clouds,3.0,11.52,5.9012043063971245,-0.9318119142593037,0.49053942125997146,-0.9698746675461446,-0.9420241058671229,17.0,6.0,26.0,4.0,3
9,Rabat,2026-04-26 17:18:07.049503,34.0209,-6.8416,1.2364064084099047,23.33,-0.6831314314488593,-1.012904452604357,0.43227539175668894,340.0,40.0,Clouds,scattered clouds,3.0,9.82,0.5523006069924382,-0.30793204615633746,0.8993117695893645,1.6402278275818383,0.6136177733014478,17.0,6.0,26.0,4.0,4
9,Tanger,2026-04-26 17:18:16.803027,35.7595,-5.834,0.7156305491202569,21.54,-0.6831314314488593,-0.405801798899561,4.937785878606699,80.0,40.0,Clouds,scattered clouds,3.0,5.27,0.031681027554333906,-0.5808794884513852,1.0660393888292263,-0.34244618314037956,2.366881910735733,17.0,6.0,26.0,4.0,5
10,Agadir,2026-04-26 18:18:39.348319,30.4278,-9.5981,1.1373631468272103,23.35,0.348334153837865,-1.620007106309153,-0.38513903782301057,194.0,9.0,Clear,clear sky,3.0,10.94,1.8327076437323446,-0.7271013325380179,0.7950265405667476,-0.4742061648655902,1.58399373376002,18.0,6.0,26.0,4.0,0
10,Casablanca,2026-04-26 18:18:22.090226,33.5731,-7.5898,0.7475799883404811,21.65,-0.6831314314488593,-1.012904452604357,0.17926616355344865,20.0,40.0,Clouds,scattered clouds,3.0,8.57,0.5932630612121875,-0.3956651526083171,1.0808453164065117,1.4457249974160509,0.2627115839450199,18.0,6.0,26.0,4.0,1
10,Fes,2026-04-26 18:18:32.156186,34.0181,-5.0078,2.0607019402916764,25.95,-1.6409209035008177,-1.316455779456755,0.43227539175668894,70.0,20.0,Clouds,few clouds,2.0,3.9,0.3197395765835388,-0.3859170296692082,-1.4490370913643742,-1.032617515986721,-1.8021876530621215,18.0,6.0,26.0,4.0,2
10,Marrakech,2026-04-26 18:18:28.930937,31.6295,-7.9811,3.3482643408666934,29.15,-2.5250342623180098,-1.9235584331615512,-0.8230396250978494,0.0,40.0,Clouds,scattered clouds,3.0,12.2,6.041269472438848,-0.717353209598909,0.5021266689291516,-0.9071318191055681,-0.7570699410799792,18.0,6.0,26.0,4.0,3
10,Rabat,2026-04-26 18:18:25.624177,34.0209,-6.8416,1.23001652056586,23.2,-0.9778358843879235,-1.012904452604357,0.17926616355344865,340.0,40.0,Clouds,scattered clouds,3.0,9.56,0.564192932411075,0.16972597785999607,0.914117697166649,1.7343421002427026,0.8897822111343057,18.0,6.0,26.0,4.0,4
10,Tanger,2026-04-26 18:18:35.710158,35.7595,-5.834,0.42489065221622085,20.64,-0.38842697850979524,-0.405801798899561,5.185929544729108,80.0,40.0,Clouds,scattered clouds,3.0,5.59,0.12814100039438858,-0.3371764149736639,1.0653956528476058,-0.3236233286082066,2.3656151013878755,18.0,6.0,26.0,4.0,5
11,Agadir,2026-04-26 19:18:58.131519,30.4278,-9.5981,0.4983743624227356,21.23,0.5693624935421631,-1.620007106309153,-0.05428081632646547,178.0,14.0,Clouds,few clouds,3.0,10.29,1.7454972573290075,-0.6881088407815824,0.9173363770747552,-0.4867547345537055,1.6600022946314479,19.0,6.0,26.0,4.0,0
11,Casablanca,2026-04-26 19:18:41.519052,33.5731,-7.5898,0.16290525061038724,19.97,0.27465804060309895,-1.012904452604357,0.17926616355344865,30.0,75.0,Clouds,broken clouds,3.0,8.76,0.6553674272872912,-0.2104508167652489,1.0338525897481718,1.5586621246090884,0.4628674609064482,19.0,6.0,26.0,4.0,1
11,Fes,2026-04-26 19:18:51.491845,34.0181,-5.0078,1.7412075480894391,24.88,-1.1988642240922216,-1.316455779456755,-0.06887750256896022,60.0,20.0,Clouds,few clouds,2.0,3.76,0.15588975970454147,-0.07397709561772513,-1.6370079979977328,-1.013794661454548,-1.7717842287135508,19.0,6.0,26.0,4.0,2
11,Marrakech,2026-04-26 19:18:48.197902,31.6295,-7.9811,3.0287699486644564,28.33,-2.377682035848478,-1.9235584331615512,-0.5700303968946092,90.0,40.0,Rain,light rain,3.0,12.45,5.919703479270559,-0.5028945049385144,0.4718710777929604,-0.8569375403531069,-0.602519200641408,19.0,6.0,26.0,4.0,3
11,Rabat,2026-04-26 19:18:44.758053,34.0209,-6.8416,0.9169120162076673,22.23,-0.6831314314488593,-1.012904452604357,-0.06887750256896022,340.0,40.0,Clouds,scattered clouds,3.0,8.78,0.5007671968450116,0.7741096000847447,0.8124074120705168,1.7092449608664722,1.1140074657050194,19.0,6.0,26.0,4.0,4
11,Tanger,2026-04-26 19:18:54.874631,35.7595,-5.834,0.07664176471578214,19.44,-0.38842697850979524,-0.405801798899561,4.436632984281049,80.0,40.0,Clouds,scattered clouds,3.0,5.87,0.20478043087004863,0.013756010834254586,0.98557239112659,-0.2922519043879183,2.398552144432162,19.0,6.0,26.0,4.0,5
12,Agadir,2026-04-26 20:19:16.437724,30.4278,-9.5981,-0.1406144219817392,19.19,1.0114191729507591,-1.316455779456755,-0.34134897909552675,149.0,75.0,Clouds,broken clouds,3.0,9.24,1.585611548922889,-0.7368494554771268,0.9817099752368642,-0.5055775890858785,1.6359329170221626,20.0,6.0,26.0,4.0,0
12,Casablanca,2026-04-26 20:19:00.109669,33.5731,-7.5898,-0.17575880512398512,19.04,0.9377430597159931,-0.709353125751959,-0.32188673077220054,30.0,75.0,Clouds,broken clouds,3.0,8.86,0.7306854882719919,0.19897034667732263,0.8452379471331928,1.590033548829377,0.7010276183035922,20.0,6.0,26.0,4.0,1
12,Fes,2026-04-26 20:19:09.875862,34.0181,-5.0078,0.782724371482727,21.87,-0.38842697850979524,-1.012904452604357,-1.0711832912202583,0.0,20.0,Clouds,few clouds,2.0,3.65,0.07792895973792181,0.09174099434712545,-1.7039565400863268,-0.9949718069223752,-1.8072548904535508,20.0,6.0,26.0,4.0,2
12,Marrakech,2026-04-26 20:19:06.608826,31.6295,-7.9811,2.709275556462219,27.58,-2.230329809378946,-1.316455779456755,-0.5700303968946092,90.0,40.0,Rain,light rain,3.0,12.24,5.358121445612706,-0.13246583325237826,0.1390595752948564,-0.8255661161328186,-0.5809834417278363,20.0,6.0,26.0,4.0,3
12,Rabat,2026-04-26 20:19:03.365268,34.0209,-6.8416,0.5974176240054299,21.34,-0.09372252557073117,-0.709353125751959,-0.5700303968946092,340.0,40.0,Clouds,scattered clouds,2.0,7.97,0.42677050535127076,1.6416925416654324,0.48796447733348763,1.590033548829377,1.2292871163600188,20.0,6.0,26.0,4.0,4
12,Tanger,2026-04-26 20:19:13.158065,35.7595,-5.834,-0.24285262748645525,18.45,-0.09372252557073117,-0.10225047204716294,3.6824708617521607,80.0,40.0,Clouds,scattered clouds,3.0,6.0,0.2523497325445964,0.5109102807288058,0.7267905265149118,-0.2922519043879183,2.4745607053035914,20.0,6.0,26.0,4.0,5
13,Agadir,2026-04-26 21:19:35.084277,30.4278,-9.5981,-0.4601088141839766,18.17,1.2324475126550571,-1.012904452604357,0.12087941858347007,137.0,92.0,Clouds,overcast clouds,3.0,8.22,1.446867752372125,-0.8148344389899976,1.0171154542260241,-0.5369490133061666,1.6131303487607331,21.0,6.0,26.0,4.0,0
13,Casablanca,2026-04-26 21:19:18.140893,33.5731,-7.5898,-0.17575880512398512,19.04,0.9377430597159931,-0.405801798899561,-1.0711832912202583,0.0,57.0,Clouds,broken clouds,3.0,9.0,0.8496087424583607,0.5791471413025678,0.6566233045182127,1.4708221367922814,1.1722806957064489,21.0,6.0,26.0,4.0,1
13,Fes,2026-04-26 21:19:28.009721,34.0181,-5.0078,0.14373558707825226,19.88,0.20098192736833292,-0.709353125751959,-1.0711832912202583,0.0,40.0,Clouds,scattered clouds,2.0,3.66,0.052822939409688185,0.14048160904266951,-1.9234705098191185,-1.0012460917664328,-1.7287127108864073,21.0,6.0,26.0,4.0,2
13,Marrakech,2026-04-26 21:19:24.767338,31.6295,-7.9811,2.0702867720577443,25.98,-1.4198925637965196,-1.012904452604357,0.9285627240015063,150.0,75.0,Rain,light rain,2.0,12.14,4.870536103448593,0.2769553301901935,-0.22336378235781826,-0.8255661161328186,-0.34409009367855015,21.0,6.0,26.0,4.0,3
13,Rabat,2026-04-26 21:19:21.469634,34.0209,-6.8416,-0.36106555260128226,18.4,0.9377430597159931,-0.709353125751959,-1.5723361855459073,0.0,40.0,Clouds,scattered clouds,2.0,7.61,0.4241277663693515,2.158343057438201,0.15901539072511037,1.3955307186635897,1.5472562626721622,21.0,6.0,26.0,4.0,4
13,Tanger,2026-04-26 21:19:31.849861,35.7595,-5.834,-0.24285262748645525,18.55,0.20098192736833292,-0.10225047204716294,3.6824708617521607,80.0,40.0,Clouds,scattered clouds,2.0,6.05,0.2893480782914667,0.7643614771456357,0.3714482646600701,-0.3361718982963219,2.570838215740733,21.0,6.0,26.0,4.0,5
14,Agadir,2026-04-26 22:19:55.147853,30.4278,-9.5981,-0.4601088141839766,18.22,1.3797997391245893,-0.709353125751959,0.5344521954541513,138.0,71.0,Clouds,broken clouds,3.0,7.95,1.547291833685059,-0.8733231766246506,1.0222653420789927,-0.568320437526455,1.5903277804993055,22.0,6.0,26.0,4.0,0
14,Casablanca,2026-04-26 22:19:37.757509,33.5731,-7.5898,-0.17575880512398512,19.04,0.9377430597159931,-0.405801798899561,-1.3241925194234985,0.0,50.0,Clouds,scattered clouds,3.0,9.03,0.9619251491899317,0.8131020918411802,0.5310947881021009,1.2386735975621481,1.6384665357178763,22.0,6.0,26.0,4.0,1
14,Fes,2026-04-26 22:19:48.338069,34.0181,-5.0078,-0.16936891727994052,19.06,0.9377430597159931,-0.405801798899561,-1.0711832912202583,0.0,0.0,Clear,clear sky,1.0,3.68,0.0012895292622617713,0.14048160904266951,-2.15457172722109,-1.020068946298606,-1.641302865884265,22.0,6.0,26.0,4.0,2
14,Marrakech,2026-04-26 22:19:44.812571,31.6295,-7.9811,1.7507923798555067,24.92,-1.1988642240922216,-1.012904452604357,-1.3241925194234985,0.0,40.0,Rain,light rain,2.0,12.04,4.586441662892267,0.5401546495461325,-0.5033889343629923,-0.8255661161328186,-0.12619888584712186,22.0,6.0,26.0,4.0,3
14,Rabat,2026-04-26 22:19:41.429753,34.0209,-6.8416,-1.319548729207995,15.57,2.2639130979417814,-0.405801798899561,-1.5723361855459073,0.0,40.0,Clouds,scattered clouds,2.0,7.52,0.44262693924278673,2.304564901524834,-0.08817922621738866,1.2010278884978025,1.8462232687664477,22.0,6.0,26.0,4.0,4
14,Tanger,2026-04-26 22:19:51.775599,35.7595,-5.834,-0.24285262748645525,18.55,0.20098192736833292,0.20130085480523507,3.434327195629751,80.0,40.0,Clouds,scattered clouds,2.0,6.05,0.30916862065586154,0.8325983377193978,0.060523785537083416,-0.3863661770487831,2.6785170103085894,22.0,6.0,26.0,4.0,5
15,Agadir,2026-04-26 23:20:17.592166,30.4278,-9.5981,-0.4601088141839766,18.25,1.4534758523593554,-0.709353125751959,1.0356050897798006,137.0,77.0,Clouds,broken clouds,3.0,7.4,1.473295142191318,-0.9123156683810859,1.0100343584281921,-0.5934175769026856,1.5611911654985906,23.0,6.0,26.0,4.0,0
15,Casablanca,2026-04-26 23:19:58.384463,33.5731,-7.5898,-0.17575880512398512,19.04,0.9377430597159931,-0.405801798899561,-0.8230396250978494,320.0,57.0,Clouds,broken clouds,2.0,8.86,1.0121371898463984,0.9105833212322687,0.27488786741690646,0.9312336402033234,1.6802712441971617,23.0,6.0,26.0,4.0,1
15,Fes,2026-04-26 23:20:10.893859,34.0181,-5.0078,-0.17575880512398512,19.04,0.9377430597159931,-0.405801798899561,-1.0711832912202583,0.0,0.0,Clear,clear sky,1.0,3.61,-0.12556194186986527,0.2087184696164315,-2.482877077847846,-1.0451660856748364,-1.788252750235693,23.0,6.0,26.0,4.0,2
15,Marrakech,2026-04-26 23:20:07.311055,31.6295,-7.9811,1.4312979876532692,23.92,-0.9041597711531574,-1.012904452604357,-0.32188673077220054,10.0,40.0,Clouds,scattered clouds,2.0,11.73,4.287812157935385,0.744865231267418,-0.7808391424416825,-0.8130175464447034,-0.24147853650212314,23.0,6.0,26.0,4.0,3
15,Rabat,2026-04-26 23:20:02.322482,34.0209,-6.8416,-1.319548729207995,15.57,2.2639130979417814,-0.405801798899561,-1.5723361855459073,0.0,40.0,Clouds,scattered clouds,2.0,7.37,0.4148781799326339,2.3143130244639427,-0.45639620770465245,0.9437822098914388,1.7828828013735907,23.0,6.0,26.0,4.0,4
15,Tanger,2026-04-26 23:20:14.392442,35.7595,-5.834,-0.24285262748645525,18.45,-0.09372252557073117,0.20130085480523507,3.181317967426511,80.0,40.0,Clouds,scattered clouds,2.0,6.01,0.2893480782914667,0.9300795671104864,-0.2993246281891065,-0.4553833103334172,2.6747165822650176,23.0,6.0,26.0,4.0,5
16,Agadir,2026-04-27 00:20:35.623444,30.4278,-9.5981,-0.4601088141839766,18.25,1.4534758523593554,-0.709353125751959,1.2253620109322305,138.0,68.0,Clouds,broken clouds,3.0,7.01,1.3807992778241422,-0.9415600371984125,0.9495231761558097,-0.6185147162789161,1.5269873131064484,0.0,0.0,27.0,4.0,0
16,Casablanca,2026-04-27 00:20:19.453476,33.5731,-7.5898,-0.5144228608583563,18.03,1.3797997391245893,-0.405801798899561,-0.5700303968946092,320.0,62.0,Clouds,broken clouds,2.0,8.87,1.0848125118491796,0.9593239359278128,0.07532971311436784,0.6426165373766716,1.8740930744193047,0.0,0.0,27.0,4.0,1
16,Fes,2026-04-27 00:20:29.165776,34.0181,-5.0078,-0.4952531973262225,18.1,1.3797997391245893,-0.405801798899561,-0.32188673077220054,80.0,0.0,Clear,clear sky,1.0,3.56,-0.24448519605623434,0.3256959448857378,-2.8182635242724343,-1.0639889402070093,-1.8047212717578351,0.0,0.0,27.0,4.0,2
16,Marrakech,2026-04-27 00:20:25.914450,31.6295,-7.9811,1.111803595451032,22.9,-0.6831314314488593,-1.012904452604357,-0.8230396250978494,30.0,40.0,Clouds,scattered clouds,2.0,11.7,4.125283710547347,0.9203314441713774,-0.8419940606956863,-0.800468976756588,-0.19587339997926612,0.0,0.0,27.0,4.0,3
16,Rabat,2026-04-27 00:20:22.692245,34.0209,-6.8416,-1.000054337005757,16.67,2.2639130979417814,-0.709353125751959,-0.8230396250978494,230.0,40.0,Clouds,scattered clouds,2.0,7.38,0.3963790070591989,2.3143130244639427,-0.7711831027173658,0.7241822403494209,1.860158171592876,0.0,0.0,27.0,4.0,4
16,Tanger,2026-04-27 00:20:32.389986,35.7595,-5.834,-0.5623470196886926,17.58,0.5693624935421631,0.20130085480523507,2.9331743013041023,80.0,0.0,Clear,clear sky,2.0,5.97,0.2404574071259595,1.017812673562466,-0.6920035769779714,-0.549497582994282,2.649380395307876,0.0,0.0,27.0,4.0,5
17,Agadir,2026-04-27 16:00:33.091502,30.4278,-9.5981,1.776351931231685,25.58,0.422010267072631,-1.012904452604357,0.10141717026014387,264.0,84.0,Clouds,broken clouds,3.0,4.61,-0.49025992137473023,-0.8830712995637595,0.5175763324880573,-0.8255661161328186,1.292627583752876,16.0,0.0,27.0,4.0,0
17,Casablanca,2026-04-27 16:00:16.109167,33.5731,-7.5898,0.801894035014862,22.17,0.27465804060309895,-1.9235584331615512,0.43227539175668894,310.0,40.0,Clouds,scattered clouds,3.0,10.77,1.7362476708922898,-0.5126426278776233,1.1168945313772929,1.9476677849406627,0.5768803022135917,16.0,0.0,27.0,4.0,1
17,Fes,2026-04-27 16:00:26.237039,34.0181,-5.0078,2.0607019402916764,25.95,-1.4198925637965196,-2.5306610868663473,-0.06887750256896022,60.0,75.0,Thunderstorm,thunderstorm,2.0,9.38,4.955103750870012,-1.0780337583459365,0.07082356124302064,-1.08908607958324,-2.2253019752464076,16.0,0.0,27.0,4.0,2
17,Marrakech,2026-04-27 16:00:22.742603,31.6295,-7.9811,2.709275556462219,28.52,-1.3462164505617535,-2.227109760013949,0.6804190578790976,270.0,40.0,Clouds,scattered clouds,3.0,6.75,2.237046707965999,-1.0000487748330655,0.679797799856572,-0.8632118251971646,-0.849547023473551,16.0,0.0,27.0,4.0,3
17,Rabat,2026-04-27 16:00:19.331703,34.0209,-6.8416,1.555900800612142,24.53,-0.38842697850979524,-1.9235584331615512,-0.06887750256896022,300.0,88.0,Clouds,overcast clouds,3.0,14.07,2.4590367824472215,-0.04473272680039855,1.0962949799654176,2.3303991604281795,0.5426764498214494,16.0,0.0,27.0,4.0,4
17,Tanger,2026-04-27 16:00:29.526883,35.7595,-5.834,0.7156305491202569,21.64,-0.38842697850979524,-1.012904452604357,4.6847766504034585,80.0,75.0,Clouds,broken clouds,2.0,6.58,0.37391572571288473,-0.1909545708870312,0.4963330450945615,-0.10402335906618876,2.1869949833400186,16.0,0.0,27.0,4.0,5
18,Agadir,,30.4278,-9.5981,1.6166047351305664,24.95,0.20098192736833292,-1.012904452604357,0.22062344124051675,268.0,72.0,Clouds,broken clouds,3.0,4.615,-0.4222093925903079,-0.844078807807324,0.5716501549442292,-0.8192918312887609,1.3306318641885917,14.555891238670695,2.881168177240685,13.362537764350453,4.628398791540786,0
18,Casablanca,2026-04-27 17:00:35.293509,33.5731,-7.5898,0.801894035014862,22.04,-0.09372252557073117,-1.9235584331615512,0.43227539175668894,320.0,40.0,Clouds,scattered clouds,3.0,10.08,1.5776833319771306,-0.3274282920345551,0.9817099752368642,1.82218208805951,0.6921599528685912,17.0,0.0,27.0,4.0,1
18,Fes,2026-04-27 17:00:45.074830,34.0181,-5.0078,2.380196332493914,27.37,-1.4198925637965196,-2.227109760013949,0.43227539175668894,90.0,75.0,Thunderstorm,thunderstorm,2.0,8.66,4.022216890252494,-0.8148344389899976,-0.3051182520236965,-1.0639889402070093,-2.213900691115693,17.0,0.0,27.0,4.0,2
18,Marrakech,2026-04-27 17:00:41.739071,31.6295,-7.9811,2.7220553321503083,28.56,-1.3462164505617535,-2.227109760013949,1.4297156183271555,260.0,40.0,Clouds,scattered clouds,3.0,6.87,2.019020741957656,-0.8830712995637595,0.6019057460804205,-0.7502746980041267,-0.6316558156421227,17.0,0.0,27.0,4.0,3
18,Rabat,2026-04-27 17:00:38.514189,34.0209,-6.8416,1.2364064084099047,23.54,-0.09372252557073117,-1.9235584331615512,-0.06887750256896022,300.0,92.0,Clouds,overcast clouds,3.0,14.53,2.3163288774235786,0.6181396330590031,0.9295673607255558,2.7884219540443884,0.7833702259143053,17.0,0.0,27.0,4.0,4
18,Tanger,2026-04-27 17:00:48.292480,35.7595,-5.834,0.3961361569180195,20.65,-0.09372252557073117,-1.316455779456755,4.937785878606699,80.0,75.0,Clouds,broken clouds,3.0,6.59,0.3567379223304091,0.004007887895145729,0.5536255474588386,-0.1855890620389383,2.238934166602161,17.0,0.0,27.0,4.0,5
19,Agadir,2026-04-27 18:03:10.136511,30.4278,-9.5981,1.4568575390294478,24.32,-0.020046412335965148,-1.012904452604357,0.33982971222088965,272.0,60.0,Clouds,broken clouds,3.0,4.62,-0.3541588638058857,-0.8050863160508888,0.6257239774004011,-0.8130175464447034,1.3686361446243056,18.0,0.0,27.0,4.0,0
19,Casablanca,2026-04-27 18:02:52.890374,33.5731,-7.5898,0.801894035014862,22.3,0.643038606776929,-1.9235584331615512,-0.06887750256896022,340.0,40.0,Clouds,scattered clouds,3.0,9.89,1.6345022200883963,-0.16171020206970463,0.8323632275007707,1.6465021124258958,0.8847149737428763,18.0,0.0,27.0,4.0,1
19,Fes,2026-04-27 18:03:03.115475,34.0181,-5.0078,2.380196332493914,27.37,-1.4198925637965196,-2.5306610868663473,-0.06887750256896022,100.0,75.0,Thunderstorm,thunderstorm,2.0,8.29,3.2967850397156435,-0.3274282920345551,-0.8754683317399827,-1.032617515986721,-2.111289133939264,18.0,0.0,27.0,4.0,2
19,Marrakech,2026-04-27 18:02:59.794418,31.6295,-7.9811,1.7507923798555067,25.02,-0.9041597711531574,-2.227109760013949,2.9331743013041023,270.0,75.0,Clouds,broken clouds,2.0,7.36,1.9807010267198257,-0.6686125949033649,0.4834583254621395,-0.6247890011229738,-0.2744155795464077,18.0,0.0,27.0,4.0,3
19,Rabat,2026-04-27 18:02:56.259988,34.0209,-6.8416,1.555900800612142,24.43,-0.6831314314488593,-1.9235584331615512,0.17926616355344865,330.0,90.0,Clouds,overcast clouds,3.0,15.57,2.320292985896457,1.466226328761473,0.72550305455167,3.2464447476605964,1.2596905407085914,18.0,0.0,27.0,4.0,4
19,Tanger,2026-04-27 18:03:06.552196,35.7595,-5.834,0.07664176471578214,19.68,0.27465804060309895,-1.316455779456755,4.6847766504034585,80.0,75.0,Clouds,broken clouds,2.0,7.0,0.4095927019687954,0.5206584036679147,0.4377530707670425,-0.23578334079139954,2.346612961170019,18.0,0.0,27.0,4.0,5
20,Agadir,2026-04-27 19:03:28.681915,30.4278,-9.5981,1.1373631468272103,23.3,0.20098192736833292,-1.012904452604357,0.5003932608883305,266.0,51.0,Clouds,broken clouds,3.0,5.34,-0.07006442324955976,-0.8148344389899976,0.6579107764814556,-0.7941946919125303,1.3040288678835907,19.0,0.0,27.0,4.0,0
20,Casablanca,2026-04-27 19:03:12.346694,33.5731,-7.5898,0.40891593260610987,20.95,0.643038606776929,-1.9235584331615512,-0.06887750256896022,340.0,40.0,Clouds,scattered clouds,3.0,9.77,1.7151057590369352,-0.06422897267861627,0.6907413115441307,1.3892564338195321,1.0684023291821623,19.0,0.0,27.0,4.0,1
20,Fes,2026-04-27 19:03:22.114261,34.0181,-5.0078,2.0670918281357213,25.97,-1.1988642240922216,-2.5306610868663473,-0.5700303968946092,80.0,75.0,Thunderstorm,thunderstorm,2.0,7.89,2.7708799823137,0.11123724022534294,-1.2797345281980277,-1.0012460917664328,-1.980807771109978,19.0,0.0,27.0,4.0,2
20,Marrakech,2026-04-27 19:03:18.865813,31.6295,-7.9811,1.4312979876532692,24.0,-0.6831314314488593,-1.9235584331615512,2.4320214069784534,290.0,75.0,Rain,moderate rain,2.0,7.3,1.6860356302358226,-0.3956651526083171,0.32574300996497213,-0.5432232981502243,0.04228675741787785,19.0,0.0,27.0,4.0,3
20,Rabat,2026-04-27 19:03:15.599859,34.0209,-6.8416,1.555900800612142,24.35,-0.9041597711531574,-2.227109760013949,0.17926616355344865,350.0,80.0,Clouds,broken clouds,2.0,15.83,2.301793813023022,2.109602442742657,0.48152711751727617,3.2276218931284233,1.6524014385443049,19.0,0.0,27.0,4.0,4
20,Tanger,2026-04-27 19:03:25.389357,35.7595,-5.834,0.07664176471578214,19.68,0.27465804060309895,-1.316455779456755,4.6847766504034585,80.0,75.0,Clouds,broken clouds,2.0,7.57,0.5073740442998099,1.2127751323446427,0.18862724587968013,-0.24833191047951486,2.4783611333471627,19.0,0.0,27.0,4.0,5
21,Agadir,2026-04-27 20:03:48.163027,30.4278,-9.5981,0.4983743624227356,21.23,0.5693624935421631,-0.709353125751959,0.1452072289876277,266.0,0.0,Clear,clear sky,3.0,6.38,0.29199081727338594,-0.844078807807324,0.6759353839668462,-0.7879204070684727,1.1722806957064489,20.0,0.0,27.0,4.0,0
21,Casablanca,2026-04-27 20:03:30.949467,33.5731,-7.5898,0.4823996428126246,21.2,0.643038606776929,-1.620007106309153,-0.8230396250978494,310.0,40.0,Clouds,scattered clouds,2.0,9.66,1.737569040383249,0.05274850259069001,0.46993986984809705,1.0441707673963612,1.0924717067914478,20.0,0.0,27.0,4.0,1
21,Fes,2026-04-27 20:03:41.496780,34.0181,-5.0078,1.1022187636849645,23.21,0.27465804060309895,-2.227109760013949,-0.06887750256896022,90.0,75.0,Thunderstorm,thunderstorm,2.0,7.16,2.15776453850842,0.4719177889723704,-1.6737009489501347,-0.9824232372342598,-2.028946526328551,20.0,0.0,27.0,4.0,2
21,Marrakech,2026-04-27 20:03:38.063874,31.6295,-7.9811,0.7923092032487945,21.9,-0.38842697850979524,-1.316455779456755,1.4297156183271555,290.0,75.0,Rain,moderate rain,2.0,6.93,1.3186949117490385,-0.1227177103132694,0.022543362621438846,-0.5306747284621091,0.10562722481073496,20.0,0.0,27.0,4.0,3
21,Rabat,2026-04-27 20:03:34.548580,34.0209,-6.8416,0.9169120162076673,22.44,-0.09372252557073117,-1.9235584331615512,-0.5700303968946092,320.0,8.0,Clear,clear sky,2.0,15.35,2.1432294741078635,2.5677642208807727,0.13326595146026637,3.0331190629626366,1.824687509852876,20.0,0.0,27.0,4.0,4
21,Tanger,2026-04-27 20:03:44.729982,35.7595,-5.834,-0.24285262748645525,18.55,0.20098192736833292,-1.316455779456755,3.6824708617521607,90.0,75.0,Clouds,broken clouds,2.0,8.0,0.5998699086669858,1.8171587545693912,-0.16542754401191972,-0.26715476501168767,2.5049641296521603,20.0,0.0,27.0,4.0,5
22,Agadir,2026-04-27 21:04:06.810389,30.4278,-9.5981,-0.4601088141839766,18.09,1.0114191729507591,-0.405801798899561,-0.015356319679813083,266.0,0.0,Clear,clear sky,3.0,7.23,0.5840134747754699,-0.902567545441977,0.679797799856572,-0.7879204070684727,1.0785368039650192,21.0,0.0,27.0,4.0,0
22,Casablanca,2026-04-27 21:03:50.361412,33.5731,-7.5898,0.16290525061038724,20.23,1.0114191729507591,-1.316455779456755,0.17926616355344865,300.0,40.0,Rain,light rain,2.0,9.85,1.8393144911871426,0.14048160904266951,0.29548741882878093,0.7179079555053635,1.2508228752735906,21.0,0.0,27.0,4.0,1
22,Fes,2026-04-27 21:04:00.255102,34.0181,-5.0078,0.782724371482727,22.11,0.27465804060309895,-1.9235584331615512,-0.06887750256896022,120.0,75.0,Thunderstorm,thunderstorm,2.0,6.6,1.670179196344307,0.6961246165718739,-1.9672445565693526,-0.9886975220783175,-1.8503264082806923,21.0,0.0,27.0,4.0,2
22,Marrakech,2026-04-27 21:03:57.003836,31.6295,-7.9811,0.15332041884431974,19.94,0.27465804060309895,-1.012904452604357,0.6804190578790976,260.0,75.0,Rain,moderate rain,2.0,6.64,1.071598816939583,0.043000379651581155,-0.1467592005449077,-0.549497582994282,0.34378738220787713,21.0,0.0,27.0,4.0,3
22,Rabat,2026-04-27 21:03:53.713948,34.0209,-6.8416,0.2779232318031925,20.63,1.0114191729507591,-1.620007106309153,-0.8230396250978494,250.0,6.0,Clear,clear sky,2.0,15.05,2.057340457195486,2.5287717291243372,-0.08174186640117813,2.4370620027771595,2.11985408790359,21.0,0.0,27.0,4.0,4
22,Tanger,2026-04-27 21:04:03.532526,35.7595,-5.834,-0.24285262748645525,18.55,0.20098192736833292,-1.316455779456755,4.436632984281049,80.0,75.0,Clouds,broken clouds,2.0,8.26,0.6751879696516861,1.9438843527778062,-0.5162636539954143,-0.29852618923197594,2.584773118567163,21.0,0.0,27.0,4.0,5
23,Agadir,2026-04-27 22:04:25.975647,30.4278,-9.5981,-0.4601088141839766,18.19,1.3061236258898232,-0.405801798899561,-0.07374306464979166,270.0,0.0,Clear,clear sky,3.0,7.58,0.7002939899799195,-0.9415600371984125,0.6385986970328221,-0.800468976756588,0.9835261028757336,22.0,0.0,27.0,4.0,0
23,Casablanca,2026-04-27 22:04:09.002799,33.5731,-7.5898,0.15971030668836436,20.22,1.0114191729507591,-1.316455779456755,-0.06887750256896022,260.0,18.0,Clouds,few clouds,2.0,10.07,1.9503095284277536,0.16972597785999607,0.15837165474348894,0.48575941627523034,1.3889050941900194,22.0,0.0,27.0,4.0,1
23,Fes,2026-04-27 22:04:19.190047,34.0181,-5.0078,0.46322997928048965,21.01,0.27465804060309895,-1.9235584331615512,0.43227539175668894,100.0,75.0,Thunderstorm,thunderstorm,2.0,6.18,1.277732457529289,0.8228502147802889,-2.1487781033865003,-1.0012460917664328,-1.6805739556678365,22.0,0.0,27.0,4.0,2
23,Marrakech,2026-04-27 22:04:15.712184,31.6295,-7.9811,-0.16617397335791764,18.81,0.20098192736833292,-0.405801798899561,0.17926616355344865,290.0,75.0,Rain,moderate rain,2.0,6.47,0.9421046068255365,0.1209853631644518,-0.2607004692918414,-0.5808690072145702,0.5414096404735916,22.0,0.0,27.0,4.0,3
23,Rabat,2026-04-27 22:04:12.423666,34.0209,-6.8416,0.2779232318031925,20.76,1.3797997391245893,-1.620007106309153,-0.5700303968946092,220.0,4.0,Clear,clear sky,2.0,14.84,2.026948958903414,2.1778393033164187,-0.16220886410381447,1.7406163850867602,2.384617241605733,22.0,0.0,27.0,4.0,4
23,Tanger,2026-04-27 22:04:22.579516,35.7595,-5.834,-0.24285262748645525,18.55,0.20098192736833292,-1.316455779456755,4.937785878606699,80.0,20.0,Clouds,few clouds,2.0,8.39,0.7240786408171935,1.91463998396048,-0.8284756050816429,-0.3487204679844372,2.654447632699304,22.0,0.0,27.0,4.0,5
24,Agadir,2026-04-27 23:04:45.470150,30.4278,-9.5981,-0.4601088141839766,18.19,1.3061236258898232,-0.10225047204716294,-0.48731584152047297,276.0,0.0,Clear,clear sky,3.0,7.23,0.5985485391760261,-0.9805525289548479,0.5658565311096392,-0.838114685820934,0.9214524448307342,23.0,0.0,27.0,4.0,0
24,Casablanca,2026-04-27 23:04:28.184479,33.5731,-7.5898,0.15971030668836436,20.22,1.0114191729507591,-0.405801798899561,-0.5700303968946092,210.0,38.0,Rain,moderate rain,2.0,10.15,1.9582377453735118,0.16972597785999607,-0.01929947618393241,0.3539994345500197,1.2938943931007338,23.0,0.0,27.0,4.0,1
24,Fes,2026-04-27 23:04:38.816830,34.0181,-5.0078,0.782724371482727,21.98,-0.09372252557073117,-1.9235584331615512,0.17926616355344865,350.0,75.0,Thunderstorm,thunderstorm,1.0,6.0,1.063670599993825,0.9203314441713774,-2.377948112843608,-1.020068946298606,-1.7692506100178351,23.0,0.0,27.0,4.0,2
24,Marrakech,2026-04-27 23:04:34.896728,31.6295,-7.9811,-0.485668365560155,17.84,0.5693624935421631,-0.405801798899561,0.6804190578790976,280.0,75.0,Rain,moderate rain,2.0,6.28,0.8284668306030062,0.09174099434712545,-0.39073513757930145,-0.6185147162789161,0.5186070722121622,23.0,0.0,27.0,4.0,3
24,Rabat,2026-04-27 23:04:31.565652,34.0209,-6.8416,0.2779232318031925,20.92,1.8218564185331854,-1.316455779456755,1.1815719522047468,210.0,3.0,Rain,light rain,2.0,14.14,1.7441758878380476,1.778166262812956,-0.3147742917480123,1.477096421636339,2.219932026384305,23.0,0.0,27.0,4.0,4
24,Tanger,2026-04-27 23:04:42.177560,35.7595,-5.834,-0.23326779572038778,18.58,0.20098192736833292,-1.316455779456755,4.6847766504034585,70.0,20.0,Clouds,few clouds,2.0,8.51,0.7584342475821443,1.8464031233867182,-1.1091444930684384,-0.36126903767255253,2.662048488786447,23.0,0.0,27.0,4.0,5
25,Agadir,2026-04-28 00:05:07.209497,30.4278,-9.5981,-0.4601088141839766,18.19,1.3061236258898232,-0.10225047204716294,-0.38513903782301057,272.0,11.0,Clouds,few clouds,3.0,6.66,0.42544913586031113,-1.0097968977721745,0.522726220341026,-0.8694861100412221,0.8568451680900193,0.0,1.0,28.0,4.0,0
25,Casablanca,2026-04-28 00:04:47.396818,33.5731,-7.5898,0.15971030668836436,20.07,0.5693624935421631,-0.709353125751959,-0.5700303968946092,250.0,50.0,Rain,moderate rain,2.0,10.25,1.9780582877379065,0.08199287140801659,-0.10105394584981066,0.19714231344857844,1.3521676231021615,0.0,1.0,28.0,4.0,1
25,Fes,2026-04-28 00:04:58.925922,34.0181,-5.0078,0.14373558707825226,20.14,0.9377430597159931,-1.9235584331615512,-0.8230396250978494,110.0,75.0,Thunderstorm,thunderstorm,1.0,6.18,1.0570637525390267,0.9690720588669215,-2.5935996666866736,-1.0388918008307786,-1.7109773800164074,0.0,1.0,28.0,4.0,2
25,Marrakech,2026-04-28 00:04:55.579437,31.6295,-7.9811,-0.48886330948217793,17.83,0.5693624935421631,-0.405801798899561,0.6804190578790976,270.0,75.0,Rain,light rain,2.0,6.05,0.7108649459075967,-0.005740235043963127,-0.43129050442142985,-0.6498861404992045,0.6250190574321626,0.0,1.0,28.0,4.0,3
25,Rabat,2026-04-28 00:04:50.798306,34.0209,-6.8416,0.5974176240054299,21.6,0.643038606776929,-1.316455779456755,1.1815719522047468,210.0,75.0,Rain,moderate rain,2.0,13.29,1.4455463828811652,1.4077375911268197,-0.46669598341058965,1.3076907308467827,2.04891276442359,0.0,1.0,28.0,4.0,4
25,Tanger,2026-04-28 00:05:02.608757,35.7595,-5.834,-0.24285262748645525,18.55,0.20098192736833292,-1.620007106309153,5.687082439054756,70.0,75.0,Clouds,broken clouds,2.0,9.03,0.9117131085334643,1.6124481728481055,-1.1664369954327154,-0.27970333469980296,2.6519140140035917,0.0,1.0,28.0,4.0,5
26,Agadir,2026-04-28 10:31:54.143332,30.4278,-9.5981,-0.1406144219817392,19.08,0.7167147200116951,-0.10225047204716294,-0.30729004452970576,262.0,96.0,Clouds,overcast clouds,2.0,1.87,-0.8681715957891917,-1.0097968977721745,0.3109370823876877,-1.020068946298606,0.7504331828700189,10.0,1.0,28.0,4.0,0
26,Casablanca,2026-04-28 10:31:37.518560,33.5731,-7.5898,0.15971030668836436,19.96,0.27465804060309895,-0.709353125751959,-0.8230396250978494,260.0,75.0,Clouds,broken clouds,2.0,4.64,0.23913603763499966,-0.46390201318207896,0.2105142692547974,-0.5306747284621091,0.8745804989600194,10.0,1.0,28.0,4.0,1
26,Fes,2026-04-28 10:31:47.400406,34.0181,-5.0078,-0.17575880512398512,18.91,0.5693624935421631,-0.709353125751959,0.6804190578790976,270.0,40.0,Rain,light rain,2.0,4.6,-0.16916713507153394,-0.5321388737558409,-0.958510273369103,-0.8945832494174527,-0.584783869771408,10.0,1.0,28.0,4.0,2
26,Marrakech,2026-04-28 10:31:44.119304,31.6295,-7.9811,-1.4441515421668671,14.83,1.3797997391245893,-0.405801798899561,-1.0711832912202583,0.0,75.0,Rain,light rain,2.0,3.58,-0.24052108758335522,-0.24944330852168434,-0.38172283383660616,-0.8506632555090492,0.20697197263930597,10.0,1.0,28.0,4.0,3
26,Rabat,2026-04-28 10:31:40.809089,34.0209,-6.8416,0.5910277361613853,21.58,0.643038606776929,-1.012904452604357,-0.06887750256896022,210.0,75.0,Clouds,broken clouds,2.0,4.08,-0.021173752084052366,0.26720720725108466,-0.16220886410381447,0.19086802860452065,0.7985719380885916,10.0,1.0,28.0,4.0,4
26,Tanger,2026-04-28 10:31:50.895435,35.7595,-5.834,0.3961361569180195,20.78,0.27465804060309895,-0.709353125751959,-0.5700303968946092,130.0,75.0,Clouds,broken clouds,2.0,7.41,0.3065258816739423,1.2322713782228603,0.25621952394989445,1.539839270076916,2.1869949833400186,10.0,1.0,28.0,4.0,5
27,Agadir,2026-04-28 11:32:15.940099,30.4278,-9.5981,0.1788799702204982,20.13,0.5693624935421631,-0.10225047204716294,-0.26349998580222195,266.0,97.0,Clouds,overcast clouds,2.0,1.91,-0.8483510534247969,-1.0585375124677188,0.29162500293905425,-1.020068946298606,0.7048280463471619,11.0,1.0,28.0,4.0,0
27,Casablanca,2026-04-28 11:31:57.008573,33.5731,-7.5898,0.7475799883404811,21.75,-0.38842697850979524,-0.709353125751959,-0.5700303968946092,280.0,75.0,Clouds,broken clouds,2.0,4.66,0.23517192916212076,-0.6198719802078205,0.288406323030949,-0.4867547345537055,0.7098952837385912,11.0,1.0,28.0,4.0,1
27,Fes,2026-04-28 11:32:08.514174,34.0181,-5.0078,0.46322997928048965,20.88,-0.09372252557073117,-0.709353125751959,-0.32188673077220054,280.0,40.0,Rain,light rain,2.0,4.23,-0.35680160278780493,-0.7271013325380179,-0.8059448457249051,-0.9196803887936833,-0.5670485389014078,11.0,1.0,28.0,4.0,2
27,Marrakech,2026-04-28 11:32:04.564134,31.6295,-7.9811,-1.4441515421668671,14.99,1.8218564185331854,-0.405801798899561,-0.8230396250978494,260.0,75.0,Clouds,broken clouds,2.0,3.32,-0.35283749431492606,-0.30793204615633746,-0.3430986749393411,-0.838114685820934,0.09549275002787803,11.0,1.0,28.0,4.0,3
27,Rabat,2026-04-28 11:32:01.192915,34.0209,-6.8416,0.9169120162076673,22.7,0.643038606776929,-1.012904452604357,-0.06887750256896022,260.0,75.0,Clouds,broken clouds,2.0,3.68,-0.1599175486348163,0.05274850259069001,-0.05792363508119748,0.1845937437604631,0.619951820040735,11.0,1.0,28.0,4.0,4
27,Tanger,2026-04-28 11:32:12.313312,35.7595,-5.834,1.0351249413224943,22.85,-0.09372252557073117,-1.012904452604357,-0.32188673077220054,170.0,75.0,Clouds,broken clouds,3.0,6.76,0.26820616643611217,0.6766283706936562,0.5195075404329207,1.4143535731957626,1.980505059639305,11.0,1.0,28.0,4.0,5
28,Agadir,2026-04-28 12:32:34.185377,30.4278,-9.5981,0.817868754624973,22.31,0.49568638030739703,-0.10225047204716294,0.15007279106845936,268.0,97.0,Clouds,overcast clouds,2.0,2.03,-0.8087099686960073,-1.097530004224154,0.24205733235423052,-1.020068946298606,0.6604897191721627,12.0,1.0,28.0,4.0,0
28,Casablanca,2026-04-28 12:32:17.942056,33.5731,-7.5898,0.7475799883404811,21.86,-0.09372252557073117,-0.709353125751959,-0.32188673077220054,300.0,75.0,Clouds,broken clouds,2.0,4.6,0.20081632239716976,-0.717353209598909,0.3508487132481947,-0.4553833103334172,0.5680126367785908,12.0,1.0,28.0,4.0,1
28,Fes,2026-04-28 12:32:27.686631,34.0181,-5.0078,0.782724371482727,21.87,-0.38842697850979524,-1.012904452604357,-0.32188673077220054,50.0,40.0,Clouds,scattered clouds,2.0,3.78,-0.5246155281396813,-0.844078807807324,-0.7911389181476197,-0.9447775281699139,-0.620254531511408,12.0,1.0,28.0,4.0,2
28,Marrakech,2026-04-28 12:32:24.463983,31.6295,-7.9811,-0.485668365560155,17.97,0.9377430597159931,-0.709353125751959,-0.5700303968946092,240.0,75.0,Clouds,broken clouds,2.0,3.08,-0.4426906197001826,-0.3859170296692082,-0.3096244038950437,-0.8130175464447034,0.028351854591449357,12.0,1.0,28.0,4.0,3
28,Rabat,2026-04-28 12:32:21.184590,34.0209,-6.8416,0.9169120162076673,22.7,0.643038606776929,-1.012904452604357,-0.32188673077220054,260.0,75.0,Clouds,broken clouds,2.0,3.58,-0.2180578062370411,-0.08372521855683399,0.04056797010682946,0.2536108770450972,0.4730019356893051,12.0,1.0,28.0,4.0,4
28,Tanger,2026-04-28 12:32:30.918342,35.7595,-5.834,1.0351249413224943,22.85,-0.09372252557073117,-1.012904452604357,-0.06887750256896022,200.0,75.0,Clouds,broken clouds,3.0,6.9,0.4122354409507146,0.1209853631644518,0.8420192672250875,1.3327878702230134,1.8538241248535907,12.0,1.0,28.0,4.0,5
29,Agadir,2026-04-28 13:49:53.431796,30.4278,-9.5981,1.1373631468272103,23.35,0.348334153837865,-0.405801798899561,0.7679991753340653,268.0,38.0,Clouds,scattered clouds,2.0,2.22,-0.7492483416028227,-1.107278127163263,0.2092267972915555,-1.020068946298606,0.6528888630850195,13.0,1.0,28.0,4.0,0
29,Casablanca,2026-04-28 13:49:35.552871,33.5731,-7.5898,0.801894035014862,22.04,-0.09372252557073117,-1.012904452604357,0.17926616355344865,320.0,75.0,Clouds,broken clouds,2.0,4.1,-0.0013532097196574837,-0.7953381931117799,0.4435466946016316,-0.4867547345537055,0.5528109246043063,13.0,1.0,28.0,4.0,1
29,Fes,2026-04-28 13:49:46.165732,34.0181,-5.0078,0.782724371482727,22.11,0.27465804060309895,-1.316455779456755,0.17926616355344865,330.0,40.0,Clouds,scattered clouds,2.0,3.08,-0.6065404365791799,-0.970804406015739,-0.4480276399435785,-0.9949718069223752,-0.6367230530335503,13.0,1.0,28.0,4.0,2
29,Marrakech,2026-04-28 13:49:42.781125,31.6295,-7.9811,0.15332041884431974,19.94,0.27465804060309895,-0.709353125751959,-0.32188673077220054,280.0,75.0,Clouds,broken clouds,2.0,2.96,-0.4360837722453843,-0.5808794884513852,-0.12100976128006462,-0.7941946919125303,-0.01852009127926548,13.0,1.0,28.0,4.0,3
29,Rabat,2026-04-28 13:49:39.253180,34.0209,-6.8416,0.9169120162076673,22.7,0.643038606776929,-1.012904452604357,0.17926616355344865,270.0,0.0,Clear,clear sky,2.0,3.41,-0.35812297227876466,-0.30793204615633746,0.2626568837661059,0.23478802251292438,0.4755355543850207,13.0,1.0,28.0,4.0,4
29,Tanger,2026-04-28 13:49:49.950405,35.7595,-5.834,0.3961361569180195,20.78,0.27465804060309895,-1.012904452604357,0.6804190578790976,270.0,75.0,Clouds,broken clouds,3.0,7.83,0.6897230340522422,-0.3274282920345551,1.1780494496312968,1.1822050339656294,1.779082373330019,13.0,1.0,28.0,4.0,5
30,Agadir,2026-04-28 15:28:43.554925,30.4278,-9.5981,1.1373631468272103,23.22,-0.020046412335965148,-0.709353125751959,1.356732187114682,272.0,32.0,Clouds,scattered clouds,2.0,3.2,-0.7281064297474682,-1.0585375124677188,0.40492253570436654,-1.0012460917664328,0.8619124054814487,15.0,1.0,28.0,4.0,0
30,Casablanca,2026-04-28 15:28:26.556177,33.5731,-7.5898,0.16290525061038724,20.08,0.5693624935421631,-1.012904452604357,0.43227539175668894,330.0,75.0,Clouds,broken clouds,3.0,3.06,-0.40040679598947354,-0.7953381931117799,0.5066328208004988,-0.4993033042418208,0.49073726655930516,15.0,1.0,28.0,4.0,1
30,Fes,2026-04-28 15:28:36.692299,34.0181,-5.0078,1.1022187636849645,22.97,-0.38842697850979524,-1.620007106309153,-0.06887750256896022,320.0,75.0,Clouds,broken clouds,2.0,4.48,-0.06610031477668064,-1.0682856354068275,-0.1828084155156889,-0.9824232372342598,-1.1510476482635503,15.0,1.0,28.0,4.0,2
30,Marrakech,2026-04-28 15:28:33.313671,31.6295,-7.9811,0.47281481104655715,20.91,-0.09372252557073117,-1.012904452604357,-0.32188673077220054,310.0,75.0,Clouds,broken clouds,2.0,3.37,-0.322445996022854,-0.7465975784162355,-0.04698012339363883,-0.7690975525362997,-0.20347425606640746,15.0,1.0,28.0,4.0,3
30,Rabat,2026-04-28 15:28:29.932914,34.0209,-6.8416,0.9169120162076673,22.57,0.27465804060309895,-1.012904452604357,0.43227539175668894,270.0,75.0,Clouds,broken clouds,2.0,2.78,-0.5404719620311972,-0.4444057673038612,0.28969379499419184,0.12812518016394422,0.2563775372057346,15.0,1.0,28.0,4.0,4
30,Tanger,2026-04-28 15:28:39.970432,35.7595,-5.834,0.3961361569180195,20.91,0.643038606776929,-1.012904452604357,-0.06887750256896022,240.0,75.0,Clouds,broken clouds,3.0,8.04,0.5509792375014786,-0.42490952142564364,1.3235337814776627,1.1320107552131682,1.8753598837671626,15.0,1.0,28.0,4.0,5
31,Agadir,2026-04-28 16:29:02.352102,30.4278,-9.5981,0.817868754624973,22.04,-0.2410747520402632,-1.012904452604357,1.775170526066195,275.0,30.0,Clouds,scattered clouds,2.0,3.49,-0.6686448026542837,-1.04878938952861,0.43260318291407385,-0.9949718069223752,0.8568451680900193,16.0,1.0,28.0,4.0,0
31,Casablanca,2026-04-28 16:28:45.660768,33.5731,-7.5898,-0.15658914159185017,19.11,0.9377430597159931,-1.012904452604357,0.6804190578790976,330.0,75.0,Clouds,broken clouds,3.0,3.61,-0.3184818875499749,-0.8050863160508888,0.5388196198815532,-0.4302861709571866,0.4235963711228765,16.0,1.0,28.0,4.0,1
31,Fes,2026-04-28 16:28:55.662790,34.0181,-5.0078,1.1022187636849645,22.87,-0.6831314314488593,-1.9235584331615512,-0.06887750256896022,340.0,75.0,Rain,light rain,2.0,4.15,-0.2101295892912831,-1.04878938952861,-0.23173235011889215,-0.9824232372342598,-1.1320455080456941,16.0,1.0,28.0,4.0,2
31,Marrakech,2026-04-28 16:28:52.212329,31.6295,-7.9811,0.7923092032487945,21.9,-0.38842697850979524,-1.316455779456755,-0.32188673077220054,250.0,75.0,Clouds,broken clouds,2.0,3.51,-0.2841262807850239,-0.8050863160508888,-0.04698012339363883,-0.7377261283160115,-0.33268880954783725,16.0,1.0,28.0,4.0,3
31,Rabat,2026-04-28 16:28:48.925143,34.0209,-6.8416,0.5974176240054299,21.6,0.643038606776929,-1.316455779456755,0.17926616355344865,300.0,75.0,Clouds,broken clouds,2.0,3.24,-0.479688965447053,-0.30793204615633746,0.3547111291379214,0.4606622768989997,0.1905034511171637,16.0,1.0,28.0,4.0,4
31,Tanger,2026-04-28 16:28:59.073379,35.7595,-5.834,0.07664176471578214,19.94,1.0114191729507591,-1.316455779456755,-0.06887750256896022,260.0,75.0,Clouds,broken clouds,3.0,8.71,0.8033608102747726,-0.5808794884513852,1.4033570431986784,0.793199373634055,1.7740151359385914,16.0,1.0,28.0,4.0,5
32,Agadir,2026-04-28 17:19:54.269928,30.4278,-9.5981,0.4983743624227356,20.92,-0.3147508652750292,-1.012904452604357,2.344441289523486,289.0,23.0,Clouds,few clouds,2.0,3.65,-0.64486015181701,-1.0292931436503923,0.4918268932232134,-0.9949718069223752,0.8543115493943055,17.0,1.0,28.0,4.0,0
32,Casablanca,2026-04-28 17:19:37.016055,33.5731,-7.5898,-0.17575880512398512,18.91,0.5693624935421631,-1.012904452604357,-0.06887750256896022,330.0,75.0,Clouds,broken clouds,3.0,4.72,-0.1506679621980987,-0.6686125949033649,0.5858123465398931,-0.26715476501168767,0.4970713132985905,17.0,1.0,28.0,4.0,1
32,Fes,2026-04-28 17:19:47.572215,34.0181,-5.0078,1.108608651529009,22.99,-0.38842697850979524,-1.9235584331615512,0.43227539175668894,330.0,75.0,Rain,light rain,2.0,3.75,-0.3739794061702805,-0.970804406015739,-0.252975637512388,-0.9824232372342598,-1.0104318106514076,17.0,1.0,28.0,4.0,2
32,Marrakech,2026-04-28 17:19:44.164609,31.6295,-7.9811,0.46961986712453424,20.9,-0.09372252557073117,-1.620007106309153,-0.06887750256896022,210.0,75.0,Clouds,broken clouds,2.0,3.6,-0.3052681926403784,-0.7271013325380179,0.03670555421710277,-0.7063547040957233,-0.15153507280426504,17.0,1.0,28.0,4.0,3
32,Rabat,2026-04-28 17:19:40.935026,34.0209,-6.8416,0.2779232318031925,20.76,1.3797997391245893,-1.316455779456755,0.17926616355344865,300.0,75.0,Clouds,broken clouds,2.0,4.37,-0.322445996022854,0.19897034667732263,0.40556627168598797,0.8559422220746316,0.3830584719914488,17.0,1.0,28.0,4.0,4
32,Tanger,2026-04-28 17:19:51.046966,35.7595,-5.834,-0.24285262748645525,18.97,1.3797997391245893,-1.316455779456755,-0.5700303968946092,250.0,75.0,Clouds,broken clouds,3.0,8.91,1.0279936237379144,-0.6003757343296029,1.3570080525219599,0.33517658001784656,1.6562018665878764,17.0,1.0,28.0,4.0,5
33,Agadir,2026-04-28 18:20:13.564077,30.4278,-9.5981,0.817868754624973,22.02,-0.3147508652750292,-1.012904452604357,2.047642002592762,293.0,18.0,Clouds,few clouds,3.0,3.85,-0.6065404365791799,-1.0000487748330655,0.5368884119366899,-0.9886975220783175,0.8543115493943055,18.0,1.0,28.0,4.0,0
33,Casablanca,2026-04-28 18:19:56.599408,33.5731,-7.5898,-0.17575880512398512,18.91,0.5693624935421631,-1.012904452604357,0.17926616355344865,320.0,75.0,Clouds,broken clouds,3.0,6.21,0.12285552243055009,-0.4444057673038612,0.5710064189626078,-0.07265193484590063,0.5819475396050192,18.0,1.0,28.0,4.0,1
33,Fes,2026-04-28 18:20:07.124533,34.0181,-5.0078,1.1022187636849645,22.97,-0.38842697850979524,-1.620007106309153,0.43227539175668894,340.0,75.0,Rain,light rain,2.0,3.38,-0.518008680684883,-0.8343306848682153,-0.34181120297609824,-0.9761489523902023,-0.9065534441271228,18.0,1.0,28.0,4.0,2
33,Marrakech,2026-04-28 18:20:03.697763,31.6295,-7.9811,0.47281481104655715,20.8,-0.38842697850979524,-1.620007106309153,-0.32188673077220054,240.0,75.0,Clouds,broken clouds,2.0,3.48,-0.39115720955275607,-0.5321388737558409,0.01417479486036496,-0.7000804192516655,-0.07425970258497945,18.0,1.0,28.0,4.0,3
33,Rabat,2026-04-28 18:19:59.829622,34.0209,-6.8416,-0.041571160399044876,19.82,1.8218564185331854,-1.316455779456755,-0.06887750256896022,300.0,75.0,Clouds,broken clouds,2.0,5.96,-0.03570881648460874,0.7838577230238534,0.3862541922373554,1.1006393309928801,0.5857479676485908,18.0,1.0,28.0,4.0,4
33,Tanger,2026-04-28 18:20:10.341589,35.7595,-5.834,0.07664176471578214,19.94,1.0114191729507591,-1.316455779456755,-0.5700303968946092,260.0,75.0,Clouds,broken clouds,3.0,9.08,1.2328058948366607,-0.48339825906029665,1.2237547043263937,-0.003634801561266411,1.576392877672877,18.0,1.0,28.0,4.0,5
34,Agadir,2026-04-28 19:20:43.743168,30.4278,-9.5981,0.1788799702204982,19.87,-0.16739863880549719,-1.012904452604357,1.702187094853722,292.0,14.0,Clouds,few clouds,3.0,4.11,-0.5404719620311972,-0.9903006518939568,0.6115617858047372,-0.9824232372342598,0.888515401786448,19.0,1.0,28.0,4.0,0
34,Casablanca,2026-04-28 19:20:17.657223,33.5731,-7.5898,-0.17575880512398512,18.91,0.5693624935421631,-1.012904452604357,-0.06887750256896022,330.0,75.0,Clouds,broken clouds,3.0,7.47,0.376558464694804,-0.2104508167652489,0.5085640287453621,0.09675375594365594,0.6782250500421627,19.0,1.0,28.0,4.0,1
34,Fes,2026-04-28 19:20:27.665902,34.0181,-5.0078,0.46322997928048965,21.01,0.27465804060309895,-1.316455779456755,0.43227539175668894,340.0,75.0,Rain,light rain,2.0,3.08,-0.6263609789435747,-0.6686125949033649,-0.4493151119068205,-0.9698746675461446,-0.8014082682549802,19.0,1.0,28.0,4.0,2
34,Marrakech,2026-04-28 19:20:24.267559,31.6295,-7.9811,0.15332041884431974,19.81,-0.09372252557073117,-1.316455779456755,-0.06887750256896022,240.0,75.0,Clouds,broken clouds,2.0,3.24,-0.47836759595609335,-0.30793204615633746,-0.059854843026060825,-0.7189032737838387,0.0030156676343061533,19.0,1.0,28.0,4.0,3
34,Rabat,2026-04-28 19:20:20.934856,34.0209,-6.8416,-0.04796104824308949,19.64,1.3797997391245893,-1.012904452604357,-0.32188673077220054,280.0,100.0,Clouds,overcast clouds,2.0,7.35,0.25895657999939453,1.1932788864664254,0.35277992119305807,1.1508336097453413,0.7352314706957345,19.0,1.0,28.0,4.0,4
34,Tanger,2026-04-28 19:20:31.044846,35.7595,-5.834,-0.24285262748645525,18.97,1.3797997391245893,-1.316455779456755,-0.8230396250978494,250.0,75.0,Clouds,broken clouds,3.0,9.53,1.4270472100077303,-0.31768016909544633,1.1001573958551443,-0.16049192266270768,1.4978506981057336,19.0,1.0,28.0,4.0,5
35,Agadir,2026-04-28 20:21:03.163607,30.4278,-9.5981,-0.1406144219817392,18.9,0.20098192736833292,-1.012904452604357,1.3129421283871983,292.0,0.0,Clear,clear sky,3.0,4.32,-0.4889385518837705,-0.9903006518939568,0.6443923208674122,-0.9761489523902023,0.9632571533100197,20.0,1.0,28.0,4.0,0
35,Casablanca,2026-04-28 20:20:46.002527,33.5731,-7.5898,-0.33870094514712556,18.43,0.7903908332464611,-0.709353125751959,-0.2683655478830534,330.0,75.0,Clouds,broken clouds,2.0,8.19,0.5707997798658735,0.013756010834254586,0.35535486511954284,0.21596516798075127,0.6110841546057341,20.0,1.0,28.0,4.0,1
35,Fes,2026-04-28 20:20:56.631316,34.0181,-5.0078,0.1501254749222969,20.03,0.5693624935421631,-1.012904452604357,0.17926616355344865,330.0,75.0,Rain,moderate rain,2.0,2.92,-0.7016790399282751,-0.11296958737416055,-1.1175130608295132,-0.9573260978580292,-0.8723495917349786,20.0,1.0,28.0,4.0,2
35,Marrakech,2026-04-28 20:20:53.279475,31.6295,-7.9811,0.1501254749222969,19.8,-0.09372252557073117,-1.316455779456755,-0.5700303968946092,250.0,75.0,Clouds,broken clouds,2.0,2.91,-0.5378292230492777,-0.11296958737416055,-0.2124202706702596,-0.7502746980041267,-0.02232051932283705,20.0,1.0,28.0,4.0,3
35,Rabat,2026-04-28 20:20:50.008832,34.0209,-6.8416,-0.36106555260128226,18.72,1.8218564185331854,-1.012904452604357,-0.8230396250978494,260.0,100.0,Clouds,overcast clouds,2.0,8.13,0.5007671968450116,1.4077375911268197,0.19248966176940682,1.0755421916166494,0.6845590967814481,20.0,1.0,28.0,4.0,4
35,Tanger,2026-04-28 20:20:59.861122,35.7595,-5.834,-0.24285262748645525,18.97,1.3797997391245893,-1.316455779456755,-0.8230396250978494,270.0,75.0,Clouds,broken clouds,3.0,9.93,1.5393636167393008,-0.13246583325237826,0.9417983443763563,-0.21696048625922656,1.429442993321449,20.0,1.0,28.0,4.0,5
36,Agadir,2026-04-28 21:38:39.469258,30.4278,-9.5981,-0.1406144219817392,19.14,0.8640669464812272,-0.405801798899561,0.7874614236573915,307.0,0.0,Clear,clear sky,3.0,4.53,-0.3898358400617963,-1.0000487748330655,0.6244365054371582,-0.9573260978580292,0.950589059831449,21.0,1.0,28.0,4.0,0
36,Casablanca,,33.5731,-7.5898,-0.10067762295645839,19.015,0.1273058141335669,-0.709353125751959,0.004105928643513112,321.5,70.0,Clouds,broken clouds,2.0,6.275,0.3521131291120503,-0.41028733701698034,0.3057871945347191,0.1124394680538,0.3171843859028779,14.555891238670695,2.881168177240685,13.362537764350453,4.628398791540786,1
36,Fes,2026-04-28 21:38:33.035686,34.0181,-5.0078,-0.17575880512398512,19.2,1.3797997391245893,-0.709353125751959,-0.32188673077220054,320.0,75.0,Clouds,broken clouds,1.0,2.88,-0.7532124500757016,0.7253689853892002,-2.4275157834284324,-0.9510518130139716,-0.7444018476014085,21.0,1.0,28.0,4.0,2
36,Marrakech,2026-04-28 21:38:29.799983,31.6295,-7.9811,0.15332041884431974,19.81,-0.09372252557073117,-0.709353125751959,-0.5700303968946092,240.0,75.0,Clouds,broken clouds,2.0,3.13,-0.4056922739533122,0.11123724022534294,-0.3675606422409422,-0.7628232676922421,0.24624306242287766,21.0,1.0,28.0,4.0,3
36,Rabat,2026-04-28 21:38:26.265516,34.0209,-6.8416,-0.36106555260128226,18.72,1.8218564185331854,-0.709353125751959,-0.5700303968946092,270.0,100.0,Clouds,overcast clouds,2.0,8.32,0.7320068577629513,1.281011992918405,-0.04891133133850218,0.8371193675424587,0.8454438839593046,21.0,1.0,28.0,4.0,4
36,Tanger,2026-04-28 21:38:36.248571,35.7595,-5.834,-0.21409813218825394,19.07,1.3797997391245893,-1.012904452604357,-0.5700303968946092,250.0,75.0,Clouds,broken clouds,3.0,10.29,1.589575657395768,-0.02523648092218084,0.6823727437830568,-0.2922519043879183,1.476314939192162,21.0,1.0,28.0,4.0,5
37,Agadir,2026-04-29 14:13:04.500721,30.4278,-9.5981,1.4568575390294478,24.32,-0.020046412335965148,-0.709353125751959,0.8312514823848757,282.0,62.0,Clouds,broken clouds,2.0,3.59,-0.35812297227876466,-1.107278127163263,0.21695162907100796,-0.9447775281699139,0.7415655174350199,14.0,2.0,29.0,4.0,0
37,Casablanca,2026-04-29 14:12:47.795559,33.5731,-7.5898,0.13734569923420764,19.6,-0.5357792049793273,-0.709353125751959,0.2765774051700794,313.0,65.0,Clouds,broken clouds,2.0,4.36,0.13342647835822735,-0.8343306848682153,0.25621952394989445,0.0089137681268489,0.023284617200019998,14.0,2.0,29.0,4.0,1
37,Fes,2026-04-29 14:12:57.943960,34.0181,-5.0078,-0.17575880512398512,19.36,1.8218564185331854,-1.012904452604357,-0.8230396250978494,360.0,75.0,Rain,light rain,2.0,2.33,-0.9395255483010132,-0.970804406015739,-0.8014386938535569,-0.9636003827020869,-0.7887401747764077,14.0,2.0,29.0,4.0,2
37,Marrakech,2026-04-29 14:12:54.657074,31.6295,-7.9811,0.15332041884431974,19.94,0.27465804060309895,-1.012904452604357,-0.06887750256896022,320.0,75.0,Clouds,broken clouds,2.0,2.74,-0.3990854264985139,-1.0000487748330655,0.06309872946356726,-0.9636003827020869,-0.389695230201409,14.0,2.0,29.0,4.0,3
37,Rabat,2026-04-29 14:12:51.212089,34.0209,-6.8416,0.2779232318031925,20.47,0.5693624935421631,-0.709353125751959,-0.32188673077220054,290.0,75.0,Clouds,broken clouds,2.0,4.62,-0.3858717315889174,-0.46390201318207896,0.5021266689291516,1.1759307491215718,0.03975313872216227,14.0,2.0,29.0,4.0,4
37,Tanger,2026-04-29 14:13:01.207154,35.7595,-5.834,-0.24285262748645525,18.68,0.5693624935421631,-0.709353125751959,-0.06887750256896022,260.0,75.0,Clouds,broken clouds,3.0,3.2,-0.4876171823928109,-0.844078807807324,0.5761563068155764,-0.5432232981502243,0.9670575813535913,14.0,2.0,29.0,4.0,5
38,Agadir,2026-04-29 15:13:22.794783,30.4278,-9.5981,2.0958463234339226,26.06,-0.2410747520402632,-1.012904452604357,1.4929679253779655,281.0,46.0,Clouds,scattered clouds,2.0,2.86,-0.5906840026876641,-1.107278127163263,0.2446322762807153,-0.925954673637741,0.6313531041714479,15.0,2.0,29.0,4.0,0
38,Casablanca,2026-04-29 15:13:06.259124,33.5731,-7.5898,0.13734569923420764,19.81,0.053629700898800876,-0.405801798899561,0.5879733783432985,322.0,76.0,Clouds,broken clouds,2.0,3.99,-0.16123891812577593,-0.7076050866598002,0.275531603398527,0.22223945282480906,-0.09579546149855109,15.0,2.0,29.0,4.0,1
38,Fes,2026-04-29 15:13:16.199799,34.0181,-5.0078,0.14373558707825226,20.14,0.9377430597159931,-1.012904452604357,0.17926616355344865,330.0,75.0,Rain,light rain,2.0,3.03,-0.7796398398948947,-0.970804406015739,-0.6205488830180304,-0.8757603948852799,-0.8647487356478373,15.0,2.0,29.0,4.0,2
38,Marrakech,2026-04-29 15:13:12.964941,31.6295,-7.9811,0.47281481104655715,20.91,-0.09372252557073117,-1.316455779456755,-0.5700303968946092,310.0,75.0,Clouds,broken clouds,2.0,2.35,-0.5457574399950358,-1.0195450207112833,0.1654527505413209,-1.0012460917664328,-0.7051307578178367,15.0,2.0,29.0,4.0,3
38,Rabat,2026-04-29 15:13:09.746028,34.0209,-6.8416,0.2779232318031925,20.63,1.0114191729507591,-0.405801798899561,-0.5700303968946092,300.0,75.0,Clouds,broken clouds,2.0,4.3,-0.5021522467933671,-0.16171020206970463,0.3347553137076674,1.081816476460707,0.05368804154859076,15.0,2.0,29.0,4.0,4
38,Tanger,2026-04-29 15:13:19.509746,35.7595,-5.834,-0.24285262748645525,18.68,0.5693624935421631,-0.709353125751959,0.17926616355344865,270.0,75.0,Clouds,broken clouds,3.0,3.16,-0.6792157585819609,-0.8830712995637595,0.562637851201534,-0.6687089950313774,1.0734695665735916,15.0,2.0,29.0,4.0,5
39,Agadir,2026-04-29 16:13:41.464005,30.4278,-9.5981,1.776351931231685,25.34,-0.2410747520402632,-1.012904452604357,2.0525075646735935,285.0,29.0,Clouds,scattered clouds,2.0,2.77,-0.5972908501424623,-1.107278127163263,0.2272514047769452,-0.9322289584817987,0.6262858667800203,16.0,2.0,29.0,4.0,0
39,Casablanca,2026-04-29 16:13:24.882897,33.5731,-7.5898,0.16290525061038724,19.84,-0.09372252557073117,-0.709353125751959,-0.32188673077220054,20.0,40.0,Clouds,scattered clouds,2.0,3.82,-0.19427315539976733,-0.6783607178424736,0.2678067716190745,0.29125658610944316,-0.24274534584997914,16.0,2.0,29.0,4.0,1
39,Fes,2026-04-29 16:13:34.794211,34.0181,-5.0078,0.14373558707825226,20.14,0.9377430597159931,-1.012904452604357,0.43227539175668894,310.0,75.0,Clouds,broken clouds,2.0,3.36,-0.7651047754943386,-0.9610562830766303,-0.5420130932602574,-0.8067432616006457,-0.8444797860821217,16.0,2.0,29.0,4.0,2
39,Marrakech,2026-04-29 16:13:31.501656,31.6295,-7.9811,0.7923092032487945,21.9,-0.38842697850979524,-1.316455779456755,-0.5700303968946092,330.0,75.0,Clouds,broken clouds,2.0,2.56,-0.4981881383204881,-0.9903006518939568,0.10751651219542237,-0.9573260978580292,-0.8558810702128364,16.0,2.0,29.0,4.0,3
39,Rabat,2026-04-29 16:13:28.250138,34.0209,-6.8416,0.5974176240054299,21.6,0.643038606776929,-0.405801798899561,-0.32188673077220054,310.0,75.0,Clouds,broken clouds,2.0,4.38,-0.4889385518837705,-0.1422139561914869,0.39591023196167124,1.0504450522404187,0.000482048938592373,16.0,2.0,29.0,4.0,4
39,Tanger,2026-04-29 16:13:38.090447,35.7595,-5.834,-0.24285262748645525,18.68,0.5693624935421631,-0.709353125751959,-0.06887750256896022,280.0,75.0,Clouds,broken clouds,2.0,2.78,-0.7439628636389841,-0.8830712995637595,0.5008391969659087,-0.7000804192516655,0.8530447400464478,16.0,2.0,29.0,4.0,5
40,Agadir,2026-04-29 17:14:01.390825,30.4278,-9.5981,1.776351931231685,25.32,-0.3147508652750292,-1.316455779456755,2.067104250916088,290.0,20.0,Clouds,few clouds,2.0,2.53,-0.6316464569074133,-1.097530004224154,0.21180174121803935,-0.9447775281699139,0.5908152050400202,17.0,2.0,29.0,4.0,0
40,Casablanca,2026-04-29 17:13:44.185338,33.5731,-7.5898,0.15651536276634148,19.82,-0.09372252557073117,-0.709353125751959,-0.4824502794396413,20.0,72.0,Clouds,broken clouds,2.0,3.81,-0.16784576558057432,-0.5418869966949498,0.3064309305163396,0.5171308404955185,-0.24147853650212314,17.0,2.0,29.0,4.0,1
40,Fes,2026-04-29 17:13:54.428255,34.0181,-5.0078,0.1501254749222969,20.16,0.9377430597159931,-1.012904452604357,0.43227539175668894,310.0,75.0,Clouds,broken clouds,2.0,3.87,-0.7281064297474682,-0.8343306848682153,-0.5503816610213322,-0.7063547040957233,-0.7431350382535507,17.0,2.0,29.0,4.0,2
40,Marrakech,2026-04-29 17:13:51.044732,31.6295,-7.9811,0.7923092032487945,21.9,-0.38842697850979524,-1.316455779456755,-0.5700303968946092,0.0,75.0,Clouds,broken clouds,2.0,3.0,-0.37133666718836117,-0.902567545441977,0.16738395848618423,-0.8820346797293374,-0.6341894343378365,17.0,2.0,29.0,4.0,3
40,Rabat,2026-04-29 17:13:47.441033,34.0209,-6.8416,0.2715333439591479,20.45,0.5693624935421631,-0.709353125751959,-0.06887750256896022,300.0,40.0,Clouds,scattered clouds,2.0,4.38,-0.4440119891911422,0.15022973198177836,0.36436716886223813,1.081816476460707,0.0030156676343061533,17.0,2.0,29.0,4.0,4
40,Tanger,2026-04-29 17:13:57.890947,35.7595,-5.834,-0.24285262748645525,18.68,0.5693624935421631,-0.709353125751959,0.17926616355344865,300.0,40.0,Clouds,scattered clouds,2.0,2.46,-0.7915321653135317,-0.8538269307464329,0.4371093347854211,-0.7189032737838387,0.649088435041448,17.0,2.0,29.0,4.0,5
41,Agadir,2026-04-29 18:14:20.563662,30.4278,-9.5981,1.4568575390294478,24.22,-0.3147508652750292,-1.012904452604357,2.1206254338052344,291.0,15.0,Clouds,few clouds,2.0,2.31,-0.6633593246904451,-1.0682856354068275,0.18283362204509007,-0.9510518130139716,0.5249411189514493,18.0,2.0,29.0,4.0,0
41,Casablanca,2026-04-29 18:14:03.447677,33.5731,-7.5898,0.15651536276634148,19.82,-0.09372252557073117,-0.709353125751959,-0.2683655478830534,30.0,72.0,Clouds,broken clouds,2.0,3.91,-0.0898849656139544,-0.3274282920345551,0.319949386130383,0.8684907917627469,-0.23387768041498,18.0,2.0,29.0,4.0,1
41,Fes,2026-04-29 18:14:13.686162,34.0181,-5.0078,-0.17575880512398512,19.2,1.3797997391245893,-1.012904452604357,0.17926616355344865,290.0,75.0,Clouds,broken clouds,2.0,4.4,-0.6792157585819609,-0.5711313655122763,-0.6984409367941828,-0.6247890011229738,-0.6215213408592658,18.0,2.0,29.0,4.0,2
41,Marrakech,2026-04-29 18:14:10.313483,31.6295,-7.9811,0.7859193154047499,21.78,-0.6831314314488593,-1.620007106309153,-0.5700303968946092,330.0,75.0,Clouds,broken clouds,2.0,3.58,-0.18370219947209007,-0.7465975784162355,0.18862724587968013,-0.7690975525362997,-0.45050207889855054,18.0,2.0,29.0,4.0,3
41,Rabat,2026-04-29 18:14:06.766471,34.0209,-6.8416,0.2779232318031925,20.47,0.5693624935421631,-0.709353125751959,-0.32188673077220054,330.0,40.0,Clouds,scattered clouds,2.0,4.32,-0.3792648841341192,0.7546133542065271,0.22853887674018802,1.1947536036537447,0.06002208828787791,18.0,2.0,29.0,4.0,4
41,Tanger,2026-04-29 18:14:17.067403,35.7595,-5.834,-0.24285262748645525,18.55,0.20098192736833292,-0.709353125751959,-0.8230396250978494,280.0,40.0,Clouds,scattered clouds,2.0,2.27,-0.8113527076779266,-0.7660938242944533,0.39591023196167124,-0.7189032737838387,0.5084725974293053,18.0,2.0,29.0,4.0,5
42,Agadir,2026-04-29 19:14:38.774118,30.4278,-9.5981,0.4983743624227356,20.97,-0.16739863880549719,-1.012904452604357,1.6681281602879012,295.0,12.0,Clouds,few clouds,2.0,2.15,-0.6924294534915575,-1.04878938952861,0.16931516643104758,-0.9510518130139716,0.45906703286287665,19.0,2.0,29.0,4.0,0
42,Casablanca,2026-04-29 19:14:22.492536,33.5731,-7.5898,-0.17575880512398512,18.78,0.20098192736833292,-0.405801798899561,-0.32188673077220054,30.0,40.0,Clouds,scattered clouds,2.0,3.96,-0.030423338520769994,-0.05448084973950741,0.28583137910446516,1.1759307491215718,-0.1946065906314083,19.0,2.0,29.0,4.0,1
42,Fes,2026-04-29 19:14:32.299946,34.0181,-5.0078,-0.4952531973262225,18.26,1.8218564185331854,-0.709353125751959,0.17926616355344865,300.0,75.0,Clouds,broken clouds,2.0,4.62,-0.659395216217566,-0.268939554399902,-0.860018668181077,-0.6059661465908008,-0.5391787332485508,19.0,2.0,29.0,4.0,2
42,Marrakech,2026-04-29 19:14:29.076425,31.6295,-7.9811,0.7923092032487945,21.9,-0.38842697850979524,-1.316455779456755,-0.5700303968946092,90.0,75.0,Clouds,broken clouds,2.0,4.04,-0.0013532097196574837,-0.5613832425731675,0.14935935100079362,-0.656160425343262,-0.33015519085212164,19.0,2.0,29.0,4.0,3
42,Rabat,2026-04-29 19:14:25.811442,34.0209,-6.8416,-0.041571160399044876,19.5,0.9377430597159931,-0.405801798899561,-0.32188673077220054,350.0,40.0,Clouds,scattered clouds,2.0,4.2,-0.33698106042341014,1.3005082387966225,0.0688923532981573,1.2512221672502635,0.11702850894144787,19.0,2.0,29.0,4.0,4
42,Tanger,2026-04-29 19:14:35.521666,35.7595,-5.834,-0.5623470196886926,17.58,0.5693624935421631,-0.405801798899561,-0.06887750256896022,290.0,20.0,Clouds,few clouds,2.0,2.17,-0.8113527076779266,-0.658864471964256,0.339905201560636,-0.693806134407608,0.4476657487321637,19.0,2.0,29.0,4.0,5
43,Agadir,2026-04-29 20:14:59.413948,30.4278,-9.5981,-0.1406144219817392,18.88,0.1273058141335669,-1.012904452604357,1.3810599975188402,295.0,1.0,Clear,clear sky,2.0,2.03,-0.6845012365457995,-1.039041266589501,0.14356572716620358,-0.9510518130139716,0.36532314112144876,20.0,2.0,29.0,4.0,0
43,Casablanca,2026-04-29 20:14:41.783422,33.5731,-7.5898,-0.33870094514712556,18.3,0.422010267072631,-0.10225047204716294,-0.32188673077220054,40.0,40.0,Clouds,scattered clouds,2.0,3.95,0.025074180099535538,0.432925297215935,0.11717255191973909,1.3892564338195321,-0.132532932586409,20.0,2.0,29.0,4.0,1
43,Fes,2026-04-29 20:14:52.429349,34.0181,-5.0078,-0.8147475895284599,17.31,2.2639130979417814,-0.709353125751959,-0.32188673077220054,280.0,75.0,Clouds,broken clouds,2.0,4.64,-0.6567524772356468,0.23796283843375807,-1.1896114907710746,-0.6247890011229738,-0.5151093556392654,20.0,2.0,29.0,4.0,2
43,Marrakech,2026-04-29 20:14:48.944927,31.6295,-7.9811,0.47281481104655715,20.91,-0.09372252557073117,-1.316455779456755,0.43227539175668894,120.0,75.0,Clouds,broken clouds,2.0,4.2,0.1109631970119132,-0.2786876773390109,-0.06564846686065086,-0.5934175769026856,-0.41756503585426596,20.0,2.0,29.0,4.0,3
43,Rabat,2026-04-29 20:14:45.387056,34.0209,-6.8416,-0.36106555260128226,18.56,1.3797997391245893,-0.405801798899561,-0.32188673077220054,350.0,40.0,Clouds,scattered clouds,2.0,4.09,-0.314517779077096,1.7391737710565205,-0.11457240146385317,1.276319306626494,0.16643407350787648,20.0,2.0,29.0,4.0,4
43,Tanger,2026-04-29 20:14:56.113958,35.7595,-5.834,-0.88184141189093,16.61,0.9377430597159931,-0.405801798899561,-0.32188673077220054,280.0,20.0,Clouds,few clouds,2.0,2.14,-0.7968176432773703,-0.4054132755474259,0.2105142692547974,-0.656160425343262,0.42739679916644807,20.0,2.0,29.0,4.0,5
44,Agadir,2026-04-29 21:15:22.689301,30.4278,-9.5981,-0.4601088141839766,17.88,0.422010267072631,-0.709353125751959,0.4857965746458361,302.0,50.0,Clouds,scattered clouds,2.0,2.03,-0.6422174128350906,-1.039041266589501,0.15129055894565696,-0.9447775281699139,0.34885461959930647,21.0,2.0,29.0,4.0,0
44,Casablanca,2026-04-29 21:15:03.433332,33.5731,-7.5898,-0.5144228608583563,17.88,0.9377430597159931,0.20130085480523507,-0.5700303968946092,40.0,97.0,Clouds,overcast clouds,2.0,4.01,0.1109631970119132,0.8325983377193978,-0.07659197854820951,1.4833707064803971,0.08409146589716332,21.0,2.0,29.0,4.0,1
44,Fes,2026-04-29 21:15:14.599022,34.0181,-5.0078,-0.8147475895284599,17.31,2.2639130979417814,-0.10225047204716294,-0.06887750256896022,280.0,75.0,Clouds,broken clouds,2.0,4.6,-0.6567524772356468,0.6376358789372207,-1.4554744511805857,-0.6373375708110891,-0.41883184520212197,21.0,2.0,29.0,4.0,2
44,Marrakech,2026-04-29 21:15:11.321757,31.6295,-7.9811,0.15332041884431974,19.81,-0.09372252557073117,-0.709353125751959,0.43227539175668894,130.0,75.0,Clouds,broken clouds,2.0,4.24,0.19553084443333102,-0.07397709561772513,-0.200189287019459,-0.5934175769026856,-0.29595133845997934,21.0,2.0,29.0,4.0,3
44,Rabat,2026-04-29 21:15:07.944789,34.0209,-6.8416,-0.36106555260128226,18.56,1.3797997391245893,0.20130085480523507,-0.32188673077220054,340.0,40.0,Clouds,scattered clouds,2.0,4.06,-0.2933758672217415,2.0121212133515685,-0.27486266088750533,1.3202393005348978,0.34885461959930647,21.0,2.0,29.0,4.0,4
44,Tanger,2026-04-29 21:15:17.983771,35.7595,-5.834,-1.2013358040931668,15.67,1.3797997391245893,-0.10225047204716294,-1.0711832912202583,260.0,0.0,Clear,clear sky,2.0,2.15,-0.7756757314220158,-0.2591914314607932,0.0688923532981573,-0.6373375708110891,0.49200407590716294,21.0,2.0,29.0,4.0,5
45,Agadir,2026-04-29 22:15:43.484567,30.4278,-9.5981,-0.4601088141839766,18.01,0.7903908332464611,-0.10225047204716294,-0.390004599903842,310.0,64.0,Clouds,broken clouds,2.0,2.02,-0.625039609452615,-1.04878938952861,0.17382131830239478,-0.9385032433258563,0.3323860980771624,22.0,2.0,29.0,4.0,0
45,Casablanca,2026-04-29 22:15:24.785813,33.5731,-7.5898,-0.5527621879226252,17.74,0.9377430597159931,0.20130085480523507,-0.7014005730770609,40.0,96.0,Clouds,overcast clouds,2.0,4.1,0.18099578003277486,0.9983164276842482,-0.21499521459674345,1.539839270076916,0.3235184326421633,22.0,2.0,29.0,4.0,1
45,Fes,2026-04-29 22:15:36.073231,34.0181,-5.0078,-1.1342419817306972,16.21,2.2639130979417814,0.20130085480523507,-0.5700303968946092,280.0,75.0,Rain,light rain,2.0,4.53,-0.6554311077446872,0.9008351982931597,-1.6164084465858584,-0.6498861404992045,-0.3225543347649803,22.0,2.0,29.0,4.0,2
45,Marrakech,2026-04-29 22:15:32.413470,31.6295,-7.9811,0.15332041884431974,19.94,0.27465804060309895,-0.405801798899561,0.17926616355344865,120.0,75.0,Clouds,broken clouds,2.0,4.22,0.25367110203555604,0.013756010834254586,-0.29481847631775926,-0.6122404314348585,-0.15280188215212284,22.0,2.0,29.0,4.0,3
45,Rabat,2026-04-29 22:15:28.881664,34.0209,-6.8416,-0.36106555260128226,18.72,1.8218564185331854,0.20130085480523507,-0.32188673077220054,330.0,40.0,Clouds,scattered clouds,2.0,4.03,-0.2841262807850239,2.1193505656817657,-0.3978162333771334,1.3767078641314165,0.5008717413421621,22.0,2.0,29.0,4.0,4
45,Tanger,2026-04-29 22:15:39.923411,35.7595,-5.834,-1.2013358040931668,15.67,1.3797997391245893,0.20130085480523507,-1.3241925194234985,0.0,0.0,Clear,clear sky,2.0,2.13,-0.7598192975305,-0.2591914314607932,-0.00835596449637376,-0.6436118556551468,0.5338087843864484,22.0,2.0,29.0,4.0,5
46,Agadir,2026-04-29 23:16:29.841742,30.4278,-9.5981,-0.7796032063862139,16.96,0.9377430597159931,0.20130085480523507,-0.8570985596636703,319.0,74.0,Clouds,broken clouds,2.0,1.97,-0.6303250874164537,-1.04878938952861,0.17897120615536338,-0.9447775281699139,0.23990901568359232,23.0,2.0,29.0,4.0,0
46,Casablanca,2026-04-29 23:15:50.726785,33.5731,-7.5898,-0.5527621879226252,17.74,0.9377430597159931,0.20130085480523507,-0.4824502794396413,30.0,97.0,Clouds,overcast clouds,2.0,4.2,0.22988645119828227,1.0957976570753367,-0.42549688058684076,1.5272907003888003,0.32225162329430546,23.0,2.0,29.0,4.0,1
46,Fes,2026-04-29 23:16:03.780937,34.0181,-5.0078,-0.8147475895284599,17.31,2.2639130979417814,0.20130085480523507,-1.3241925194234985,0.0,75.0,Clouds,broken clouds,2.0,4.45,-0.6567524772356468,1.1055457800144455,-1.816610336870017,-0.6812575647194927,-0.3643590432442658,23.0,2.0,29.0,4.0,2
46,Marrakech,2026-04-29 23:15:59.602029,31.6295,-7.9811,0.15332041884431974,19.94,0.27465804060309895,-0.405801798899561,-0.32188673077220054,120.0,75.0,Clouds,broken clouds,2.0,4.02,0.2312078206892419,0.004007887895145729,-0.46991466331869586,-0.6498861404992045,-0.3212875254171225,23.0,2.0,29.0,4.0,3
46,Rabat,2026-04-29 23:15:53.936489,34.0209,-6.8416,-0.6805599448035197,17.62,1.8218564185331854,0.5048521816576331,-0.5700303968946092,360.0,40.0,Clouds,scattered clouds,2.0,3.97,-0.2973399756946204,2.0998543198035478,-0.56711879654348,1.3892564338195321,0.46793469829787754,23.0,2.0,29.0,4.0,4
46,Tanger,2026-04-29 23:16:07.689300,35.7595,-5.834,-1.5208301962954043,14.57,1.3797997391245893,0.5048521816576331,-1.0711832912202583,0.0,0.0,Clear,clear sky,2.0,2.09,-0.7545338195666613,-0.2591914314607932,-0.08367307434604147,-0.656160425343262,0.48947045721144916,23.0,2.0,29.0,4.0,5
47,Agadir,2026-04-30 00:16:49.340804,30.4278,-9.5981,-0.7796032063862139,16.94,0.8640669464812272,0.20130085480523507,-0.9544098012803012,350.0,67.0,Clouds,broken clouds,2.0,1.92,-0.6316464569074133,-1.0585375124677188,0.18154615008184816,-0.9573260978580292,0.21077240068287753,0.0,3.0,30.0,4.0,0
47,Casablanca,2026-04-30 00:16:32.273526,33.5731,-7.5898,-0.8498919726707058,16.88,1.3797997391245893,0.20130085480523507,-0.8230396250978494,80.0,84.0,Clouds,broken clouds,2.0,4.4,0.3012404037101036,1.1250420258926632,-0.5626126446721328,1.3327878702230134,0.4463989393843059,0.0,3.0,30.0,4.0,1
47,Fes,2026-04-30 00:16:42.518801,34.0181,-5.0078,-0.8147475895284599,17.31,2.2639130979417814,0.20130085480523507,-0.5700303968946092,280.0,75.0,Clouds,broken clouds,1.0,4.43,-0.6541097382537274,1.203027009405534,-2.1043603206546444,-0.7440004131600693,-0.37195989933140894,0.0,3.0,30.0,4.0,2
47,Marrakech,2026-04-30 00:16:39.310497,31.6295,-7.9811,-0.485668365560155,17.84,0.5693624935421631,-0.405801798899561,-0.5700303968946092,50.0,40.0,Clouds,scattered clouds,2.0,3.95,0.24838562407171727,-0.08372521855683399,-0.5008139904365075,-0.6812575647194927,-0.2592138673721232,0.0,3.0,30.0,4.0,3
47,Rabat,2026-04-30 00:16:36.113108,34.0209,-6.8416,-0.6805599448035197,17.62,1.8218564185331854,0.5048521816576331,-1.5723361855459073,0.0,40.0,Clouds,scattered clouds,2.0,4.01,-0.29998271467653986,2.031617459229786,-0.6868536891250028,1.4394507125719933,0.53760921243002,0.0,3.0,30.0,4.0,4
47,Tanger,2026-04-30 00:16:45.733356,35.7595,-5.834,-1.8403245884976416,13.62,1.8218564185331854,0.5048521816576331,-1.0711832912202583,0.0,0.0,Clear,clear sky,2.0,2.04,-0.7545338195666613,-0.31768016909544633,-0.11199745753736931,-0.6624347101873197,0.4476657487321637,0.0,3.0,30.0,4.0,5
48,Agadir,2026-04-30 09:05:15.126786,30.4278,-9.5981,-0.7796032063862139,16.96,0.9377430597159931,0.8084035085100311,-1.2706713365343516,62.0,100.0,Clouds,overcast clouds,2.0,1.56,-0.7584979280395402,-0.9415600371984125,0.14356572716620358,-0.9447775281699139,0.22724092220501982,9.0,3.0,30.0,4.0,0
48,Casablanca,2026-04-30 09:04:58.886555,33.5731,-7.5898,-0.5144228608583563,17.75,0.5693624935421631,0.8084035085100311,-0.32188673077220054,90.0,75.0,Clouds,broken clouds,2.0,6.59,0.9341763898797788,2.1973355491946367,-1.771548818156541,0.12185089531988656,0.5844811583007349,9.0,3.0,30.0,4.0,1
48,Fes,2026-04-30 09:05:08.530583,34.0181,-5.0078,-0.8147475895284599,17.31,2.2639130979417814,0.8084035085100311,-0.8230396250978494,330.0,75.0,Clouds,broken clouds,1.0,3.03,-0.6871439755277189,0.6473840018763296,-3.1253255875056944,-1.0075203766104905,-1.061104184565694,9.0,3.0,30.0,4.0,2
48,Marrakech,2026-04-30 09:05:05.317879,31.6295,-7.9811,-1.4441515421668671,14.83,1.3797997391245893,0.5048521816576331,-0.32188673077220054,250.0,100.0,Clouds,overcast clouds,2.0,4.2,0.4069499629868761,1.4467300828832552,-1.4483933553827528,-0.8318404009768763,-0.008385616496408559,9.0,3.0,30.0,4.0,3
48,Rabat,2026-04-30 09:05:02.109649,34.0209,-6.8416,-1.000054337005757,16.67,2.2639130979417814,0.8084035085100311,-0.32188673077220054,30.0,75.0,Clouds,broken clouds,2.0,4.57,-0.19955863336360583,3.8740126947213587,-1.9505074210472038,1.1006393309928801,0.36658995046930654,9.0,3.0,30.0,4.0,4
48,Tanger,2026-04-30 09:05:11.774036,35.7595,-5.834,-1.2013358040931668,15.82,1.8218564185331854,1.1119548353624291,-1.0711832912202583,0.0,0.0,Clear,clear sky,2.0,2.1,-0.713571365346912,0.06249662552979887,-0.2639191491999467,-0.3738176073606678,0.45780022351502064,9.0,3.0,30.0,4.0,5
49,Agadir,2026-04-30 10:05:33.796145,30.4278,-9.5981,-0.1406144219817392,19.03,0.5693624935421631,0.8084035085100311,-0.9154853046336489,133.0,100.0,Clouds,overcast clouds,2.0,1.48,-0.7915321653135317,-0.970804406015739,0.09850420845272706,-0.9510518130139716,0.2285077315528776,10.0,3.0,30.0,4.0,0
49,Casablanca,2026-04-30 10:05:17.021087,33.5731,-7.5898,-0.17575880512398512,18.78,0.20098192736833292,0.8084035085100311,-0.32188673077220054,90.0,75.0,Clouds,broken clouds,2.0,6.81,0.9672106271537702,2.3825498850377045,-1.752880474689529,0.4606622768989997,0.5148066441685906,10.0,3.0,30.0,4.0,1
49,Fes,2026-04-30 10:05:27.251732,34.0181,-5.0078,-0.8147475895284599,17.31,2.2639130979417814,0.8084035085100311,-0.5700303968946092,10.0,75.0,Clouds,broken clouds,1.0,2.95,-0.6646806941814047,0.4816659119114793,-2.858818891114563,-1.0012460917664328,-1.134579126741408,10.0,3.0,30.0,4.0,2
49,Marrakech,2026-04-30 10:05:23.872336,31.6295,-7.9811,-1.1246571499646298,15.93,1.3797997391245893,0.5048521816576331,-0.32188673077220054,250.0,100.0,Clouds,overcast clouds,2.0,4.2,0.384486681640562,1.5832038040307792,-1.38144481329416,-0.8067432616006457,0.005549286330019934,10.0,3.0,30.0,4.0,3
49,Rabat,2026-04-30 10:05:20.596038,34.0209,-6.8416,-0.36106555260128226,18.56,1.3797997391245893,0.8084035085100311,-0.32188673077220054,360.0,75.0,Clouds,broken clouds,2.0,4.72,-0.1638816571076952,3.8935089405995758,-1.872615367271052,1.6214049730496651,0.34378738220787713,10.0,3.0,30.0,4.0,4
49,Tanger,2026-04-30 10:05:30.505670,35.7595,-5.834,-0.5623470196886926,17.45,0.20098192736833292,0.8084035085100311,-0.06887750256896022,330.0,0.0,Clear,clear sky,2.0,2.12,-0.713571365346912,-0.10322146443505169,-0.1544840323243611,-0.29852618923197594,0.408394658948592,10.0,3.0,30.0,4.0,5
51,Agadir,2026-04-30 12:07:53.676812,30.4278,-9.5981,0.1788799702204982,20.05,0.348334153837865,0.8084035085100311,-0.42406353446966294,283.0,100.0,Clouds,overcast clouds,2.0,1.67,-0.7241423212745892,-1.04878938952861,-0.05663616311795556,-0.925954673637741,0.11449489024573409,12.0,3.0,30.0,4.0,0
51,Casablanca,2026-04-30 12:07:37.695656,33.5731,-7.5898,0.16290525061038724,19.97,0.27465804060309895,0.8084035085100311,-0.06887750256896022,50.0,40.0,Clouds,scattered clouds,2.0,7.74,1.0940620982858973,1.514966943457017,-0.8381316448059596,2.5374505602820823,0.15503278937716358,12.0,3.0,30.0,4.0,1
51,Fes,2026-04-30 12:07:47.273881,34.0181,-5.0078,-0.1629790294358959,19.09,0.9377430597159931,0.5048521816576331,-0.5700303968946092,60.0,75.0,Clouds,broken clouds,2.0,2.61,-0.6673234331633241,-0.5516351196340586,-0.9932720163766422,-1.0075203766104905,-0.867282354343551,12.0,3.0,30.0,4.0,2
51,Marrakech,2026-04-30 12:07:44.066274,31.6295,-7.9811,-0.485668365560155,17.84,0.5693624935421631,0.5048521816576331,-0.8230396250978494,280.0,100.0,Clouds,overcast clouds,2.0,3.94,0.22592234272540315,0.3451921907639555,-0.6192614110547885,-0.838114685820934,-0.24401215519783692,12.0,3.0,30.0,4.0,3
51,Rabat,2026-04-30 12:07:40.884071,34.0209,-6.8416,0.5974176240054299,21.34,-0.09372252557073117,0.8084035085100311,-0.32188673077220054,360.0,75.0,Clouds,broken clouds,2.0,5.02,-0.17048850456249356,2.343557393281269,-0.865812292015666,2.5562734148142554,0.2171064474221629,12.0,3.0,30.0,4.0,4
51,Tanger,2026-04-30 12:07:50.493328,35.7595,-5.834,0.08622659648184962,19.26,-0.9778358843879235,1.1119548353624291,0.9285627240015063,320.0,0.0,Clear,clear sky,2.0,2.18,-0.7241423212745892,-0.5223907508167321,0.29162500293905425,-0.23578334079139954,0.2677788213364493,12.0,3.0,30.0,4.0,5
52,Agadir,2026-04-30 13:18:11.850864,30.4278,-9.5981,0.817868754624973,22.2,0.20098192736833292,0.8084035085100311,0.16466947731095388,292.0,98.0,Clouds,overcast clouds,2.0,1.85,-0.6712875416362031,-1.0682856354068275,-0.11972228931682269,-0.9008575342615105,0.07269018176644862,13.0,3.0,30.0,4.0,0
52,Casablanca,2026-04-30 13:17:55.191192,33.5731,-7.5898,1.0958288758409198,23.0,-0.2410747520402632,0.8084035085100311,0.5539144437774776,2.0,100.0,Clouds,overcast clouds,2.0,8.04,1.1337031830146864,1.2615157470401872,-0.6495170021909796,3.020570493274521,0.03848632937430628,13.0,3.0,30.0,4.0,1
52,Fes,2026-04-30 13:18:05.199518,34.0181,-5.0078,0.14373558707825226,20.14,0.9377430597159931,0.20130085480523507,-0.8230396250978494,0.0,75.0,Rain,light rain,2.0,2.53,-0.7452842331299437,-0.6198719802078205,-0.9456355537366818,-1.013794661454548,-0.8394125486906941,13.0,3.0,30.0,4.0,2
52,Marrakech,2026-04-30 13:18:01.981393,31.6295,-7.9811,-0.8051627577623924,17.03,1.3797997391245893,0.5048521816576331,-0.06887750256896022,270.0,100.0,Clouds,overcast clouds,2.0,4.23,0.3025617732010632,-0.2981839232172286,-0.3759292100020161,-0.8694861100412221,-0.4391007947678358,13.0,3.0,30.0,4.0,3
52,Rabat,2026-04-30 13:17:58.556201,34.0209,-6.8416,0.2779232318031925,20.13,-0.38842697850979524,0.8084035085100311,0.6804190578790976,340.0,75.0,Clouds,broken clouds,2.0,5.25,-0.15595344016193718,1.836655000447609,-0.658529305933675,2.7884219540443884,0.08535827524501932,13.0,3.0,30.0,4.0,4
52,Tanger,2026-04-30 13:18:08.419331,35.7595,-5.834,0.07664176471578214,19.23,-0.9778358843879235,0.8084035085100311,0.43227539175668894,320.0,0.0,Clear,clear sky,3.0,2.32,-0.7016790399282751,-0.6198719802078205,0.5278761081939947,-0.19186334688299594,0.22090687546573445,13.0,3.0,30.0,4.0,5
53,Agadir,2026-04-30 14:36:10.191568,30.4278,-9.5981,1.4568575390294478,24.35,0.053629700898800876,0.8084035085100311,1.371328873357177,272.0,45.0,Clouds,scattered clouds,2.0,1.38,-0.8721357042620707,-1.1267743730414805,0.14742814305593027,-0.9698746675461446,-0.0071188071485507685,14.0,3.0,30.0,4.0,0
53,Casablanca,2026-04-30 14:35:53.410418,33.5731,-7.5898,0.40891593260610987,20.48,-0.6831314314488593,0.8084035085100311,0.43227539175668894,30.0,40.0,Clouds,scattered clouds,2.0,6.37,0.3395601189479337,-0.1227177103132694,0.13648463136837163,1.8974735061882015,-0.21994277758855152,14.0,3.0,30.0,4.0,1
53,Fes,2026-04-30 14:36:03.615084,34.0181,-5.0078,0.14373558707825226,20.14,0.9377430597159931,0.20130085480523507,0.17926616355344865,310.0,75.0,Clouds,broken clouds,2.0,1.99,-0.9249904839004568,-0.717353209598909,-0.741571247562796,-0.9949718069223752,-0.988896051737836,14.0,3.0,30.0,4.0,2
53,Marrakech,2026-04-30 14:36:00.141351,31.6295,-7.9811,0.7923092032487945,22.01,-0.09372252557073117,0.20130085480523507,-0.8230396250978494,0.0,75.0,Clouds,broken clouds,2.0,2.19,-0.5774703077780675,-0.9805525289548479,0.444190430583253,-0.9385032433258563,-0.7317337541228359,14.0,3.0,30.0,4.0,3
53,Rabat,2026-04-30 14:35:56.812766,34.0209,-6.8416,0.2779232318031925,20.24,-0.09372252557073117,0.8084035085100311,0.9285627240015063,350.0,75.0,Clouds,broken clouds,2.0,4.7,-0.32112462653189416,0.3061996990075201,-0.05213001124660745,2.0355077727574704,-0.19207297193569453,14.0,3.0,30.0,4.0,4
53,Tanger,2026-04-30 14:36:06.893226,35.7595,-5.834,0.07664176471578214,19.44,-0.38842697850979524,0.8084035085100311,0.6804190578790976,300.0,0.0,Clear,clear sky,3.0,2.75,-0.6118259145430185,-0.7465975784162355,1.1098134355794609,-0.09774907422213125,0.1385642678550195,14.0,3.0,30.0,4.0,5
54,Agadir,2026-04-30 15:36:29.586431,30.4278,-9.5981,1.4568575390294478,24.43,0.27465804060309895,0.5048521816576331,1.5756824807521017,279.0,46.0,Clouds,scattered clouds,2.0,1.36,-0.8853493991716673,-1.1170262501023718,0.11524134397487575,-0.9698746675461446,-0.0805937493242648,15.0,3.0,30.0,4.0,0
54,Casablanca,2026-04-30 15:36:12.739784,33.5731,-7.5898,0.4823996428126246,20.73,-0.6831314314488593,0.8084035085100311,0.43227539175668894,40.0,40.0,Clouds,scattered clouds,2.0,6.21,0.2312078206892419,-0.16171020206970463,0.196995813640754,1.9476677849406627,-0.33142200019997947,15.0,3.0,30.0,4.0,1
54,Fes,2026-04-30 15:36:22.955236,34.0181,-5.0078,0.14373558707825226,20.01,0.5693624935421631,0.20130085480523507,0.17926616355344865,300.0,75.0,Clouds,broken clouds,2.0,1.91,-0.9752025245569238,-0.7368494554771268,-0.735777623728206,-0.9824232372342598,-0.9749611489114075,15.0,3.0,30.0,4.0,2
54,Marrakech,2026-04-30 15:36:19.555637,31.6295,-7.9811,0.47281481104655715,20.91,-0.09372252557073117,0.20130085480523507,-0.8230396250978494,50.0,75.0,Clouds,broken clouds,2.0,2.42,-0.5259368976306409,-0.9805525289548479,0.4783084376091709,-0.8883089645733951,-0.9166879189099797,15.0,3.0,30.0,4.0,3
54,Rabat,2026-04-30 15:36:16.173041,34.0209,-6.8416,0.5974176240054299,21.34,-0.09372252557073117,0.8084035085100311,0.6804190578790976,350.0,40.0,Clouds,scattered clouds,2.0,4.48,-0.3739794061702805,0.26720720725108466,0.014818530841985467,1.9037477910322596,-0.27948281693783705,15.0,3.0,30.0,4.0,4
54,Tanger,2026-04-30 15:36:26.312804,35.7595,-5.834,0.07664176471578214,19.44,-0.38842697850979524,0.8084035085100311,0.6804190578790976,290.0,0.0,Clear,clear sky,3.0,2.64,-0.6131472840339782,-0.7660938242944533,1.1992927370247926,-0.13539478328647706,0.09042551263644867,15.0,3.0,30.0,4.0,5
55,Agadir,2026-04-30 16:36:48.572343,30.4278,-9.5981,1.4568575390294478,24.38,0.1273058141335669,0.5048521816576331,1.964927447218625,288.0,42.0,Clouds,scattered clouds,2.0,1.29,-0.9144195279727796,-1.107278127163263,0.1300472715521611,-0.9761489523902023,-0.0805937493242648,16.0,3.0,30.0,4.0,0
55,Casablanca,2026-04-30 16:36:31.545822,33.5731,-7.5898,0.4823996428126246,20.73,-0.6831314314488593,0.8084035085100311,0.43227539175668894,40.0,40.0,Clouds,scattered clouds,2.0,5.81,0.034323766536253165,0.0332522567124723,0.2002144935488602,2.0229592030693544,-0.34662371237426576,16.0,3.0,30.0,4.0,1
55,Fes,2026-04-30 16:36:42.167395,34.0181,-5.0078,0.14373558707825226,20.14,0.9377430597159931,0.20130085480523507,-0.32188673077220054,310.0,75.0,Clouds,broken clouds,2.0,1.98,-0.9844521109936415,-0.5223907508167321,-1.03318364723715,-0.9385032433258563,-0.978761576954979,16.0,3.0,30.0,4.0,2
55,Marrakech,2026-04-30 16:36:38.955115,31.6295,-7.9811,1.111803595451032,22.9,-0.6831314314488593,-0.10225047204716294,-0.5700303968946092,0.0,75.0,Clouds,broken clouds,2.0,3.02,-0.37001529769740155,-0.8830712995637595,0.477020965645929,-0.800468976756588,-0.8026750776028362,16.0,3.0,30.0,4.0,3
55,Rabat,2026-04-30 16:36:35.360371,34.0209,-6.8416,0.2715333439591479,20.22,-0.09372252557073117,0.8084035085100311,0.6804190578790976,340.0,40.0,Clouds,scattered clouds,2.0,4.12,-0.4479760976640212,0.4524215430941527,0.02962445841927081,1.7468906699308182,-0.3225543347649803,16.0,3.0,30.0,4.0,4
55,Tanger,2026-04-30 16:36:45.366343,35.7595,-5.834,0.3961361569180195,20.44,-0.6831314314488593,0.8084035085100311,0.6804190578790976,300.0,0.0,Clear,clear sky,3.0,2.51,-0.6197541314887764,-0.7368494554771268,1.2507916155544796,-0.17931477719488065,0.07015656307073484,16.0,3.0,30.0,4.0,5
56,Agadir,2026-04-30 17:37:08.430599,30.4278,-9.5981,1.1373631468272103,23.22,-0.020046412335965148,0.5048521816576331,1.5075646116204602,288.0,34.0,Clouds,scattered clouds,2.0,1.23,-0.9448110262648517,-1.0877818812850453,0.1615903346515942,-0.9761489523902023,-0.07679332128069323,17.0,3.0,30.0,4.0,0
56,Casablanca,2026-04-30 17:36:51.018707,33.5731,-7.5898,0.16290525061038724,19.63,-0.6831314314488593,1.1119548353624291,0.43227539175668894,50.0,69.0,Clouds,broken clouds,2.0,5.25,-0.1308474198337038,0.38418468252039073,0.13133474351540303,2.0166849182252973,-0.3529577591135511,17.0,3.0,30.0,4.0,1
56,Fes,2026-04-30 17:37:01.925317,34.0181,-5.0078,0.14373558707825226,20.01,0.5693624935421631,0.20130085480523507,-0.32188673077220054,310.0,75.0,Clouds,broken clouds,2.0,2.15,-0.9659529381202062,-0.16171020206970463,-1.4825113624086708,-0.9071318191055681,-0.9293560123885505,17.0,3.0,30.0,4.0,2
56,Marrakech,2026-04-30 17:36:58.704899,31.6295,-7.9811,1.5239513613919178,23.8,-2.15665369614418,0.20130085480523507,-0.26349998580222195,38.0,93.0,Clouds,overcast clouds,2.0,3.83,-0.16520302659865482,-0.6783607178424736,0.3032122506082343,-0.674983279875435,-0.6911958549914082,17.0,3.0,30.0,4.0,3
56,Rabat,2026-04-30 17:36:55.480781,34.0209,-6.8416,0.2779232318031925,20.24,-0.09372252557073117,1.1119548353624291,0.17926616355344865,350.0,40.0,Clouds,scattered clouds,2.0,3.73,-0.5219727891577619,0.8325983377193978,0.04893653786790334,1.6527763972699534,-0.24527896454569473,17.0,3.0,30.0,4.0,4
56,Tanger,2026-04-30 17:37:05.153365,35.7595,-5.834,-0.24285262748645525,18.55,0.20098192736833292,0.8084035085100311,-0.06887750256896022,310.0,0.0,Clear,clear sky,3.0,2.43,-0.6184327619978168,-0.6101238572687117,1.2398481038669211,-0.1981376317270536,0.07775741915787797,17.0,3.0,30.0,4.0,5
57,Agadir,2026-04-30 18:37:30.969626,30.4278,-9.5981,0.817868754624973,22.15,0.053629700898800876,0.5048521816576331,1.4637745528929764,296.0,26.0,Clouds,scattered clouds,2.0,1.2,-0.959346090665408,-1.0682856354068275,0.20858306130993406,-0.9761489523902023,-0.03878904084497932,18.0,3.0,30.0,4.0,0
57,Casablanca,2026-04-30 18:37:12.446024,33.5731,-7.5898,0.15971030668836436,19.73,-0.38842697850979524,1.1119548353624291,0.17926616355344865,60.0,20.0,Clouds,few clouds,2.0,4.68,-0.23787834860143597,0.7058727395109827,0.06181125750032534,1.9790392091609514,-0.261747486067837,18.0,3.0,30.0,4.0,1
57,Fes,2026-04-30 18:37:23.299060,34.0181,-5.0078,0.14373558707825226,20.01,0.5693624935421631,0.5048521816576331,-0.32188673077220054,320.0,75.0,Rain,light rain,2.0,2.25,-0.9487751347377307,0.10148911728623429,-1.8069542971457009,-0.8945832494174527,-0.8596814982564079,18.0,3.0,30.0,4.0,2
57,Marrakech,2026-04-30 18:37:20.106448,31.6295,-7.9811,1.7507923798555067,24.84,-1.4198925637965196,0.20130085480523507,-0.5700303968946092,0.0,75.0,Clouds,broken clouds,2.0,4.36,-0.040994294448447245,-0.41516139848653477,0.04314291403331331,-0.5745947223705126,-0.6012523912935501,18.0,3.0,30.0,4.0,3
57,Rabat,2026-04-30 18:37:16.222673,34.0209,-6.8416,0.2779232318031925,20.24,-0.09372252557073117,1.1119548353624291,0.17926616355344865,320.0,40.0,Clouds,scattered clouds,2.0,3.26,-0.6091831755610991,1.1932788864664254,0.030268194400892227,1.5774849791412615,-0.11226398302069335,18.0,3.0,30.0,4.0,4
57,Tanger,2026-04-30 18:37:26.513996,35.7595,-5.834,-0.24285262748645525,18.45,-0.09372252557073117,0.8084035085100311,0.17926616355344865,320.0,0.0,Clear,clear sky,3.0,2.36,-0.625039609452615,-0.4346576443647525,1.1831993374842653,-0.20441191657111127,0.09675955937573402,18.0,3.0,30.0,4.0,5
58,Agadir,2026-04-30 19:37:49.206214,30.4278,-9.5981,0.817868754624973,22.18,0.1273058141335669,0.8084035085100311,0.17926616355344865,293.0,0.0,Clear,clear sky,2.0,1.2,-0.9514178737196501,-1.039041266589501,0.22789514075856662,-0.9761489523902023,0.005549286330019934,19.0,3.0,30.0,4.0,0
58,Casablanca,2026-04-30 19:37:32.868095,33.5731,-7.5898,-0.17575880512398512,18.68,-0.09372252557073117,1.415506162214827,-0.06887750256896022,50.0,20.0,Clouds,few clouds,2.0,4.17,-0.24580656554719396,0.9788201818060305,-0.06822341078713472,1.9162963607203747,-0.29468452911212334,19.0,3.0,30.0,4.0,1
58,Fes,2026-04-30 19:37:42.673144,34.0181,-5.0078,0.14373558707825226,20.01,0.5693624935421631,1.1119548353624291,-0.5700303968946092,310.0,75.0,Clouds,broken clouds,1.0,2.26,-0.9461323957558113,0.432925297215935,-2.1816086384491755,-0.8820346797293374,-0.9850956236942644,19.0,3.0,30.0,4.0,2
58,Marrakech,2026-04-30 19:37:39.413122,31.6295,-7.9811,1.111803595451032,22.72,-1.1988642240922216,0.5048521816576331,-1.0711832912202583,0.0,40.0,Clouds,scattered clouds,2.0,4.49,-0.014566904629254229,-0.034984603861289695,-0.35082350671879353,-0.5369490133061666,-0.693729473687122,19.0,3.0,30.0,4.0,3
58,Rabat,2026-04-30 19:37:36.116924,34.0209,-6.8416,-0.041571160399044876,19.14,-0.09372252557073117,1.415506162214827,-0.06887750256896022,360.0,40.0,Clouds,scattered clouds,2.0,2.85,-0.6831798670548399,1.66118878754365,-0.09912273790494731,1.539839270076916,-0.0805937493242648,19.0,3.0,30.0,4.0,4
58,Tanger,2026-04-30 19:37:45.959761,35.7595,-5.834,-0.24285262748645525,18.45,-0.09372252557073117,1.1119548353624291,-0.06887750256896022,310.0,0.0,Clear,clear sky,3.0,2.35,-0.6210755009797361,0.05274850259069001,0.9018867135158485,-0.2546061953235725,0.18796983242144813,19.0,3.0,30.0,4.0,5
59,Agadir,2026-04-30 20:38:07.674707,30.4278,-9.5981,0.1788799702204982,20.16,0.643038606776929,1.1119548353624291,-0.16132318210475954,299.0,34.0,Clouds,scattered clouds,2.0,1.22,-0.9329187008462149,-1.039041266589501,0.24978216413368393,-0.9698746675461446,0.019484189156448426,20.0,3.0,30.0,4.0,0
59,Casablanca,2026-04-30 20:37:51.344785,33.5731,-7.5898,-0.5144228608583563,17.61,0.20098192736833292,1.7190574890672252,-0.06887750256896022,50.0,20.0,Clouds,few clouds,2.0,3.95,-0.1731312435444128,1.15428639470999,-0.15255282437949774,1.8786506516560288,-0.1452010260649797,20.0,3.0,30.0,4.0,1
59,Fes,2026-04-30 20:38:01.184137,34.0181,-5.0078,-0.17575880512398512,19.04,0.9377430597159931,1.415506162214827,-0.06887750256896022,280.0,75.0,Clouds,broken clouds,1.0,2.29,-0.9408469177919728,0.6766283706936562,-2.4860957577559515,-0.8820346797293374,-1.0205662854342645,20.0,3.0,30.0,4.0,2
59,Marrakech,2026-04-30 20:37:57.952491,31.6295,-7.9811,1.111803595451032,22.72,-1.1988642240922216,1.1119548353624291,-0.32188673077220054,150.0,40.0,Clouds,scattered clouds,2.0,4.48,0.0012895292622617713,0.2574590843119758,-0.6192614110547885,-0.549497582994282,-0.5670485389014078,20.0,3.0,30.0,4.0,3
59,Rabat,2026-04-30 20:37:54.666250,34.0209,-6.8416,-0.6805599448035197,17.17,0.5693624935421631,1.7190574890672252,-0.32188673077220054,340.0,40.0,Clouds,scattered clouds,2.0,2.7,-0.7003576704373154,1.9926249674733507,-0.2304448781556502,1.5586621246090884,0.10436041546287717,20.0,3.0,30.0,4.0,4
59,Tanger,2026-04-30 20:38:04.427031,35.7595,-5.834,-0.5623470196886926,17.35,-0.09372252557073117,1.415506162214827,-0.32188673077220054,300.0,0.0,Clear,clear sky,3.0,2.38,-0.6078618060701395,0.4524215430941527,0.6064118979517676,-0.3048004740760336,0.35265504764287803,20.0,3.0,30.0,4.0,5
60,Agadir,2026-04-30 21:38:26.495222,30.4278,-9.5981,-0.4601088141839766,18.01,0.7903908332464611,1.415506162214827,-1.0079309841694484,360.0,56.0,Clouds,broken clouds,2.0,1.23,-0.9157408974637393,-1.04878938952861,0.30128104266337097,-0.9636003827020869,0.03468590133073471,21.0,3.0,30.0,4.0,0
60,Casablanca,2026-04-30 21:38:10.125978,33.5731,-7.5898,-0.5144228608583563,17.61,0.20098192736833292,2.0226088159196234,-0.06887750256896022,70.0,35.0,Clouds,scattered clouds,2.0,3.86,-0.11631235543314766,1.2225232552837517,-0.2085578547805329,1.7468906699308182,0.02961866393930535,21.0,3.0,30.0,4.0,1
60,Fes,2026-04-30 21:38:20.083643,34.0181,-5.0078,-0.8147475895284599,17.0,1.3797997391245893,1.415506162214827,0.17926616355344865,300.0,75.0,Clouds,broken clouds,1.0,2.33,-0.9342400703371745,0.8325983377193978,-2.639304921381771,-0.8757603948852799,-1.034501188260693,21.0,3.0,30.0,4.0,2
60,Marrakech,2026-04-30 21:38:16.552045,31.6295,-7.9811,0.7923092032487945,21.7,-0.9778358843879235,1.415506162214827,-0.5700303968946092,150.0,40.0,Clouds,scattered clouds,2.0,4.41,0.007896376717059908,0.4036809283986084,-0.7763329905703344,-0.5745947223705126,-0.4403676041156936,21.0,3.0,30.0,4.0,3
60,Rabat,2026-04-30 21:38:13.333364,34.0209,-6.8416,-1.000054337005757,16.36,1.3797997391245893,1.7190574890672252,-0.8230396250978494,10.0,40.0,Clouds,scattered clouds,2.0,2.69,-0.6871439755277189,2.0608618280471127,-0.324430331472329,1.5649364094531464,0.22344049416144823,21.0,3.0,30.0,4.0,4
60,Tanger,2026-04-30 21:38:23.296985,35.7595,-5.834,-0.88184141189093,16.48,0.5693624935421631,1.7190574890672252,-0.5700303968946092,290.0,0.0,Clear,clear sky,2.0,2.41,-0.5946481111605431,0.6571321248154385,0.4564214142340536,-0.29852618923197594,0.48313641047216205,21.0,3.0,30.0,4.0,5
61,Agadir,2026-04-30 22:38:51.620187,30.4278,-9.5981,-0.7796032063862139,16.96,0.9377430597159931,1.415506162214827,-1.0030654220886166,112.0,58.0,Clouds,broken clouds,2.0,1.25,-0.8853493991716673,-1.0585375124677188,0.3057871945347191,-0.9510518130139716,-0.02612094736640862,22.0,3.0,30.0,4.0,0
61,Casablanca,2026-04-30 22:38:35.024445,33.5731,-7.5898,-0.5144228608583563,17.61,0.20098192736833292,1.7190574890672252,-0.32188673077220054,80.0,44.0,Clouds,scattered clouds,2.0,3.85,-0.07138579274051939,1.2712638699792957,-0.33794878708637155,1.4206278580398202,0.08029103785359175,22.0,3.0,30.0,4.0,1
61,Fes,2026-04-30 22:38:44.766185,34.0181,-5.0078,-0.8147475895284599,16.84,0.9377430597159931,1.7190574890672252,-0.06887750256896022,300.0,75.0,Clouds,broken clouds,1.0,2.36,-0.9263118533914165,0.9593239359278128,-2.8124699004378444,-0.9008575342615105,-1.144713601524265,22.0,3.0,30.0,4.0,2
61,Marrakech,2026-04-30 22:38:41.507843,31.6295,-7.9811,0.15332041884431974,19.7,-0.38842697850979524,1.415506162214827,0.6804190578790976,20.0,40.0,Clouds,scattered clouds,2.0,4.31,0.003932268244181026,0.4719177889723704,-0.9288984182145332,-0.6122404314348585,-0.5125757369435516,22.0,3.0,30.0,4.0,3
61,Rabat,2026-04-30 22:38:38.271377,34.0209,-6.8416,-1.6390431214102323,14.16,1.3797997391245893,2.0226088159196234,-1.5723361855459073,0.0,40.0,Clouds,scattered clouds,2.0,2.77,-0.659395216217566,2.1778393033164187,-0.5523128689661956,1.370433579287359,0.17150131089930584,22.0,3.0,30.0,4.0,4
61,Tanger,2026-04-30 22:38:48.349103,35.7595,-5.834,-1.2013358040931668,15.51,0.9377430597159931,1.7190574890672252,-1.3241925194234985,0.0,11.0,Clouds,few clouds,2.0,2.45,-0.5814344162509464,0.8520945835976156,0.34569882539522606,-0.24833191047951486,0.5528109246043063,22.0,3.0,30.0,4.0,5
62,Agadir,2026-04-30 23:39:10.622531,30.4278,-9.5981,-0.7796032063862139,17.01,1.0850952861855252,1.415506162214827,-0.31215560661053743,110.0,67.0,Clouds,broken clouds,2.0,1.29,-0.8496724229157565,-1.0682856354068275,0.3231680660384883,-0.9447775281699139,-0.02105370997497926,23.0,3.0,30.0,4.0,0
62,Casablanca,2026-04-30 23:38:54.511113,33.5731,-7.5898,-0.8498919726707058,16.59,0.5693624935421631,1.7190574890672252,-0.8230396250978494,80.0,40.0,Clouds,scattered clouds,2.0,3.94,-0.009281426665415484,1.3200044846748402,-0.4731333432268011,0.9939764886439,0.252577109162163,23.0,3.0,30.0,4.0,1
62,Fes,2026-04-30 23:39:04.181757,34.0181,-5.0078,-0.8147475895284599,16.84,0.9377430597159931,1.7190574890672252,-0.32188673077220054,260.0,75.0,Clouds,broken clouds,1.0,2.39,-0.9223477449185375,0.9885683047451391,-3.058377045417101,-0.9573260978580292,-1.1662493604378366,23.0,3.0,30.0,4.0,2
62,Marrakech,2026-04-30 23:39:00.948439,31.6295,-7.9811,-0.16617397335791764,18.58,-0.46210309174456127,1.415506162214827,-0.32188673077220054,20.0,40.0,Clouds,scattered clouds,2.0,4.32,0.017145963153777536,0.49141403485058816,-0.995846960303127,-0.6373375708110891,-0.44290122281140737,23.0,3.0,30.0,4.0,3
62,Rabat,2026-04-30 23:38:57.734087,34.0209,-6.8416,-2.278031905814707,12.12,1.8218564185331854,1.7190574890672252,-1.5723361855459073,0.0,40.0,Clouds,scattered clouds,2.0,2.96,-0.6091831755610991,2.343557393281269,-0.7917826541292412,1.1194621855250528,0.2563775372057346,23.0,3.0,30.0,4.0,4
62,Tanger,2026-04-30 23:39:07.411504,35.7595,-5.834,-1.5208301962954043,14.41,0.9377430597159931,1.7190574890672252,-1.3241925194234985,0.0,10.0,Clear,clear sky,2.0,2.47,-0.5735061993051885,0.8910870753540511,0.22853887674018802,-0.28597761954386064,0.5274747376471631,23.0,3.0,30.0,4.0,5
63,Agadir,2026-05-01 00:39:28.560050,30.4278,-9.5981,-0.7796032063862139,17.01,1.0850952861855252,1.415506162214827,0.15007279106845936,107.0,73.0,Clouds,broken clouds,2.0,1.31,-0.824566402587523,-1.0780337583459365,0.32509927398335164,-0.9322289584817987,-0.015986472583551698,0.0,4.0,1.0,5.0,0
63,Casablanca,2026-05-01 00:39:12.352987,33.5731,-7.5898,-0.8498919726707058,16.59,0.5693624935421631,1.7190574890672252,-0.8230396250978494,90.0,34.0,Clouds,scattered clouds,2.0,4.04,0.052822939409688185,1.2322713782228603,-0.6147552591834412,0.6865365312850751,0.40459423090502045,0.0,4.0,1.0,5.0,1
63,Fes,2026-05-01 00:39:22.122383,34.0181,-5.0078,-1.1342419817306972,15.9,1.3797997391245893,1.7190574890672252,-1.3241925194234985,0.0,75.0,Clouds,broken clouds,1.0,2.4,-0.9302759618642956,0.8423464606585065,-3.2399105922342484,-1.0075203766104905,-1.197919594134265,0.0,4.0,1.0,5.0,2
63,Marrakech,2026-05-01 00:39:18.922220,31.6295,-7.9811,-0.8051627577623924,16.61,0.20098192736833292,1.415506162214827,-0.5700303968946092,0.0,40.0,Clouds,scattered clouds,2.0,4.38,0.029038288572414417,0.39393280545949955,-1.0145153037701382,-0.6624347101873197,-0.38462799280997967,0.0,4.0,1.0,5.0,3
63,Rabat,2026-05-01 00:39:15.707561,34.0209,-6.8416,-2.5975262980169447,11.17,2.2639130979417814,1.7190574890672252,-1.5723361855459073,0.0,40.0,Clouds,scattered clouds,2.0,3.19,-0.548400178976955,2.226579918011963,-0.9591540093507244,0.9563307795795541,0.27537967742359065,0.0,4.0,1.0,5.0,4
63,Tanger,2026-05-01 00:39:25.346750,35.7595,-5.834,-1.8403245884976416,13.31,0.9377430597159931,1.7190574890672252,-1.0711832912202583,30.0,25.0,Clouds,scattered clouds,2.0,2.47,-0.5748275687961482,0.7058727395109827,0.11073519210352856,-0.34244618314037956,0.48947045721144916,0.0,4.0,1.0,5.0,5
64,Agadir,2026-05-01 09:31:37.759187,30.4278,-9.5981,-0.4601088141839766,17.96,0.643038606776929,1.415506162214827,-0.7111316972387239,224.0,100.0,Clouds,overcast clouds,2.0,2.34,-0.16520302659865482,-0.8343306848682153,-0.3611232824247317,-0.8255661161328186,-0.09579546149855109,9.0,4.0,1.0,5.0,0
64,Casablanca,2026-05-01 09:31:21.199813,33.5731,-7.5898,-0.9074009632671085,16.39,0.5693624935421631,1.7190574890672252,-0.9203508667144804,100.0,13.0,Clouds,few clouds,2.0,6.25,0.7148290543804758,1.7684181398738472,-1.4052630446141405,0.32890229517378905,0.09802636872359181,9.0,4.0,1.0,5.0,1
64,Fes,2026-05-01 09:31:31.274085,34.0181,-5.0078,-0.4952531973262225,17.94,0.9377430597159931,1.7190574890672252,-0.32188673077220054,60.0,0.0,Clear,clear sky,1.0,2.59,-0.9474537652467709,0.38418468252039073,-3.8244228635461988,-1.0451660856748364,-1.8642613111071207,9.0,4.0,1.0,5.0,2
64,Marrakech,2026-05-01 09:31:27.918871,31.6295,-7.9811,-0.8051627577623924,16.74,0.5693624935421631,1.415506162214827,-0.8230396250978494,0.0,40.0,Clouds,scattered clouds,2.0,5.1,0.1321051088672677,3.0746666137144327,-2.0541489140881994,-0.6498861404992045,-0.23261087106712222,9.0,4.0,1.0,5.0,3
64,Rabat,2026-05-01 09:31:24.472037,34.0209,-6.8416,-0.6805599448035197,17.62,1.8218564185331854,1.7190574890672252,-0.5700303968946092,40.0,12.0,Clouds,few clouds,2.0,5.74,-0.034387446993648874,2.947941015506018,-1.4606243390335543,1.4896449913244545,0.06888975372287705,9.0,4.0,1.0,5.0,4
64,Tanger,2026-05-01 09:31:34.492561,35.7595,-5.834,-1.2013358040931668,15.67,1.3797997391245893,2.0226088159196234,-0.8230396250978494,80.0,0.0,Clear,clear sky,2.0,2.81,-0.5193300501758427,1.0373089194406837,-0.5548878128926794,-0.2922519043879183,0.41219508699216356,9.0,4.0,1.0,5.0,5
65,Agadir,2026-05-01 10:31:56.945362,30.4278,-9.5981,0.1788799702204982,20.08,0.422010267072631,1.7190574890672252,-0.21970992707473813,250.0,100.0,Clouds,overcast clouds,2.0,2.71,0.06735800381024455,-0.8635750536855418,-0.3926663455241648,-0.8318404009768763,-0.09959588954212265,10.0,4.0,1.0,5.0,0
65,Casablanca,2026-05-01 10:31:40.250757,33.5731,-7.5898,-0.17575880512398512,18.55,-0.46210309174456127,1.7190574890672252,-0.06887750256896022,80.0,0.0,Clear,clear sky,2.0,6.95,0.9513541932622541,0.3061996990075201,-0.3141305557663918,0.9626050644236116,-0.11606441106426492,10.0,4.0,1.0,5.0,1
65,Fes,2026-05-01 10:31:50.235508,34.0181,-5.0078,0.14373558707825226,19.88,0.20098192736833292,1.415506162214827,-0.32188673077220054,60.0,0.0,Clear,clear sky,2.0,2.36,-0.9831307415026818,-0.7368494554771268,-0.9437043457918185,-1.020068946298606,-1.3144660541371225,10.0,4.0,1.0,5.0,2
65,Marrakech,2026-05-01 10:31:46.912720,31.6295,-7.9811,-0.16617397335791764,18.81,0.20098192736833292,1.415506162214827,-0.5700303968946092,300.0,40.0,Clouds,scattered clouds,2.0,4.72,0.16646071563221873,-0.034984603861289695,-0.6636791937866435,-0.8192918312887609,-0.48977316868212223,10.0,4.0,1.0,5.0,3
65,Rabat,2026-05-01 10:31:43.502419,34.0209,-6.8416,-0.041571160399044876,19.14,-0.09372252557073117,1.7190574890672252,-0.5700303968946092,50.0,12.0,Clouds,few clouds,2.0,6.33,0.0409306139910513,1.4467300828832552,-0.29095606042803257,2.154719184794565,-0.02612094736640862,10.0,4.0,1.0,5.0,4
65,Tanger,2026-05-01 10:31:53.566270,35.7595,-5.834,-0.24285262748645525,18.55,0.20098192736833292,2.0226088159196234,-0.06887750256896022,260.0,75.0,Clouds,broken clouds,2.0,2.38,-0.625039609452615,-0.3859170296692082,0.4210159352448938,-0.19186334688299594,0.006816095677877724,10.0,4.0,1.0,5.0,5
66,Agadir,2026-05-01 11:32:16.493863,30.4278,-9.5981,0.817868754624973,22.25,0.348334153837865,1.415506162214827,0.08195492193681768,245.0,100.0,Clouds,overcast clouds,2.0,3.32,0.41355681044167425,-0.902567545441977,-0.4409465441457466,-0.8067432616006457,-0.105929936281408,11.0,4.0,1.0,5.0,0
66,Casablanca,2026-05-01 11:31:59.352396,33.5731,-7.5898,0.15971030668836436,19.62,-0.6831314314488593,1.7190574890672252,-0.06887750256896022,30.0,0.0,Clear,clear sky,2.0,8.03,1.1627733118157992,-0.30793204615633746,0.20472064542020738,1.0065250583320153,-0.363092233896408,11.0,4.0,1.0,5.0,1
66,Fes,2026-05-01 11:32:09.422228,34.0181,-5.0078,0.46322997928048965,21.01,0.27465804060309895,1.415506162214827,-0.06887750256896022,60.0,0.0,Clear,clear sky,2.0,2.48,-0.9672743076111658,-0.9415600371984125,-0.5722686843964486,-1.0263432311426635,-1.4550818917492652,11.0,4.0,1.0,5.0,2
66,Marrakech,2026-05-01 11:32:06.002566,31.6295,-7.9811,0.47281481104655715,20.91,-0.09372252557073117,1.415506162214827,-1.0711832912202583,0.0,40.0,Clouds,scattered clouds,2.0,4.82,0.15853249868646074,-0.6003757343296029,-0.32121165156422377,-0.8569375403531069,-0.7798725093414086,11.0,4.0,1.0,5.0,3
66,Rabat,2026-05-01 11:32:02.625043,34.0209,-6.8416,0.5974176240054299,21.13,-0.6831314314488593,1.7190574890672252,-0.5700303968946092,360.0,10.0,Clear,clear sky,2.0,7.82,0.22592234272540315,0.5206584036679147,0.319949386130383,2.230010602923257,-0.22374320563212308,11.0,4.0,1.0,5.0,4
66,Tanger,2026-05-01 11:32:12.866045,35.7595,-5.834,-0.24285262748645525,18.45,-0.09372252557073117,2.0226088159196234,-0.32188673077220054,250.0,75.0,Clouds,broken clouds,2.0,2.38,-0.625039609452615,-0.3859170296692082,0.4210159352448938,-0.19186334688299594,0.006816095677877724,11.0,4.0,1.0,5.0,5
67,Agadir,2026-05-01 12:09:37.569032,30.4278,-9.5981,1.1373631468272103,23.35,0.348334153837865,1.415506162214827,0.08195492193681768,245.0,100.0,Clouds,overcast clouds,2.0,3.32,0.41355681044167425,-0.902567545441977,-0.4409465441457466,-0.8067432616006457,-0.105929936281408,12.0,4.0,1.0,5.0,0
67,Casablanca,2026-05-01 12:09:21.487587,33.5731,-7.5898,0.15651536276634148,19.61,-0.6831314314488593,1.7190574890672252,-0.2683655478830534,30.0,25.0,Clouds,scattered clouds,2.0,8.03,1.1627733118157992,-0.30793204615633746,0.20472064542020738,1.0065250583320153,-0.363092233896408,12.0,4.0,1.0,5.0,1
67,Fes,2026-05-01 12:09:31.143739,34.0181,-5.0078,0.782724371482727,21.98,-0.09372252557073117,1.415506162214827,-0.06887750256896022,60.0,0.0,Clear,clear sky,2.0,2.48,-0.9672743076111658,-0.9415600371984125,-0.5722686843964486,-1.0263432311426635,-1.4550818917492652,12.0,4.0,1.0,5.0,2
67,Marrakech,2026-05-01 12:09:27.945493,31.6295,-7.9811,0.7923092032487945,21.8,-0.6831314314488593,1.1119548353624291,-0.8230396250978494,0.0,40.0,Clouds,scattered clouds,2.0,4.82,0.15853249868646074,-0.6003757343296029,-0.32121165156422377,-0.8569375403531069,-0.7798725093414086,12.0,4.0,1.0,5.0,3
67,Rabat,2026-05-01 12:09:24.716990,34.0209,-6.8416,0.2715333439591479,20.11,-0.38842697850979524,1.7190574890672252,0.43227539175668894,320.0,0.0,Clear,clear sky,2.0,7.82,0.22592234272540315,0.5206584036679147,0.319949386130383,2.230010602923257,-0.22374320563212308,12.0,4.0,1.0,5.0,4
67,Tanger,2026-05-01 12:09:34.381771,35.7595,-5.834,0.07664176471578214,19.44,-0.38842697850979524,2.0226088159196234,-0.32188673077220054,260.0,75.0,Clouds,broken clouds,3.0,2.33,-0.659395216217566,-0.6783607178424736,0.6276551853452644,-0.29852618923197594,-0.08566098671569417,12.0,4.0,1.0,5.0,5
68,Agadir,2026-05-01 13:09:55.543377,30.4278,-9.5981,1.776351931231685,25.55,0.348334153837865,1.415506162214827,0.398216457190868,244.0,100.0,Clouds,overcast clouds,2.0,3.9,0.6580101662692105,-0.9513081601375214,-0.4589711516311372,-0.7753718373803574,-0.11353079236855114,13.0,4.0,1.0,5.0,0
68,Casablanca,2026-05-01 13:09:39.314041,33.5731,-7.5898,0.33543222239959514,20.12,-0.9778358843879235,1.7190574890672252,-0.2683655478830534,50.0,25.0,Clouds,scattered clouds,3.0,9.12,1.3068025863304016,-0.5418869966949498,0.5259449002491313,1.0943650461488224,-0.518909783682837,13.0,4.0,1.0,5.0,1
68,Fes,2026-05-01 13:09:49.016396,34.0181,-5.0078,1.1022187636849645,22.87,-0.6831314314488593,1.1119548353624291,-0.32188673077220054,30.0,40.0,Clouds,scattered clouds,2.0,2.83,-0.9144195279727796,-0.9805525289548479,-0.4937328946386756,-1.013794661454548,-1.5956977293614079,13.0,4.0,1.0,5.0,2
68,Marrakech,2026-05-01 13:09:45.769277,31.6295,-7.9811,1.111803595451032,22.8,-0.9778358843879235,1.1119548353624291,-0.32188673077220054,0.0,40.0,Clouds,scattered clouds,2.0,5.21,0.23517192916212076,-0.7660938242944533,-0.1248721771697913,-0.8443889706649916,-0.9597594367371229,13.0,4.0,1.0,5.0,3
68,Rabat,2026-05-01 13:09:42.540025,34.0209,-6.8416,0.5974176240054299,21.23,-0.38842697850979524,1.7190574890672252,0.17926616355344865,330.0,10.0,Clear,clear sky,3.0,9.26,0.410914071459755,-0.05448084973950741,0.7724957812100098,2.3743191543365834,-0.42009865454997974,13.0,4.0,1.0,5.0,4
68,Tanger,2026-05-01 13:09:52.285387,35.7595,-5.834,0.07664176471578214,19.44,-0.38842697850979524,1.7190574890672252,-0.06887750256896022,270.0,75.0,Clouds,broken clouds,3.0,2.33,-0.6778943890910013,-0.8148344389899976,0.7428839260554391,-0.34244618314037956,-0.14393421671712192,13.0,4.0,1.0,5.0,5
69,Agadir,2026-05-01 14:10:13.493127,30.4278,-9.5981,1.776351931231685,25.55,0.348334153837865,1.1119548353624291,0.8409826065465386,257.0,52.0,Clouds,broken clouds,2.0,4.44,0.745220552672548,-0.9805525289548479,-0.44738390396195715,-0.7189032737838387,-0.052723943671407814,14.0,4.0,1.0,5.0,0
69,Casablanca,2026-05-01 14:09:57.378894,33.5731,-7.5898,0.33543222239959514,20.12,-0.9778358843879235,1.7190574890672252,0.16953503939178555,40.0,51.0,Clouds,broken clouds,3.0,8.36,0.8773575017685136,-0.6978569637206913,0.7061909751030374,0.8245707978543435,-0.390962039549265,14.0,4.0,1.0,5.0,1
69,Fes,2026-05-01 14:10:07.042604,34.0181,-5.0078,1.4217131558872018,23.86,-0.9778358843879235,0.8084035085100311,-0.5700303968946092,80.0,40.0,Clouds,scattered clouds,2.0,3.03,-0.8760998127349496,-1.0000487748330655,-0.2677815650896734,-1.0075203766104905,-1.4854853160978359,14.0,4.0,1.0,5.0,2
69,Marrakech,2026-05-01 14:10:03.799878,31.6295,-7.9811,1.7475974359334838,24.91,-1.1988642240922216,0.8084035085100311,-0.5700303968946092,0.0,40.0,Clouds,scattered clouds,2.0,4.58,0.023752810608575908,-0.8928194225028683,0.4268095590794838,-0.8443889706649916,-0.9559590086935514,14.0,4.0,1.0,5.0,3
69,Rabat,2026-05-01 14:10:00.572634,34.0209,-6.8416,0.5974176240054299,21.23,-0.38842697850979524,1.415506162214827,1.1815719522047468,340.0,78.0,Clouds,broken clouds,3.0,8.19,0.18760262748757325,-0.46390201318207896,1.0177591902076446,1.9790392091609514,-0.4568361256378359,14.0,4.0,1.0,5.0,4
69,Tanger,2026-05-01 14:10:10.273996,35.7595,-5.834,0.07983670863780501,19.45,-0.38842697850979524,1.7190574890672252,-0.06887750256896022,280.0,75.0,Clouds,broken clouds,3.0,2.29,-0.7016790399282751,-0.8635750536855418,0.7982452204748529,-0.36754332251661015,-0.17813806910926605,14.0,4.0,1.0,5.0,5
70,Agadir,2026-05-01 15:10:32.821754,30.4278,-9.5981,1.776351931231685,25.53,0.27465804060309895,1.1119548353624291,0.6123011887474561,269.0,48.0,Clouds,scattered clouds,2.0,5.62,0.5906203222302681,-1.0000487748330655,-0.3965287614138915,-0.5118518739299361,0.027085045243591566,15.0,4.0,1.0,5.0,0
70,Casablanca,2026-05-01 15:10:15.887260,33.5731,-7.5898,0.15651536276634148,19.72,-0.38842697850979524,1.415506162214827,0.16953503939178555,20.0,74.0,Clouds,broken clouds,3.0,7.89,0.453197895170464,-0.6881088407815824,1.03256511778493,1.6841478214902414,-0.6240549595549796,15.0,4.0,1.0,5.0,1
70,Fes,2026-05-01 15:10:25.959672,34.0181,-5.0078,2.0607019402916764,25.95,-1.4198925637965196,0.8084035085100311,-0.5700303968946092,0.0,40.0,Clouds,scattered clouds,2.0,2.8,-0.8972417245903042,-0.9903006518939568,-0.08689175425414675,-0.9886975220783175,-1.6121662508835501,15.0,4.0,1.0,5.0,2
70,Marrakech,2026-05-01 15:10:22.480495,31.6295,-7.9811,2.3897811642599813,27.22,-1.6409209035008177,0.5048521816576331,-0.06887750256896022,310.0,40.0,Clouds,scattered clouds,3.0,4.3,-0.005317318192536601,-0.9220637913201948,0.686878895654404,-0.7879204070684727,-1.1333123173935502,15.0,4.0,1.0,5.0,3
70,Rabat,2026-05-01 15:10:19.135222,34.0209,-6.8416,0.5974176240054299,21.13,-0.6831314314488593,1.415506162214827,0.9285627240015063,340.0,88.0,Clouds,overcast clouds,3.0,7.84,0.12417689192150971,-0.5321388737558409,1.2424230477934057,2.0857020515099314,-0.5670485389014078,15.0,4.0,1.0,5.0,4
70,Tanger,2026-05-01 15:10:29.340751,35.7595,-5.834,0.3961361569180195,20.44,-0.6831314314488593,1.415506162214827,0.17926616355344865,300.0,75.0,Clouds,broken clouds,3.0,2.35,-0.6792157585819609,-0.8343306848682153,0.8664812345266887,-0.32989761345226426,-0.22501001497997908,15.0,4.0,1.0,5.0,5
71,Agadir,2026-05-01 16:10:52.721296,30.4278,-9.5981,1.776351931231685,25.4,-0.09372252557073117,0.8084035085100311,0.943159410244001,271.0,36.0,Clouds,scattered clouds,2.0,6.32,0.6884016645612826,-0.9903006518939568,-0.24975695760428274,-0.4051890315809561,0.0866250845928771,16.0,4.0,1.0,5.0,0
71,Casablanca,2026-05-01 16:10:35.875192,33.5731,-7.5898,0.16290525061038724,19.74,-0.38842697850979524,1.415506162214827,0.43227539175668894,40.0,0.0,Clear,clear sky,3.0,8.14,0.44659104771566566,-0.590627611390494,1.1651747299988746,2.073153481821816,-0.7976078402114086,16.0,4.0,1.0,5.0,1
71,Fes,2026-05-01 16:10:45.881218,34.0181,-5.0078,2.0607019402916764,25.95,-1.4198925637965196,0.5048521816576331,0.17926616355344865,20.0,40.0,Clouds,scattered clouds,2.0,2.94,-0.8628861178253531,-0.9805525289548479,-0.02638057198176437,-0.9573260978580292,-1.7084437613206935,16.0,4.0,1.0,5.0,2
71,Marrakech,2026-05-01 16:10:42.589184,31.6295,-7.9811,2.3897811642599813,27.06,-1.8619492432051157,0.20130085480523507,-0.5700303968946092,0.0,40.0,Clouds,scattered clouds,3.0,5.07,0.2906694477824263,-0.8928194225028683,0.7190656947354584,-0.7063547040957233,-1.2131213063085515,16.0,4.0,1.0,5.0,3
71,Rabat,2026-05-01 16:10:39.211886,34.0209,-6.8416,0.5974176240054299,21.23,-0.38842697850979524,1.415506162214827,0.6804190578790976,350.0,92.0,Clouds,overcast clouds,3.0,7.25,0.030359658063374047,-0.42490952142564364,1.2565852393890697,2.004136348537182,-0.6721937147735504,16.0,4.0,1.0,5.0,4
71,Tanger,2026-05-01 16:10:49.297319,35.7595,-5.834,0.3961361569180195,20.44,-0.6831314314488593,1.415506162214827,0.9285627240015063,320.0,75.0,Clouds,broken clouds,3.0,2.33,-0.6673234331633241,-0.8050863160508888,0.8690561784531734,-0.3236233286082066,-0.28835048237283617,16.0,4.0,1.0,5.0,5
72,Agadir,2026-05-01 17:11:11.291356,30.4278,-9.5981,1.4568575390294478,24.22,-0.3147508652750292,0.5048521816576331,1.308076566306367,276.0,32.0,Clouds,scattered clouds,2.0,7.19,0.8218599831482079,-0.9610562830766303,-0.03989902759580687,-0.27970333469980296,0.08282465654930553,17.0,4.0,1.0,5.0,0
72,Casablanca,2026-05-01 17:10:55.135021,33.5731,-7.5898,0.15651536276634148,19.72,-0.38842697850979524,1.1119548353624291,0.38361977094837324,50.0,82.0,Clouds,broken clouds,3.0,8.24,0.4479124172066253,-0.3859170296692082,1.3615142043933073,2.5813705541904857,-0.7177988512964074,17.0,4.0,1.0,5.0,1
72,Fes,2026-05-01 17:11:04.847224,34.0181,-5.0078,2.0607019402916764,25.95,-1.6409209035008177,0.5048521816576331,-0.32188673077220054,0.0,40.0,Clouds,scattered clouds,2.0,3.17,-0.8047458602231282,-0.9220637913201948,0.07404224115112591,-0.9071318191055681,-1.6679058621892642,17.0,4.0,1.0,5.0,2
72,Marrakech,2026-05-01 17:11:01.570508,31.6295,-7.9811,3.0287699486644564,28.5,-2.230329809378946,0.20130085480523507,-0.5700303968946092,0.0,40.0,Clouds,scattered clouds,3.0,6.84,0.9077490000605857,-0.717353209598909,0.7834392928975675,-0.5432232981502243,-1.015499048042837,17.0,4.0,1.0,5.0,3
72,Rabat,2026-05-01 17:10:58.355585,34.0209,-6.8416,0.2779232318031925,20.13,-0.38842697850979524,1.415506162214827,0.9285627240015063,350.0,94.0,Clouds,overcast clouds,3.0,6.67,-0.05024388088516488,-0.16171020206970463,1.2894157744517447,2.029233487913412,-0.6367230530335503,17.0,4.0,1.0,5.0,4
72,Tanger,2026-05-01 17:11:08.058410,35.7595,-5.834,0.3961361569180195,20.44,-0.6831314314488593,1.415506162214827,1.1815719522047468,320.0,75.0,Clouds,broken clouds,3.0,2.4,-0.6197541314887764,-0.7271013325380179,0.8832183700488373,-0.3110747589200913,-0.3364892375914088,17.0,4.0,1.0,5.0,5
73,Agadir,2026-05-01 18:11:29.319434,30.4278,-9.5981,1.1373631468272103,23.04,-0.5357792049793273,0.5048521816576331,0.9480249723248324,286.0,26.0,Clouds,scattered clouds,2.0,7.69,0.8535728509312398,-0.9220637913201948,0.1429219911845831,-0.17931477719488065,0.05242123220073477,18.0,4.0,1.0,5.0,0
73,Casablanca,2026-05-01 18:11:12.947869,33.5731,-7.5898,0.15651536276634148,19.72,-0.38842697850979524,1.415506162214827,0.38361977094837324,50.0,86.0,Clouds,overcast clouds,3.0,8.02,0.4360200917879884,-0.10322146443505169,1.4400499941510803,2.9766504993661176,-0.5797166323799803,18.0,4.0,1.0,5.0,1
73,Fes,2026-05-01 18:11:22.892547,34.0181,-5.0078,2.0607019402916764,25.95,-1.6409209035008177,0.5048521816576331,-0.5700303968946092,40.0,40.0,Clouds,scattered clouds,2.0,3.55,-0.717535473819791,-0.785590070172671,0.11974749584622386,-0.8443889706649916,-1.6096326321878363,18.0,4.0,1.0,5.0,2
73,Marrakech,2026-05-01 18:11:19.660457,31.6295,-7.9811,3.0287699486644564,28.33,-2.377682035848478,0.20130085480523507,-0.5700303968946092,270.0,40.0,Clouds,scattered clouds,3.0,9.09,1.6715005658352664,-0.4444057673038612,0.7988889564564743,-0.35499475282849485,-0.8128095523856931,18.0,4.0,1.0,5.0,3
73,Rabat,2026-05-01 18:11:16.199027,34.0209,-6.8416,0.2779232318031925,20.13,-0.38842697850979524,1.1119548353624291,0.6804190578790976,350.0,95.0,Clouds,overcast clouds,3.0,6.04,-0.12688331136082492,0.3159478219466289,1.245641727701511,2.0606049121337007,-0.5227102117264085,18.0,4.0,1.0,5.0,4
73,Tanger,2026-05-01 18:11:26.109737,35.7595,-5.834,0.3961361569180195,20.54,-0.38842697850979524,1.415506162214827,0.6804190578790976,330.0,75.0,Clouds,broken clouds,3.0,2.59,-0.548400178976955,-0.5613832425731675,0.9044616574423332,-0.26088048016763005,-0.35802499650498043,18.0,4.0,1.0,5.0,5
74,Agadir,2026-05-01 19:11:51.992641,30.4278,-9.5981,0.817868754624973,21.99,-0.38842697850979524,0.5048521816576331,0.45173764008001516,293.0,23.0,Clouds,few clouds,2.0,7.65,0.7756120509646202,-0.8928194225028683,0.31029334640606626,-0.12284621359836173,0.022017807852162206,19.0,4.0,1.0,5.0,0
74,Casablanca,2026-05-01 19:11:31.411899,33.5731,-7.5898,-0.17575880512398512,18.68,-0.09372252557073117,1.415506162214827,0.43227539175668894,50.0,0.0,Clear,clear sky,3.0,7.26,0.3395601189479337,0.24771096137286694,1.375676395988971,2.982924784210175,-0.3643590432442658,19.0,4.0,1.0,5.0,1
74,Fes,2026-05-01 19:11:42.672910,34.0181,-5.0078,1.7412075480894391,24.88,-1.1988642240922216,0.5048521816576331,-0.06887750256896022,350.0,40.0,Clouds,scattered clouds,2.0,3.95,-0.625039609452615,-0.6101238572687117,0.11717255191973909,-0.7753718373803574,-1.5019538376199781,19.0,4.0,1.0,5.0,2
74,Marrakech,2026-05-01 19:11:37.964286,31.6295,-7.9811,3.0287699486644564,28.33,-2.377682035848478,0.20130085480523507,-0.06887750256896022,240.0,40.0,Clouds,scattered clouds,3.0,10.61,2.207976579164887,-0.17145832500881347,0.711340862956006,-0.2232347711032842,-0.6949962830349798,19.0,4.0,1.0,5.0,3
74,Rabat,2026-05-01 19:11:34.665597,34.0209,-6.8416,-0.041571160399044876,19.14,-0.09372252557073117,1.415506162214827,0.6804190578790976,350.0,96.0,Clouds,overcast clouds,3.0,5.08,-0.26298436892966937,0.8520945835976156,0.9875035990714534,1.9602163546287783,-0.38716161150569345,19.0,4.0,1.0,5.0,4
74,Tanger,2026-05-01 19:11:47.281465,35.7595,-5.834,0.07664176471578214,19.55,-0.09372252557073117,1.415506162214827,-0.32188673077220054,320.0,0.0,Clear,clear sky,3.0,2.82,-0.475724856974174,-0.3371764149736639,0.945660760266083,-0.20441191657111127,-0.3782939460706943,19.0,4.0,1.0,5.0,5
75,Agadir,2026-05-01 20:12:12.010095,30.4278,-9.5981,0.1788799702204982,19.95,0.053629700898800876,0.5048521816576331,-0.23430661331723265,300.0,5.0,Clear,clear sky,2.0,7.04,0.5892989527393084,-0.8928194225028683,0.4345343908589372,-0.12912049844241938,-0.04005585019283711,20.0,4.0,1.0,5.0,0
75,Casablanca,2026-05-01 20:11:54.089739,33.5731,-7.5898,-0.17575880512398512,18.68,-0.09372252557073117,1.415506162214827,-0.06887750256896022,60.0,0.0,Clear,clear sky,3.0,6.2,0.1902453664694925,0.8325983377193978,1.0164717182444027,2.688033396539466,-0.34915733106997954,20.0,4.0,1.0,5.0,1
75,Fes,2026-05-01 20:12:03.937130,34.0181,-5.0078,0.782724371482727,21.87,-0.38842697850979524,0.8084035085100311,0.17926616355344865,310.0,40.0,Clouds,scattered clouds,2.0,4.22,-0.5642566128684708,-0.13246583325237826,-0.4892267427673284,-0.7753718373803574,-1.585563254578551,20.0,4.0,1.0,5.0,2
75,Marrakech,2026-05-01 20:12:00.636902,31.6295,-7.9811,1.7507923798555067,24.76,-1.6409209035008177,0.20130085480523507,0.9285627240015063,360.0,40.0,Clouds,scattered clouds,2.0,11.46,2.4999992366669703,0.23796283843375807,0.4165097833735466,-0.16049192266270768,-0.7824061280371224,20.0,4.0,1.0,5.0,3
75,Rabat,2026-05-01 20:11:57.316369,34.0209,-6.8416,-0.3674554404453269,18.25,0.5693624935421631,1.415506162214827,0.17926616355344865,350.0,100.0,Clouds,overcast clouds,2.0,4.21,-0.39512131802563494,1.700181279300085,0.4963330450945615,1.8410049425916828,-0.38336118346212184,20.0,4.0,1.0,5.0,4
75,Tanger,2026-05-01 20:12:07.909712,35.7595,-5.834,-0.24285262748645525,18.55,0.20098192736833292,1.415506162214827,-0.8230396250978494,330.0,0.0,Clear,clear sky,3.0,3.07,-0.40304953497139295,-0.005740235043963127,0.939867136431493,-0.16676620750676532,-0.3238211441128363,20.0,4.0,1.0,5.0,5
76,Agadir,2026-05-01 21:12:30.631832,30.4278,-9.5981,-0.4601088141839766,17.88,0.422010267072631,1.1119548353624291,-0.9495442391994696,12.0,5.0,Clear,clear sky,2.0,6.06,0.3461669664027318,-0.902567545441977,0.48474579742538143,-0.23578334079139954,0.005549286330019934,21.0,4.0,1.0,5.0,0
76,Casablanca,2026-05-01 21:12:13.926175,33.5731,-7.5898,-0.5527621879226252,17.48,0.20098192736833292,1.7190574890672252,-0.2683655478830534,30.0,58.0,Clouds,broken clouds,3.0,5.53,0.1321051088672677,1.2322713782228603,0.7094096550111426,2.393142008868756,-0.14773464476069348,21.0,4.0,1.0,5.0,1
76,Fes,2026-05-01 21:12:23.611918,34.0181,-5.0078,0.14373558707825226,19.88,0.20098192736833292,1.1119548353624291,-0.06887750256896022,300.0,40.0,Clouds,scattered clouds,2.0,4.43,-0.5206514196668023,0.44267342015504385,-1.2649286006207425,-0.8255661161328186,-1.5614938769692654,21.0,4.0,1.0,5.0,2
76,Marrakech,2026-05-01 21:12:20.389440,31.6295,-7.9811,1.108608651529009,22.71,-1.1988642240922216,0.8084035085100311,0.9285627240015063,10.0,40.0,Clouds,scattered clouds,2.0,12.19,2.7087756162385963,0.5401546495461325,0.20214570149372263,-0.12912049844241938,-0.6139204847721227,21.0,4.0,1.0,5.0,3
76,Rabat,2026-05-01 21:12:17.150020,34.0209,-6.8416,-0.6805599448035197,17.3,0.9377430597159931,1.7190574890672252,-0.32188673077220054,350.0,100.0,Clouds,overcast clouds,2.0,3.7,-0.46647527053745635,2.294816778585725,0.10558530425055902,1.8033592335273372,-0.1946065906314083,21.0,4.0,1.0,5.0,4
76,Tanger,2026-05-01 21:12:27.420510,35.7595,-5.834,-0.24285262748645525,18.55,0.20098192736833292,1.415506162214827,-0.5700303968946092,10.0,0.0,Clear,clear sky,3.0,3.28,-0.3462306468601278,0.16972597785999607,0.8825746340672159,-0.14794335297459235,-0.26301429541569477,21.0,4.0,1.0,5.0,5
77,Agadir,2026-05-01 22:12:50.321928,30.4278,-9.5981,-0.4601088141839766,17.96,0.643038606776929,1.415506162214827,-0.4824502794396413,87.0,4.0,Clear,clear sky,2.0,5.2,0.1651393461412591,-0.9123156683810859,0.46028383012378027,-0.3738176073606678,0.05242123220073477,22.0,4.0,1.0,5.0,0
77,Casablanca,2026-05-01 22:12:32.893836,33.5731,-7.5898,-0.5527621879226252,17.48,0.20098192736833292,2.0226088159196234,-0.7014005730770609,70.0,49.0,Clouds,scattered clouds,2.0,5.0,0.08321443770176032,1.3589969764312757,0.4280970310427258,2.104524906042104,0.020750998504306215,22.0,4.0,1.0,5.0,1
77,Fes,2026-05-01 22:12:43.142441,34.0181,-5.0078,-0.8147475895284599,17.16,1.8218564185331854,1.415506162214827,-0.06887750256896022,240.0,0.0,Clear,clear sky,2.0,4.52,-0.49158129086568986,0.8715908294758333,-1.740005755057107,-0.8506632555090492,-1.5475589741428353,22.0,4.0,1.0,5.0,2
77,Marrakech,2026-05-01 22:12:39.907521,31.6295,-7.9811,0.15332041884431974,19.7,-0.38842697850979524,1.415506162214827,-0.32188673077220054,320.0,0.0,Clear,clear sky,2.0,12.65,2.801271480605772,0.6766283706936562,0.060523785537083416,-0.10402335906618876,-0.4568361256378359,22.0,4.0,1.0,5.0,3
77,Rabat,2026-05-01 22:12:36.502003,34.0209,-6.8416,-0.6869498326475643,17.44,1.3797997391245893,2.0226088159196234,-0.8230396250978494,350.0,100.0,Clouds,overcast clouds,2.0,3.44,-0.49686676882952846,2.353305516220378,-0.15834644821408778,1.771987809307049,-0.0033183791049791974,22.0,4.0,1.0,5.0,4
77,Tanger,2026-05-01 22:12:46.633347,35.7595,-5.834,-0.24285262748645525,18.55,0.20098192736833292,1.7190574890672252,-0.8230396250978494,130.0,0.0,Clear,clear sky,3.0,3.36,-0.32508873500477325,0.22821471549464922,0.8143386200153802,-0.14794335297459235,-0.18953935323997895,22.0,4.0,1.0,5.0,5
78,Agadir,2026-05-01 23:13:10.654476,30.4278,-9.5981,-0.7796032063862139,16.96,0.9377430597159931,1.415506162214827,0.10141717026014387,110.0,4.0,Clear,clear sky,2.0,4.62,0.055465678391607674,-0.9220637913201948,0.4036350637411246,-0.5118518739299361,0.025818235895733777,23.0,4.0,1.0,5.0,0
78,Casablanca,2026-05-01 23:12:53.458799,33.5731,-7.5898,-0.5527621879226252,17.48,0.20098192736833292,2.0226088159196234,-0.9203508667144804,80.0,57.0,Clouds,broken clouds,2.0,4.6,0.0409306139910513,1.4369819599441467,0.07275476918788398,1.6841478214902414,-0.0818605586721226,23.0,4.0,1.0,5.0,1
78,Fes,2026-05-01 23:13:03.795926,34.0181,-5.0078,-1.1342419817306972,16.06,1.8218564185331854,1.415506162214827,-0.5700303968946092,230.0,0.0,Clear,clear sky,1.0,4.41,-0.5061163552662461,1.15428639470999,-2.086335713169254,-0.8757603948852799,-1.741380804364978,23.0,4.0,1.0,5.0,2
78,Marrakech,2026-05-01 23:13:00.413812,31.6295,-7.9811,-0.16617397335791764,18.58,-0.46210309174456127,1.7190574890672252,-0.06887750256896022,300.0,0.0,Clear,clear sky,2.0,12.7,2.748416700967386,0.7838577230238534,-0.1860270954237942,-0.15421763781865,-0.56578172955355,23.0,4.0,1.0,5.0,3
78,Rabat,2026-05-01 23:12:57.040836,34.0209,-6.8416,-1.6390431214102323,14.32,1.8218564185331854,1.7190574890672252,-1.5723361855459073,0.0,100.0,Clouds,overcast clouds,2.0,3.35,-0.5021522467933671,2.3240611474030515,-0.4325779763846727,1.665324966958069,-0.08692779606355196,23.0,4.0,1.0,5.0,4
78,Tanger,2026-05-01 23:13:07.095288,35.7595,-5.834,-0.5623470196886926,17.45,0.20098192736833292,1.415506162214827,0.17926616355344865,100.0,0.0,Clear,clear sky,3.0,3.36,-0.33301695195053127,0.3451921907639555,0.6418173769409283,-0.17304049235082297,-0.19207297193569453,23.0,4.0,1.0,5.0,5
79,Agadir,2026-05-02 07:55:17.020721,30.4278,-9.5981,-1.7380863829929256,13.82,1.3797997391245893,1.1119548353624291,-0.6138204556220931,166.0,15.0,Clouds,few clouds,2.0,4.03,0.1109631970119132,-0.8343306848682153,-0.11199745753736931,-0.4804804497096478,-0.22120958693640752,7.0,5.0,2.0,5.0,0
79,Casablanca,2026-05-02 07:55:00.101266,33.5731,-7.5898,-0.8498919726707058,16.59,0.5693624935421631,1.7190574890672252,-1.0711832912202583,0.0,100.0,Clouds,overcast clouds,2.0,5.9,0.4862321324444554,1.281011992918405,-1.4908799301697455,-0.12284621359836173,-0.16293635693497976,7.0,5.0,2.0,5.0,1
79,Fes,2026-05-02 07:55:10.159614,34.0181,-5.0078,-1.4537363739329348,14.96,1.8218564185331854,1.415506162214827,-1.0711832912202583,340.0,0.0,Clear,clear sky,1.0,3.58,-0.6184327619978168,1.7684181398738472,-3.3396896693855176,-0.9886975220783175,-2.1302912741571216,7.0,5.0,2.0,5.0,2
79,Marrakech,2026-05-02 07:55:06.779027,31.6295,-7.9811,-1.7636459343691047,13.57,0.9377430597159931,1.415506162214827,-0.06887750256896022,260.0,89.0,Clouds,overcast clouds,2.0,14.29,2.698204660310919,1.6806850334218677,-1.973681916385563,-0.6875318495635503,-0.446701650854979,7.0,5.0,2.0,5.0,3
79,Rabat,2026-05-02 07:55:03.385638,34.0209,-6.8416,-1.319548729207995,15.57,2.2639130979417814,1.7190574890672252,-1.5723361855459073,0.0,100.0,Clouds,overcast clouds,2.0,4.59,-0.24052108758335522,2.1485949344990924,-1.687219404564178,0.16577088922829003,-0.48597274063855067,7.0,5.0,2.0,5.0,4
79,Tanger,2026-05-02 07:55:13.639553,35.7595,-5.834,-0.88184141189093,16.77,1.3797997391245893,1.415506162214827,-0.5700303968946092,70.0,100.0,Clouds,overcast clouds,2.0,3.73,-0.20880821980032346,1.7489218939956295,-0.5999493316061559,-0.009909086405324067,0.12209574633287723,7.0,5.0,2.0,5.0,5
80,Agadir,2026-05-02 08:55:35.498900,30.4278,-9.5981,-0.7796032063862139,16.99,1.0114191729507591,1.1119548353624291,-0.47758471735880986,156.0,23.0,Clouds,few clouds,2.0,4.47,0.28538396981858777,-0.7758419472335621,-0.1731523757913731,-0.4553833103334172,-0.22120958693640752,8.0,5.0,2.0,5.0,0
80,Casablanca,2026-05-02 08:55:18.946235,33.5731,-7.5898,-0.5144228608583563,17.61,0.20098192736833292,1.7190574890672252,-0.5700303968946092,20.0,75.0,Clouds,broken clouds,2.0,6.07,0.5628715629201154,1.3784932223094934,-1.5024671778389247,-0.009909086405324067,-0.30735262259069407,8.0,5.0,2.0,5.0,1
80,Fes,2026-05-02 08:55:28.838156,34.0181,-5.0078,-1.1342419817306972,16.21,2.2639130979417814,1.415506162214827,-1.0711832912202583,0.0,0.0,Clear,clear sky,1.0,3.31,-0.6369319348712519,1.2615157470401872,-3.5038423446988958,-1.0012460917664328,-2.329180341770692,8.0,5.0,2.0,5.0,2
80,Marrakech,2026-05-02 08:55:25.548578,31.6295,-7.9811,-1.1246571499646298,15.77,0.9377430597159931,1.415506162214827,-0.06887750256896022,260.0,83.0,Clouds,broken clouds,2.0,13.96,2.691597812856121,1.6806850334218677,-1.8069542971457009,-0.6624347101873197,-0.5113089275956939,8.0,5.0,2.0,5.0,3
80,Rabat,2026-05-02 08:55:22.296901,34.0209,-6.8416,-1.000054337005757,16.67,2.2639130979417814,1.7190574890672252,-0.8230396250978494,310.0,100.0,Clouds,overcast clouds,2.0,4.77,-0.1929517859088077,2.226579918011963,-1.6782071008214827,0.3602737193940772,-0.5417123519442646,8.0,5.0,2.0,5.0,4
80,Tanger,2026-05-02 08:55:32.218950,35.7595,-5.834,-0.5623470196886926,17.87,1.3797997391245893,1.415506162214827,-1.0711832912202583,0.0,40.0,Clouds,scattered clouds,2.0,3.88,-0.1718098740534532,2.2753205327075072,-0.6598167778969168,0.002639483282791245,0.23737539698787674,8.0,5.0,2.0,5.0,5
82,Agadir,2026-05-02 10:57:57.591078,30.4278,-9.5981,0.4983743624227356,21.15,0.348334153837865,1.415506162214827,-0.005625195518149985,241.0,28.0,Clouds,scattered clouds,2.0,5.05,0.5668356713929943,-0.9123156683810859,-0.23559476600861884,-0.41146331642501377,-0.2604806767199792,10.0,5.0,2.0,5.0,0
82,Casablanca,2026-05-02 10:57:39.755098,33.5731,-7.5898,-0.5144228608583563,17.61,0.20098192736833292,1.7190574890672252,-0.5700303968946092,10.0,75.0,Clouds,broken clouds,2.0,6.57,0.6659383832149685,0.10148911728623429,-0.20212049496432147,1.3829821489754746,-0.6468575278164073,10.0,5.0,2.0,5.0,1
82,Fes,2026-05-02 10:57:50.321976,34.0181,-5.0078,-0.4952531973262225,17.94,0.9377430597159931,1.415506162214827,0.17926616355344865,300.0,75.0,Clouds,broken clouds,2.0,4.33,-0.33830242991436976,-0.6393682260860383,-1.010009151898791,-0.8883089645733951,-1.8857970700206925,10.0,5.0,2.0,5.0,2
82,Marrakech,2026-05-02 10:57:46.841167,31.6295,-7.9811,-0.8051627577623924,16.74,0.5693624935421631,1.415506162214827,-0.32188673077220054,260.0,52.0,Clouds,broken clouds,2.0,10.75,2.0679114131231633,-0.5516351196340586,0.05279895375763003,-0.6624347101873197,-0.7862065560806939,10.0,5.0,2.0,5.0,3
82,Rabat,2026-05-02 10:57:43.149184,34.0209,-6.8416,-0.041571160399044876,19.37,0.5693624935421631,1.7190574890672252,-0.32188673077220054,310.0,100.0,Clouds,overcast clouds,2.0,5.7,-0.02513786055693148,0.6083915101198942,-0.15899018419570918,1.5084678458566276,-0.6468575278164073,10.0,5.0,2.0,5.0,4
82,Tanger,2026-05-02 10:57:54.008280,35.7595,-5.834,-0.24285262748645525,18.68,0.5693624935421631,1.415506162214827,0.17926616355344865,280.0,40.0,Clouds,scattered clouds,2.0,3.57,-0.2709125858754274,0.0332522567124723,0.47508975770106565,0.20969088313669373,-0.10973036432497957,10.0,5.0,2.0,5.0,5
83,Agadir,2026-05-02 11:58:17.294913,30.4278,-9.5981,1.4568575390294478,24.38,0.1273058141335669,1.1119548353624291,0.1549383531492908,249.0,30.0,Clouds,scattered clouds,2.0,5.75,0.8112890272205308,-0.9903006518939568,-0.20920159076215342,-0.3487204679844372,-0.2706151515028361,11.0,5.0,2.0,5.0,0
83,Casablanca,2026-05-02 11:58:00.642635,33.5731,-7.5898,-0.17575880512398512,18.68,-0.09372252557073117,1.7190574890672252,-0.5700303968946092,20.0,75.0,Clouds,broken clouds,2.0,7.12,0.7016153594708792,-0.3664207837909905,0.29162500293905425,1.5963078336734347,-0.905286634779265,11.0,5.0,2.0,5.0,1
83,Fes,2026-05-02 11:58:10.748655,34.0181,-5.0078,-0.17575880512398512,19.04,0.9377430597159931,1.1119548353624291,0.6804190578790976,280.0,75.0,Clouds,broken clouds,2.0,4.82,-0.2180578062370411,-0.8928194225028683,-0.6392172264850424,-0.8757603948852799,-1.9301353971956934,11.0,5.0,2.0,5.0,2
83,Marrakech,2026-05-02 11:58:07.473356,31.6295,-7.9811,0.46961986712453424,20.79,-0.38842697850979524,1.1119548353624291,-0.8230396250978494,0.0,75.0,Clouds,broken clouds,2.0,9.82,1.8247794267865864,-0.8538269307464329,0.31737444220389827,-0.7063547040957233,-1.0218330947821224,11.0,5.0,2.0,5.0,3
83,Rabat,2026-05-02 11:58:04.091715,34.0209,-6.8416,-0.041571160399044876,19.37,0.5693624935421631,1.7190574890672252,-0.5700303968946092,320.0,100.0,Clouds,overcast clouds,2.0,6.26,0.025074180099535538,0.013756010834254586,0.327030481928215,1.7343421002427026,-0.8229440271685501,11.0,5.0,2.0,5.0,4
83,Tanger,2026-05-02 11:58:14.025227,35.7595,-5.834,0.07664176471578214,19.78,0.5693624935421631,1.415506162214827,-0.8230396250978494,0.0,40.0,Clouds,scattered clouds,3.0,3.64,-0.2933758672217415,-0.3469245379127728,0.7673458933570403,0.10930232563177125,-0.15533550084783662,11.0,5.0,2.0,5.0,5
84,Agadir,2026-05-02 12:58:35.676711,30.4278,-9.5981,1.4568575390294478,24.3,-0.09372252557073117,0.8084035085100311,0.8604448548698648,255.0,28.0,Clouds,scattered clouds,2.0,6.6,1.0213867762831161,-1.0292931436503923,-0.1377468968022124,-0.24833191047951486,-0.24527896454569473,12.0,5.0,2.0,5.0,0
84,Casablanca,2026-05-02 12:58:19.364112,33.5731,-7.5898,-0.15658914159185017,18.74,-0.09372252557073117,1.415506162214827,-0.5700303968946092,360.0,75.0,Clouds,broken clouds,3.0,7.73,0.7254000103081529,-0.590627611390494,0.5825936666317879,1.8535535122797984,-1.1054425117406932,12.0,5.0,2.0,5.0,1
84,Fes,2026-05-02 12:58:29.155732,34.0181,-5.0078,0.14373558707825226,19.88,0.20098192736833292,0.8084035085100311,0.6804190578790976,300.0,40.0,Clouds,scattered clouds,2.0,5.22,-0.1506679621980987,-0.9318119142593037,-0.5980181236612926,-0.8632118251971646,-2.025146098284979,12.0,5.0,2.0,5.0,2
84,Marrakech,2026-05-02 12:58:25.867406,31.6295,-7.9811,0.7923092032487945,21.7,-0.9778358843879235,0.8084035085100311,-0.5700303968946092,0.0,40.0,Clouds,scattered clouds,2.0,10.19,1.9489881589367943,-0.9220637913201948,0.41071615953895657,-0.693806134407608,-1.1801842632642652,12.0,5.0,2.0,5.0,3
84,Rabat,2026-05-02 12:58:22.640399,34.0209,-6.8416,-0.041571160399044876,19.37,0.5693624935421631,1.415506162214827,-0.5700303968946092,320.0,100.0,Clouds,overcast clouds,3.0,6.76,0.0647152648283253,-0.2786876773390109,0.5665002670912607,1.9790392091609514,-0.9635598647806928,12.0,5.0,2.0,5.0,4
84,Tanger,2026-05-02 12:58:32.385992,35.7595,-5.834,0.39294121299599777,20.76,0.27465804060309895,1.415506162214827,0.43227539175668894,270.0,40.0,Clouds,scattered clouds,3.0,3.79,-0.28676901976694313,-0.5711313655122763,0.9978033747773916,0.04655947719119483,-0.18953935323997895,12.0,5.0,2.0,5.0,5
85,Agadir,2026-05-02 13:58:53.965105,30.4278,-9.5981,1.776351931231685,25.34,-0.2410747520402632,0.8084035085100311,1.0891262726689472,270.0,31.0,Clouds,scattered clouds,2.0,7.31,1.1072757931954935,-1.0585375124677188,-0.06629220284227137,-0.1416690681305347,-0.15153507280426504,13.0,5.0,2.0,5.0,0
85,Casablanca,2026-05-02 13:58:37.733200,33.5731,-7.5898,0.4823996428126246,20.73,-0.6831314314488593,1.415506162214827,-0.5700303968946092,20.0,40.0,Clouds,scattered clouds,3.0,7.19,0.44394830873374636,-0.7271013325380179,0.829788283574286,1.784536378995164,-1.0307007602171214,13.0,5.0,2.0,5.0,1
85,Fes,2026-05-02 13:58:47.508719,34.0181,-5.0078,0.46322997928048965,21.01,0.27465804060309895,0.8084035085100311,0.6804190578790976,300.0,75.0,Clouds,broken clouds,2.0,5.29,-0.15595344016193718,-0.9513081601375214,-0.357260866535005,-0.8632118251971646,-1.9212677317606925,13.0,5.0,2.0,5.0,2
85,Marrakech,2026-05-02 13:58:44.275845,31.6295,-7.9811,1.4312979876532692,23.82,-1.1988642240922216,0.5048521816576331,-0.8230396250978494,0.0,40.0,Clouds,scattered clouds,3.0,10.62,2.1445508435988234,-0.9415600371984125,0.6675668162057714,-0.6373375708110891,-1.015499048042837,13.0,5.0,2.0,5.0,3
85,Rabat,2026-05-02 13:58:41.000518,34.0209,-6.8416,0.2779232318031925,20.37,0.27465804060309895,1.415506162214827,-0.32188673077220054,320.0,100.0,Clouds,overcast clouds,3.0,6.33,-0.05685072833996301,-0.5223907508167321,0.7596210615775878,1.784536378995164,-0.905286634779265,13.0,5.0,2.0,5.0,4
85,Tanger,2026-05-02 13:58:50.745611,35.7595,-5.834,0.3961361569180195,20.78,0.27465804060309895,1.1119548353624291,-0.06887750256896022,250.0,40.0,Clouds,scattered clouds,3.0,3.88,-0.29205449773078185,-0.6881088407815824,1.2050863608593827,-0.016183371249381722,-0.1984070186749799,13.0,5.0,2.0,5.0,5
86,Agadir,2026-05-02 14:59:12.297391,30.4278,-9.5981,1.776351931231685,25.14,-0.8304836579183914,0.5048521816576331,1.2399586971747254,282.0,21.0,Clouds,few clouds,2.0,6.77,0.7795761594374988,-1.0585375124677188,0.019968418694954082,-0.15421763781865,-0.23007725237140844,14.0,5.0,2.0,5.0,0
86,Casablanca,2026-05-02 14:58:55.980841,33.5731,-7.5898,0.4823996428126246,20.73,-0.6831314314488593,1.1119548353624291,-0.32188673077220054,10.0,40.0,Clouds,scattered clouds,3.0,5.45,0.04357335297297079,-0.6296201031469294,0.588387290466377,1.5461135549209732,-1.1421799828285513,14.0,5.0,2.0,5.0,1
86,Fes,2026-05-02 14:59:05.794733,34.0181,-5.0078,0.782724371482727,21.87,-0.38842697850979524,0.5048521816576331,0.6804190578790976,280.0,75.0,Clouds,broken clouds,2.0,5.72,-0.1057413995054704,-0.9318119142593037,-0.28644990855668445,-0.781646122224415,-1.7717842287135508,14.0,5.0,2.0,5.0,2
86,Marrakech,2026-05-02 14:59:02.464124,31.6295,-7.9811,2.0702867720577443,25.98,-1.8619492432051157,0.5048521816576331,-1.0711832912202583,0.0,40.0,Clouds,scattered clouds,3.0,10.77,2.280651901167668,-0.9610562830766303,0.6167116736577057,-0.549497582994282,-1.1295118893499787,14.0,5.0,2.0,5.0,3
86,Rabat,2026-05-02 14:58:59.217060,34.0209,-6.8416,0.5974176240054299,21.23,-0.38842697850979524,1.415506162214827,-0.06887750256896022,320.0,100.0,Clouds,overcast clouds,3.0,5.02,-0.3554802332968453,-0.6198719802078205,0.6501859447020022,1.2261250278740332,-0.9812951956506928,14.0,5.0,2.0,5.0,4
86,Tanger,2026-05-02 14:59:09.060795,35.7595,-5.834,0.7156305491202569,21.88,0.27465804060309895,1.1119548353624291,0.17926616355344865,250.0,40.0,Clouds,scattered clouds,3.0,2.83,-0.552364287449834,-0.8830712995637595,1.1387815547524103,-0.29852618923197594,-0.3364892375914088,14.0,5.0,2.0,5.0,5
87,Agadir,2026-05-02 15:59:30.241206,30.4278,-9.5981,1.4568575390294478,23.88,-1.2725403373269875,-0.10225047204716294,1.9308685126528047,300.0,23.0,Clouds,few clouds,2.0,6.16,0.4994458273540519,-1.04878938952861,0.045717857959798075,-0.27342904985574534,-0.2389449178064076,15.0,5.0,2.0,5.0,0
87,Casablanca,2026-05-02 15:59:14.137291,33.5731,-7.5898,0.16290525061038724,19.74,-0.38842697850979524,1.1119548353624291,0.17926616355344865,360.0,20.0,Clouds,few clouds,3.0,5.09,-0.04495840292132613,-0.590627611390494,0.5845248745766513,1.5272907003888003,-1.2612600615271223,15.0,5.0,2.0,5.0,1
87,Fes,2026-05-02 15:59:23.794420,34.0181,-5.0078,0.782724371482727,21.98,-0.09372252557073117,0.20130085480523507,0.17926616355344865,310.0,40.0,Clouds,scattered clouds,2.0,5.68,-0.1731312435444128,-0.8538269307464329,-0.3533984506452783,-0.7753718373803574,-1.8034544624099793,15.0,5.0,2.0,5.0,2
87,Marrakech,2026-05-02 15:59:20.566637,31.6295,-7.9811,2.0702867720577443,25.98,-1.8619492432051157,0.20130085480523507,-0.8230396250978494,0.0,40.0,Clouds,scattered clouds,3.0,11.15,2.42468117568227,-0.9415600371984125,0.5729376269074712,-0.46165759517747484,-1.2878630578321215,15.0,5.0,2.0,5.0,3
87,Rabat,2026-05-02 15:59:17.356204,34.0209,-6.8416,0.5974176240054299,21.23,-0.38842697850979524,1.1119548353624291,-0.06887750256896022,300.0,100.0,Clouds,overcast clouds,3.0,4.53,-0.45326157562785985,-0.5126426278776233,0.5916059703744831,1.1445593249012835,-1.0674382313049793,15.0,5.0,2.0,5.0,4
87,Tanger,2026-05-02 15:59:27.013865,35.7595,-5.834,1.0351249413224943,22.85,-0.09372252557073117,0.8084035085100311,0.17926616355344865,250.0,40.0,Clouds,scattered clouds,3.0,2.95,-0.5219727891577619,-0.8733231766246506,1.2121674566572147,-0.2922519043879183,-0.3618254245485502,15.0,5.0,2.0,5.0,5
88,Agadir,2026-05-02 16:59:49.311348,30.4278,-9.5981,1.776351931231685,24.93,-1.4198925637965196,-0.10225047204716294,2.587719393565063,309.0,25.0,Clouds,scattered clouds,2.0,5.11,0.1651393461412591,-1.0292931436503923,0.059880049555461994,-0.43656045580124425,-0.207274684109979,16.0,5.0,2.0,5.0,0
88,Casablanca,2026-05-02 16:59:32.594535,33.5731,-7.5898,0.16290525061038724,19.74,-0.38842697850979524,1.1119548353624291,0.17926616355344865,10.0,20.0,Clouds,few clouds,3.0,4.68,-0.13216878932466342,-0.46390201318207896,0.6431048489041703,1.5963078336734347,-1.1497808389156943,16.0,5.0,2.0,5.0,1
88,Fes,2026-05-02 16:59:42.501291,34.0181,-5.0078,1.1022187636849645,22.87,-0.6831314314488593,0.20130085480523507,-0.32188673077220054,300.0,40.0,Clouds,scattered clouds,2.0,5.65,-0.19559452489072696,-0.7271013325380179,-0.4074722731014501,-0.7628232676922421,-1.7477148511042653,16.0,5.0,2.0,5.0,2
88,Marrakech,2026-05-02 16:59:39.274235,31.6295,-7.9811,2.3897811642599813,26.9,-2.0829775829094137,-0.10225047204716294,-0.5700303968946092,0.0,40.0,Clouds,scattered clouds,3.0,10.79,2.3044365520049412,-0.8830712995637595,0.5916059703744831,-0.41146331642501377,-1.2891298671799791,16.0,5.0,2.0,5.0,3
88,Rabat,2026-05-02 16:59:35.910425,34.0209,-6.8416,0.2779232318031925,20.24,-0.09372252557073117,1.1119548353624291,0.17926616355344865,330.0,75.0,Clouds,broken clouds,3.0,4.15,-0.514044572212004,-0.16171020206970463,0.5471881876426281,1.2386735975621481,-0.9445577245628367,16.0,5.0,2.0,5.0,4
88,Tanger,2026-05-02 16:59:45.946319,35.7595,-5.834,1.0351249413224943,22.85,-0.09372252557073117,0.8084035085100311,-0.5700303968946092,210.0,40.0,Clouds,scattered clouds,3.0,3.05,-0.4876171823928109,-0.8050863160508888,1.297140606231198,-0.27970333469980296,-0.38716161150569345,16.0,5.0,2.0,5.0,5
89,Agadir,2026-05-02 18:00:08.102233,30.4278,-9.5981,1.1373631468272103,22.75,-1.3462164505617535,-0.10225047204716294,2.3833657861701383,318.0,39.0,Clouds,scattered clouds,2.0,3.91,-0.1467038537252198,-1.0097968977721745,0.03155566636413415,-0.5996918617467433,-0.27188196085069394,18.0,5.0,2.0,5.0,0
89,Casablanca,2026-05-02 17:59:51.733011,33.5731,-7.5898,0.15971030668836436,19.62,-0.6831314314488593,1.1119548353624291,0.17926616355344865,30.0,20.0,Clouds,few clouds,3.0,4.2,-0.22070054521896035,-0.22019893970435775,0.6501859447020022,1.784536378995164,-1.034501188260693,17.0,5.0,2.0,5.0,1
89,Fes,2026-05-02 18:00:01.599900,34.0181,-5.0078,0.782724371482727,21.98,-0.09372252557073117,0.20130085480523507,0.17926616355344865,350.0,40.0,Clouds,scattered clouds,2.0,5.58,-0.20748685030936384,-0.5613832425731675,-0.5111137661424456,-0.7502746980041267,-1.7261790921906937,18.0,5.0,2.0,5.0,2
89,Marrakech,2026-05-02 17:59:58.287070,31.6295,-7.9811,2.3897811642599813,26.9,-2.0829775829094137,-0.10225047204716294,-0.5700303968946092,0.0,40.0,Clouds,scattered clouds,3.0,11.2,2.344077636733731,-0.7368494554771268,0.5433257717529014,-0.32989761345226426,-1.2815290110928361,17.0,5.0,2.0,5.0,3
89,Rabat,2026-05-02 17:59:54.995209,34.0209,-6.8416,0.2779232318031925,20.24,-0.09372252557073117,1.1119548353624291,-0.06887750256896022,310.0,40.0,Clouds,scattered clouds,2.0,3.9,-0.5391505925402374,0.4036809283986084,0.48281458948051903,1.3516107247551858,-0.7507358943406938,17.0,5.0,2.0,5.0,4
89,Tanger,2026-05-02 18:00:04.839279,35.7595,-5.834,0.7156305491202569,21.75,-0.09372252557073117,0.8084035085100311,1.1815719522047468,40.0,40.0,Clouds,scattered clouds,3.0,3.13,-0.4572256841007388,-0.6783607178424736,1.3776076039338345,-0.26088048016763005,-0.3757603273749787,18.0,5.0,2.0,5.0,5
90,Agadir,2026-05-02 19:00:27.154008,30.4278,-9.5981,1.1149985393730537,22.6,-1.5672447902660516,-0.10225047204716294,0.24251847060425866,322.0,49.0,Clouds,scattered clouds,2.0,2.98,-0.35019475533300665,-1.0000487748330655,0.003231283172806311,-0.7126289889397808,-0.3022853851992647,19.0,5.0,2.0,5.0,0
90,Casablanca,2026-05-02 19:00:10.792197,33.5731,-7.5898,-0.17575880512398512,18.55,-0.46210309174456127,1.1119548353624291,0.17926616355344865,20.0,40.0,Clouds,scattered clouds,3.0,3.75,-0.29998271467653986,0.06249662552979887,0.581306194668545,1.9162963607203747,-0.8520806421692648,19.0,5.0,2.0,5.0,1
90,Fes,2026-05-02 19:00:20.618431,34.0181,-5.0078,0.7891142593267717,22.0,-0.09372252557073117,0.20130085480523507,-0.06887750256896022,340.0,40.0,Clouds,scattered clouds,2.0,5.46,-0.229950131655678,-0.42490952142564364,-0.5973743876796711,-0.7251775586278961,-1.6932420491464073,19.0,5.0,2.0,5.0,2
90,Marrakech,2026-05-02 19:00:17.389163,31.6295,-7.9811,2.3897811642599813,26.9,-2.0829775829094137,-0.10225047204716294,0.17926616355344865,260.0,40.0,Clouds,scattered clouds,2.0,11.2,2.27404505371287,-0.5808794884513852,0.4068537436492299,-0.26088048016763005,-1.3169996728328361,19.0,5.0,2.0,5.0,3
90,Rabat,2026-05-02 19:00:14.037907,34.0209,-6.8416,-0.041571160399044876,19.14,-0.09372252557073117,1.1119548353624291,0.43227539175668894,320.0,40.0,Clouds,scattered clouds,2.0,3.46,-0.5933267416695833,0.881338952414942,0.3559986011011633,1.295142161158667,-0.5569140641185509,19.0,5.0,2.0,5.0,4
90,Tanger,2026-05-02 19:00:23.933127,35.7595,-5.834,0.7156305491202569,21.75,-0.09372252557073117,0.8084035085100311,0.9285627240015063,40.0,40.0,Clouds,scattered clouds,3.0,3.13,-0.4519402061369002,-0.5126426278776233,1.382757491786803,-0.26088048016763005,-0.3744935180271227,19.0,5.0,2.0,5.0,5
91,Agadir,2026-05-02 20:00:46.197735,30.4278,-9.5981,0.4983743624227356,20.81,-0.6094553182140934,0.20130085480523507,0.6998813062024238,328.0,90.0,Clouds,overcast clouds,2.0,2.4,-0.45326157562785985,-1.0000487748330655,-0.0231618920736591,-0.7753718373803574,-0.3288883815042657,20.0,5.0,2.0,5.0,0
91,Casablanca,2026-05-02 20:00:29.537279,33.5731,-7.5898,-0.17575880512398512,18.55,-0.46210309174456127,1.1119548353624291,-0.32188673077220054,50.0,20.0,Clouds,few clouds,2.0,3.45,-0.33698106042341014,0.432925297215935,0.38432298429249206,1.9100220758763171,-0.7532695130364075,20.0,5.0,2.0,5.0,1
91,Fes,2026-05-02 20:00:39.740765,34.0181,-5.0078,0.46961986712453424,21.03,0.27465804060309895,0.8084035085100311,-0.06887750256896022,340.0,40.0,Clouds,scattered clouds,2.0,5.32,-0.2603416299477501,-0.1422139561914869,-0.825900661155159,-0.7126289889397808,-1.6957756678421212,20.0,5.0,2.0,5.0,2
91,Marrakech,2026-05-02 20:00:36.428957,31.6295,-7.9811,2.0702867720577443,25.98,-1.6409209035008177,0.20130085480523507,0.43227539175668894,230.0,40.0,Clouds,scattered clouds,2.0,10.83,2.0916960639604367,-0.23969518558257547,0.07919212900409453,-0.23578334079139954,-1.447481035662122,20.0,5.0,2.0,5.0,3
91,Rabat,2026-05-02 20:00:33.110508,34.0209,-6.8416,-0.36106555260128226,18.14,0.20098192736833292,1.1119548353624291,-0.5700303968946092,340.0,75.0,Clouds,broken clouds,2.0,2.95,-0.6607165857085258,1.203027009405534,0.1133101360300124,1.1131879006809953,-0.5037080715085507,20.0,5.0,2.0,5.0,4
91,Tanger,2026-05-02 20:00:42.976954,35.7595,-5.834,0.3961361569180195,20.78,0.27465804060309895,0.8084035085100311,0.17926616355344865,40.0,40.0,Clouds,scattered clouds,3.0,3.08,-0.4611897925736177,-0.31768016909544633,1.3010030221209248,-0.27342904985574534,-0.3681594712878374,20.0,5.0,2.0,5.0,5
92,Agadir,2026-05-02 21:01:04.539124,30.4278,-9.5981,-0.4601088141839766,17.7,-0.09372252557073117,0.5048521816576331,0.524721071292488,353.0,78.0,Clouds,broken clouds,2.0,2.08,-0.49686676882952846,-1.0097968977721745,-0.03346166777959633,-0.8130175464447034,-0.31748709737355096,21.0,5.0,2.0,5.0,0
92,Casablanca,2026-05-02 21:00:48.057954,33.5731,-7.5898,-0.5144228608583563,17.61,0.20098192736833292,1.415506162214827,-0.5700303968946092,50.0,0.0,Clear,clear sky,2.0,3.38,-0.29866134518558,0.7351171083283093,0.1963520776591335,1.82218208805951,-0.46190336302926527,21.0,5.0,2.0,5.0,1
92,Fes,2026-05-02 21:00:58.113914,34.0181,-5.0078,0.14373558707825226,20.01,0.5693624935421631,1.1119548353624291,-0.06887750256896022,320.0,75.0,Clouds,broken clouds,2.0,5.17,-0.28809038925790276,0.17947410079910495,-1.0325399112555287,-0.7063547040957233,-1.6527041500149797,21.0,5.0,2.0,5.0,2
92,Marrakech,2026-05-02 21:00:54.590382,31.6295,-7.9811,1.111803595451032,22.61,-1.4935686770312857,0.5048521816576331,0.9285627240015063,360.0,40.0,Clouds,scattered clouds,2.0,10.54,1.956916375882552,0.05274850259069001,-0.1428967846551819,-0.21696048625922656,-1.3398022410942656,21.0,5.0,2.0,5.0,3
92,Rabat,2026-05-02 21:00:51.366085,34.0209,-6.8416,-0.6805599448035197,17.17,0.5693624935421631,1.415506162214827,-0.5700303968946092,330.0,75.0,Clouds,broken clouds,2.0,2.67,-0.6897867145096382,1.339500730553058,-0.08753549023576816,0.9688793492676694,-0.3162202880256932,21.0,5.0,2.0,5.0,4
92,Tanger,2026-05-02 21:01:01.307759,35.7595,-5.834,0.08622659648184962,19.71,0.27465804060309895,1.1119548353624291,-0.32188673077220054,40.0,75.0,Clouds,broken clouds,3.0,2.93,-0.49950950781144776,-0.24944330852168434,1.1265505711016097,-0.3048004740760336,-0.33268880954783725,21.0,5.0,2.0,5.0,5
93,Agadir,2026-05-02 22:01:23.907031,30.4278,-9.5981,-0.4601088141839766,17.75,0.053629700898800876,0.8084035085100311,-0.044549692164802375,35.0,85.0,Clouds,overcast clouds,2.0,1.9,-0.5272582671216005,-1.0195450207112833,-0.028311779926627714,-0.8318404009768763,-0.2706151515028361,22.0,5.0,2.0,5.0,0
93,Casablanca,2026-05-02 22:01:06.974729,33.5731,-7.5898,-0.5144228608583563,17.61,0.20098192736833292,1.7190574890672252,-0.5700303968946092,10.0,52.0,Clouds,broken clouds,2.0,3.3,-0.2709125858754274,0.7643614771456357,0.04507412197817665,1.5649364094531464,-0.22501001497997908,22.0,5.0,2.0,5.0,1
93,Fes,2026-05-02 22:01:16.883527,34.0181,-5.0078,-0.4952531973262225,18.1,1.3797997391245893,1.415506162214827,0.43227539175668894,320.0,75.0,Rain,light rain,2.0,4.99,-0.3184818875499749,0.4134290513377173,-1.1664369954327154,-0.7063547040957233,-1.5792292078392638,22.0,5.0,2.0,5.0,2
93,Marrakech,2026-05-02 22:01:13.564908,31.6295,-7.9811,0.47281481104655715,20.49,-1.2725403373269875,1.1119548353624291,0.9285627240015063,360.0,40.0,Clouds,scattered clouds,2.0,10.2,1.8327076437323446,0.23796283843375807,-0.26842530107129386,-0.20441191657111127,-1.1890519286992642,22.0,5.0,2.0,5.0,3
93,Rabat,2026-05-02 22:01:10.249097,34.0209,-6.8416,-0.6805599448035197,17.3,0.9377430597159931,1.7190574890672252,-0.8230396250978494,320.0,75.0,Clouds,broken clouds,2.0,2.53,-0.6963935619644365,1.2907601158575135,-0.24203212582482936,0.8935879311389775,-0.1730708317178367,22.0,5.0,2.0,5.0,4
93,Tanger,2026-05-02 22:01:20.426335,35.7595,-5.834,-0.23326779572038778,18.71,0.5693624935421631,1.1119548353624291,-0.5700303968946092,100.0,75.0,Clouds,broken clouds,3.0,2.65,-0.5761489382871078,-0.24944330852168434,0.8864370499569426,-0.3487204679844372,-0.2972181478078371,22.0,5.0,2.0,5.0,5
94,Agadir,2026-05-03 20:58:35.519015,30.4278,-9.5981,-0.4601088141839766,17.72,-0.020046412335965148,-0.10225047204716294,-0.29755892036804266,23.0,88.0,Clouds,overcast clouds,2.0,1.8,-0.6105045450520589,-1.0195450207112833,-0.6199051470364099,-0.838114685820934,-0.07425970258497945,20.0,6.0,3.0,5.0,0
94,Casablanca,2026-05-03 20:57:57.349192,33.5731,-7.5898,-0.17575880512398512,18.73,0.053629700898800876,1.1119548353624291,-0.32188673077220054,10.0,40.0,Clouds,scattered clouds,2.0,2.51,-0.4691180095193757,0.46216966603326154,-0.6340673386320738,1.602582118517492,-0.564514920205694,20.0,6.0,3.0,5.0,1
94,Fes,2026-05-03 20:58:28.905339,34.0181,-5.0078,0.1501254749222969,19.9,0.20098192736833292,0.5048521816576331,-0.5700303968946092,330.0,75.0,Clouds,broken clouds,2.0,4.01,-0.586719894214785,0.08199287140801659,-1.649882717630155,-0.7941946919125303,-2.0796189002428354,20.0,6.0,3.0,5.0,2
94,Marrakech,2026-05-03 20:58:04.308413,31.6295,-7.9811,1.4312979876532692,23.74,-1.4198925637965196,0.20130085480523507,-0.06887750256896022,10.0,40.0,Clouds,scattered clouds,2.0,10.25,2.318971616405498,0.13073348610356064,-0.10620383370277928,-0.12912049844241938,-1.4360797515314072,20.0,6.0,3.0,5.0,3
94,Rabat,2026-05-03 20:58:00.541321,34.0209,-6.8416,-0.36106555260128226,18.56,1.3797997391245893,1.1119548353624291,-0.32188673077220054,320.0,75.0,Clouds,broken clouds,2.0,2.44,-0.8258877720784827,1.144538271770881,-0.8889867873540253,0.8057479433221704,-0.46190336302926527,20.0,6.0,3.0,5.0,4
94,Tanger,2026-05-03 20:58:32.156612,35.7595,-5.834,-0.5623470196886926,17.71,0.9377430597159931,0.8084035085100311,-0.5700303968946092,250.0,75.0,Clouds,broken clouds,2.0,1.07,-1.0293786736862698,-0.02523648092218084,-0.5516691329845741,-0.7377261283160115,0.29944905503287783,20.0,6.0,3.0,5.0,5
95,Agadir,2026-05-03 21:58:54.468393,30.4278,-9.5981,-0.4696936459500429,17.82,0.348334153837865,0.20130085480523507,-0.09807087505394951,90.0,65.0,Clouds,broken clouds,2.0,1.76,-0.5893626331967045,-1.0292931436503923,-0.5246322217564882,-0.8443889706649916,0.18163578568216276,21.0,6.0,3.0,5.0,0
95,Casablanca,2026-05-03 21:58:37.735735,33.5731,-7.5898,-0.5144228608583563,17.75,0.5693624935421631,1.1119548353624291,-0.32188673077220054,20.0,37.0,Clouds,scattered clouds,2.0,2.5,-0.43344103326346495,0.6278877559981119,-0.7183967522244368,1.5461135549209732,-0.1971402093271221,21.0,6.0,3.0,5.0,1
95,Fes,2026-05-03 21:58:47.651096,34.0181,-5.0078,-0.4952531973262225,17.81,0.5693624935421631,0.8084035085100311,0.43227539175668894,320.0,75.0,Clouds,broken clouds,2.0,3.66,-0.6501456297808486,0.2087184696164315,-1.9157456780396651,-0.800468976756588,-2.018812051545694,21.0,6.0,3.0,5.0,2
95,Marrakech,2026-05-03 21:58:44.427107,31.6295,-7.9811,0.7923092032487945,21.7,-0.9778358843879235,0.5048521816576331,0.43227539175668894,360.0,40.0,Clouds,scattered clouds,2.0,10.17,2.259509989312313,0.3159478219466289,-0.20083302300107952,-0.12912049844241938,-1.2713945363099792,21.0,6.0,3.0,5.0,3
95,Rabat,2026-05-03 21:58:40.992394,34.0209,-6.8416,-0.6805599448035197,17.46,1.3797997391245893,1.1119548353624291,-0.5700303968946092,340.0,40.0,Clouds,scattered clouds,2.0,2.2,-0.8589220093524742,1.203027009405534,-0.9952032243215055,0.6928108161291329,-0.1984070186749799,21.0,6.0,3.0,5.0,4
95,Tanger,2026-05-03 21:58:51.014185,35.7595,-5.834,-0.5623470196886926,17.71,0.9377430597159931,0.8084035085100311,-0.32188673077220054,240.0,75.0,Clouds,broken clouds,2.0,1.11,-0.9950230669213187,0.08199287140801659,-0.5915807638450821,-0.7126289889397808,0.4514661767757335,21.0,6.0,3.0,5.0,5
96,Agadir,2026-05-03 22:59:13.339387,30.4278,-9.5981,-0.4601088141839766,17.98,0.7167147200116951,0.5048521816576331,0.008971490724344552,113.0,73.0,Clouds,broken clouds,2.0,1.76,-0.5682207213413499,-1.0097968977721745,-0.4454526960170938,-0.8443889706649916,0.32858567003359085,22.0,6.0,3.0,5.0,0
96,Casablanca,2026-05-03 22:58:57.096195,33.5731,-7.5898,-0.5144228608583563,17.75,0.5693624935421631,1.1119548353624291,-0.5700303968946092,30.0,52.0,Clouds,broken clouds,2.0,2.48,-0.41494186039002984,0.6766283706936562,-0.8819056915561934,1.2386735975621481,-0.15153507280426504,22.0,6.0,3.0,5.0,1
96,Fes,2026-05-03 22:59:06.784294,34.0181,-5.0078,-0.8147475895284599,16.84,0.9377430597159931,1.1119548353624291,0.17926616355344865,310.0,75.0,Clouds,broken clouds,1.0,3.32,-0.7228209517836296,0.3256959448857378,-2.3740856969538817,-0.8883089645733951,-2.210100263072121,22.0,6.0,3.0,5.0,2
96,Marrakech,2026-05-03 22:59:03.594057,31.6295,-7.9811,0.15332041884431974,19.6,-0.6831314314488593,0.8084035085100311,0.17926616355344865,30.0,40.0,Clouds,scattered clouds,2.0,9.99,2.1392653656349845,0.4719177889723704,-0.41197842497279735,-0.21696048625922656,-1.3778065215299795,22.0,6.0,3.0,5.0,3
96,Rabat,2026-05-03 22:59:00.309793,34.0209,-6.8416,-1.000054337005757,16.36,1.3797997391245893,1.1119548353624291,-1.5723361855459073,0.0,71.0,Clouds,broken clouds,2.0,2.01,-0.8893135076445462,1.203027009405534,-1.1593558996348836,0.5924222586242104,-0.18067168780497983,22.0,6.0,3.0,5.0,4
96,Tanger,2026-05-03 22:59:10.052988,35.7595,-5.834,-0.88184141189093,16.77,1.3797997391245893,1.1119548353624291,-0.06887750256896022,260.0,75.0,Clouds,broken clouds,2.0,1.18,-0.955381982192529,0.16972597785999607,-0.6173302031099251,-0.693806134407608,0.55534454330002,22.0,6.0,3.0,5.0,5
97,Agadir,2026-05-04 07:40:36.950152,30.4278,-9.5981,-1.7380863829929256,13.66,0.9377430597159931,0.20130085480523507,-0.4191979723888313,124.0,3.0,Clear,clear sky,2.0,2.78,-0.040994294448447245,-0.8245825619291064,-0.9121612826923845,-0.5745947223705126,-0.01471966323569391,7.0,0.0,4.0,5.0,0
97,Casablanca,2026-05-04 07:40:19.447181,33.5731,-7.5898,-0.8498919726707058,16.46,0.20098192736833292,1.1119548353624291,-1.3241925194234985,0.0,100.0,Clouds,overcast clouds,2.0,3.47,0.023752810608575908,1.0470570423797922,-1.2842406800693749,0.6865365312850751,0.32605205133787707,7.0,0.0,4.0,5.0,1
97,Fes,2026-05-04 07:40:30.296416,34.0181,-5.0078,-1.4537363739329348,15.11,2.2639130979417814,1.1119548353624291,-0.32188673077220054,290.0,100.0,Clouds,overcast clouds,1.0,2.37,-0.8589220093524742,0.7156208624500916,-4.056811552911412,-1.051440370518894,-2.467262560687121,7.0,0.0,4.0,5.0,2
97,Marrakech,2026-05-04 07:40:26.384540,31.6295,-7.9811,-1.4441515421668671,14.67,0.9377430597159931,0.8084035085100311,-0.8230396250978494,230.0,75.0,Clouds,broken clouds,2.0,11.69,2.160407277490339,2.5190236061852285,-1.3608452618822846,-0.4993033042418208,-1.0459024723914077,7.0,0.0,4.0,5.0,3
97,Rabat,2026-05-04 07:40:23.083826,34.0209,-6.8416,-1.6390431214102323,14.32,1.8218564185331854,1.1119548353624291,-1.5723361855459073,0.0,75.0,Clouds,broken clouds,2.0,3.12,-0.625039609452615,2.5872604667589902,-1.6563200774463653,0.9688793492676694,0.3298524793814486,7.0,0.0,4.0,5.0,4
97,Tanger,2026-05-04 07:40:33.663374,35.7595,-5.834,-1.2013358040931668,15.67,1.3797997391245893,0.8084035085100311,-0.8230396250978494,220.0,75.0,Clouds,broken clouds,2.0,1.46,-0.8853493991716673,2.0121212133515685,-1.0808201098771106,-0.19186334688299594,1.0151963365721621,7.0,0.0,4.0,5.0,5
98,Agadir,2026-05-04 08:40:58.411061,30.4278,-9.5981,-1.418591990790688,14.68,0.7167147200116951,0.5048521816576331,-0.4386602207121575,150.0,3.0,Clear,clear sky,2.0,3.19,0.16778208512317835,-0.7563457013553444,-0.9713849930015249,-0.5055775890858785,-0.04638989693212246,8.0,0.0,4.0,5.0,0
98,Casablanca,2026-05-04 08:40:39.680212,33.5731,-7.5898,-0.5144228608583563,17.61,0.20098192736833292,1.1119548353624291,-1.0711832912202583,50.0,75.0,Clouds,broken clouds,2.0,3.42,-0.027780599538850738,1.2907601158575135,-1.1690119393592002,0.9939764886439,0.26397839329287776,8.0,0.0,4.0,5.0,1
98,Fes,2026-05-04 08:40:50.325128,34.0181,-5.0078,-1.4537363739329348,15.11,2.2639130979417814,1.1119548353624291,-0.5700303968946092,330.0,100.0,Clouds,overcast clouds,1.0,2.23,-0.8840280296807076,0.7351171083283093,-4.0677550645989715,-1.0388918008307786,-2.51666812525355,8.0,0.0,4.0,5.0,2
98,Marrakech,2026-05-04 08:40:46.755202,31.6295,-7.9811,-1.1246571499646298,15.64,0.5693624935421631,0.8084035085100311,-0.5700303968946092,260.0,75.0,Clouds,broken clouds,2.0,10.97,2.069232782614123,3.0356741219579972,-1.4522557712724795,-0.44910902548935955,-1.0370348069564086,8.0,0.0,4.0,5.0,3
98,Rabat,2026-05-04 08:40:43.362761,34.0209,-6.8416,-1.319548729207995,15.57,2.2639130979417814,1.1119548353624291,-1.5723361855459073,0.0,75.0,Clouds,broken clouds,2.0,3.28,-0.6025763281063009,2.8114672943584944,-1.5449537526259165,1.2888678763146095,0.32478524199001924,8.0,0.0,4.0,5.0,4
98,Tanger,2026-05-04 08:40:53.903392,35.7595,-5.834,-0.88184141189093,16.61,0.9377430597159931,0.8084035085100311,-0.5700303968946092,220.0,75.0,Clouds,broken clouds,2.0,1.6,-0.8549579008795952,2.694489819089188,-1.197336322550528,-0.1981376317270536,1.1963500733157344,8.0,0.0,4.0,5.0,5
99,Agadir,2026-05-04 09:41:16.839955,30.4278,-9.5981,-0.4601088141839766,17.88,0.422010267072631,0.5048521816576331,-0.326752292853032,183.0,3.0,Clear,clear sky,2.0,3.55,0.3461669664027318,-0.8050863160508888,-0.9552915934609977,-0.43656045580124425,-0.04385627823640868,9.0,0.0,4.0,5.0,0
99,Casablanca,2026-05-04 09:41:00.503401,33.5731,-7.5898,-0.17575880512398512,18.68,-0.09372252557073117,1.1119548353624291,-0.8230396250978494,40.0,40.0,Clouds,scattered clouds,2.0,3.41,-0.05420798935804376,1.0275607965015745,-0.9617289532772091,1.3139650156908402,0.1917702604650197,9.0,0.0,4.0,5.0,1
99,Fes,2026-05-04 09:41:10.321478,34.0181,-5.0078,-1.4537363739329348,14.96,1.8218564185331854,1.1119548353624291,-0.5700303968946092,330.0,75.0,Clouds,broken clouds,1.0,2.09,-0.9276332228823763,0.4134290513377173,-3.7960984803548707,-1.020068946298606,-2.5356702654714076,9.0,0.0,4.0,5.0,2
99,Marrakech,2026-05-04 09:41:07.036255,31.6295,-7.9811,-0.8051627577623924,16.74,0.5693624935421631,0.8084035085100311,-0.8230396250978494,260.0,75.0,Clouds,broken clouds,2.0,10.6,2.0071284165390186,2.3143130244639427,-1.33445208663582,-0.44910902548935955,-1.1041757023928356,9.0,0.0,4.0,5.0,3
99,Rabat,2026-05-04 09:41:03.772123,34.0209,-6.8416,-0.36106555260128226,18.72,1.8218564185331854,1.1119548353624291,-1.5723361855459073,0.0,75.0,Clouds,broken clouds,2.0,3.29,-0.6105045450520589,2.216831795072854,-1.2938967197936917,1.5963078336734347,0.29818224568502005,9.0,0.0,4.0,5.0,4
99,Tanger,2026-05-04 09:41:13.598844,35.7595,-5.834,-0.5623470196886926,17.58,0.5693624935421631,1.1119548353624291,0.17926616355344865,270.0,40.0,Clouds,scattered clouds,2.0,1.61,-0.8523151618976758,1.9048918610213712,-0.9874783925420522,-0.27342904985574534,1.171013886358591,9.0,0.0,4.0,5.0,5
100,Agadir,2026-05-04 10:41:36.861747,30.4278,-9.5981,0.4983743624227356,21.1,0.20098192736833292,0.5048521816576331,-0.2780966720447165,239.0,3.0,Clear,clear sky,2.0,3.94,0.5047313053178907,-0.9123156683810859,-0.8806182195929514,-0.3800918922047255,-0.0805937493242648,10.0,0.0,4.0,5.0,0
100,Casablanca,2026-05-04 10:41:19.609183,33.5731,-7.5898,0.15971030668836436,19.73,-0.38842697850979524,1.1119548353624291,-0.8230396250978494,40.0,40.0,Clouds,scattered clouds,2.0,3.23,-0.1770953520172917,0.19897034667732263,-0.3437424109209616,1.2700450217824364,0.08535827524501932,10.0,0.0,4.0,5.0,1
100,Fes,2026-05-04 10:41:29.955823,34.0181,-5.0078,-1.1342419817306972,16.06,1.8218564185331854,1.1119548353624291,-0.8230396250978494,310.0,75.0,Clouds,broken clouds,2.0,3.23,-0.6699661721452433,-0.6881088407815824,-1.6247770143469322,-0.8443889706649916,-2.0669508067642646,10.0,0.0,4.0,5.0,2
100,Marrakech,2026-05-04 10:41:26.517764,31.6295,-7.9811,0.15332041884431974,19.7,-0.38842697850979524,0.8084035085100311,-0.8230396250978494,0.0,40.0,Clouds,scattered clouds,2.0,9.06,1.547291833685059,0.8910870753540511,-0.651448210135843,-0.43656045580124425,-1.1054425117406932,10.0,0.0,4.0,5.0,3
100,Rabat,2026-05-04 10:41:23.292752,34.0209,-6.8416,0.2779232318031925,20.37,0.27465804060309895,1.415506162214827,-0.5700303968946092,310.0,75.0,Clouds,broken clouds,2.0,3.13,-0.6765730196000417,0.8423464606585065,-0.5085388222159609,1.6527763972699534,0.13729745850716352,10.0,0.0,4.0,5.0,4
100,Tanger,2026-05-04 10:41:33.641428,35.7595,-5.834,-0.24285262748645525,18.45,-0.09372252557073117,1.1119548353624291,0.6804190578790976,280.0,75.0,Clouds,broken clouds,2.0,1.23,-0.9461323957558113,-0.3664207837909905,-0.06500473087902944,-0.26715476501168767,0.6604897191721627,10.0,0.0,4.0,5.0,5
101,Agadir,2026-05-04 11:41:56.114632,30.4278,-9.5981,0.817868754624973,22.1,-0.09372252557073117,0.5048521816576331,0.2571151568467532,259.0,1.0,Clear,clear sky,2.0,4.51,0.7016153594708792,-0.9903006518939568,-0.7621707989746704,-0.3173490437641489,-0.08566098671569417,11.0,0.0,4.0,5.0,0
101,Casablanca,2026-05-04 11:41:39.237742,33.5731,-7.5898,0.16290525061038724,19.74,-0.38842697850979524,1.1119548353624291,-0.32188673077220054,30.0,40.0,Clouds,scattered clouds,2.0,3.32,-0.24052108758335522,-0.3371764149736639,0.13712836734999306,1.1257364703691106,-0.1452010260649797,11.0,0.0,4.0,5.0,1
101,Fes,2026-05-04 11:41:49.479436,34.0181,-5.0078,-1.1342419817306972,16.21,2.2639130979417814,0.8084035085100311,-0.32188673077220054,310.0,75.0,Clouds,broken clouds,2.0,3.27,-0.6778943890910013,-0.844078807807324,-1.3576265819741793,-0.8443889706649916,-2.1923649322021213,11.0,0.0,4.0,5.0,2
101,Marrakech,2026-05-04 11:41:46.091880,31.6295,-7.9811,0.7923092032487945,21.8,-0.6831314314488593,0.8084035085100311,-0.8230396250978494,0.0,40.0,Clouds,scattered clouds,2.0,8.79,1.490472945573794,0.10148911728623429,-0.42099072871549265,-0.5118518739299361,-1.2675941082664075,11.0,0.0,4.0,5.0,3
101,Rabat,2026-05-04 11:41:42.701685,34.0209,-6.8416,0.2779232318031925,20.37,0.27465804060309895,1.1119548353624291,-0.32188673077220054,320.0,75.0,Clouds,broken clouds,2.0,3.45,-0.6554311077446872,0.13073348610356064,-0.045048915448775484,1.6402278275818383,-0.0552575623671234,11.0,0.0,4.0,5.0,4
101,Tanger,2026-05-04 11:41:52.842963,35.7595,-5.834,-0.24285262748645525,18.45,-0.09372252557073117,1.1119548353624291,0.43227539175668894,290.0,40.0,Clouds,scattered clouds,2.0,1.17,-0.9725597855750046,-0.6783607178424736,0.196995813640754,-0.3800918922047255,0.649088435041448,11.0,0.0,4.0,5.0,5
102,Agadir,2026-05-04 12:42:14.649404,30.4278,-9.5981,1.4568575390294478,24.19,-0.38842697850979524,0.20130085480523507,1.0307395276989686,264.0,1.0,Clear,clear sky,2.0,5.17,0.878678871259473,-1.039041266589501,-0.6591730419152964,-0.24205762563545719,-0.02358732867069484,12.0,0.0,4.0,5.0,0
102,Casablanca,2026-05-04 12:41:58.255039,33.5731,-7.5898,0.15971030668836436,19.73,-0.38842697850979524,1.1119548353624291,0.17926616355344865,40.0,40.0,Clouds,scattered clouds,2.0,3.85,-0.20748685030936384,-0.6101238572687117,0.4731585497562023,1.2323993127180908,-0.30735262259069407,12.0,0.0,4.0,5.0,1
102,Fes,2026-05-04 12:42:08.143305,34.0181,-5.0078,-0.8147475895284599,17.16,1.8218564185331854,0.8084035085100311,-0.5700303968946092,300.0,75.0,Clouds,broken clouds,2.0,2.97,-0.7571765585485806,-0.8928194225028683,-1.3003340796099023,-0.8632118251971646,-2.287375633291407,12.0,0.0,4.0,5.0,2
102,Marrakech,2026-05-04 12:42:04.863126,31.6295,-7.9811,1.111803595451032,22.72,-1.1988642240922216,0.5048521816576331,-0.8230396250978494,0.0,40.0,Clouds,scattered clouds,2.0,9.18,1.650358653979912,-0.5126426278776233,-0.17057743186488833,-0.549497582994282,-1.4614159384885506,12.0,0.0,4.0,5.0,3
102,Rabat,2026-05-04 12:42:01.511445,34.0209,-6.8416,0.5974176240054299,21.23,-0.38842697850979524,1.1119548353624291,-0.06887750256896022,310.0,75.0,Clouds,broken clouds,2.0,3.93,-0.5972908501424623,-0.18120644794792232,0.22403272486883993,1.8472792274357408,-0.15913592889140818,12.0,0.0,4.0,5.0,4
102,Tanger,2026-05-04 12:42:11.432690,35.7595,-5.834,-0.24285262748645525,18.45,-0.09372252557073117,1.1119548353624291,0.43227539175668894,290.0,40.0,Clouds,scattered clouds,2.0,1.22,-0.9672743076111658,-0.8148344389899976,0.4081412156124718,-0.42401188611312896,0.6845590967814481,12.0,0.0,4.0,5.0,5
103,Agadir,2026-05-04 13:42:35.749988,30.4278,-9.5981,1.776351931231685,25.11,-0.9041597711531574,-0.10225047204716294,1.040470651860632,279.0,3.0,Clear,clear sky,2.0,5.72,0.9632465186808911,-1.0585375124677188,-0.5259196937197301,-0.16049192266270768,0.10816084350644874,13.0,0.0,4.0,5.0,0
103,Casablanca,2026-05-04 13:42:17.318929,33.5731,-7.5898,0.40891593260610987,20.48,-0.6831314314488593,1.1119548353624291,-0.06887750256896022,20.0,40.0,Clouds,scattered clouds,3.0,4.02,-0.280162172312145,-0.7758419472335621,0.8342944354456341,1.2323993127180908,-0.2516130112849801,13.0,0.0,4.0,5.0,1
103,Fes,2026-05-04 13:42:28.086163,34.0181,-5.0078,-0.4952531973262225,18.1,1.3797997391245893,0.5048521816576331,-0.5700303968946092,0.0,75.0,Clouds,broken clouds,2.0,2.51,-0.8655288568072724,-0.9903006518939568,-0.9005740350232053,-0.9008575342615105,-2.1784300293756926,13.0,0.0,4.0,5.0,2
103,Marrakech,2026-05-04 13:42:24.494124,31.6295,-7.9811,1.7507923798555067,24.92,-1.1988642240922216,0.20130085480523507,-0.5700303968946092,0.0,40.0,Clouds,scattered clouds,2.0,7.35,1.181272484689234,-0.844078807807324,-0.11392866548223265,-0.5808690072145702,-1.3904746150085503,13.0,0.0,4.0,5.0,3
103,Rabat,2026-05-04 13:42:20.808338,34.0209,-6.8416,0.5974176240054299,21.23,-0.38842697850979524,1.1119548353624291,0.17926616355344865,300.0,75.0,Clouds,broken clouds,3.0,4.12,-0.5906840026876641,-0.46390201318207896,0.5439695077345219,1.815907803215452,-0.0552575623671234,13.0,0.0,4.0,5.0,4
103,Tanger,2026-05-04 13:42:32.071618,35.7595,-5.834,-0.24285262748645525,18.45,-0.09372252557073117,1.1119548353624291,0.9285627240015063,300.0,40.0,Clouds,scattered clouds,3.0,1.3,-0.9514178737196501,-0.8830712995637595,0.6031932180436623,-0.4553833103334172,0.7516999922178768,13.0,0.0,4.0,5.0,5
104,Agadir,2026-05-04 13:52:51.193371,30.4278,-9.5981,1.776351931231685,25.11,-0.9041597711531574,-0.10225047204716294,1.040470651860632,279.0,3.0,Clear,clear sky,2.0,5.72,0.9632465186808911,-1.0585375124677188,-0.5259196937197301,-0.16049192266270768,0.10816084350644874,13.0,0.0,4.0,5.0,0
104,Casablanca,2026-05-04 13:52:34.663496,33.5731,-7.5898,0.4823996428126246,20.73,-0.6831314314488593,1.1119548353624291,-0.06887750256896022,20.0,40.0,Clouds,scattered clouds,3.0,4.02,-0.280162172312145,-0.7758419472335621,0.8342944354456341,1.2323993127180908,-0.2516130112849801,13.0,0.0,4.0,5.0,1
104,Fes,2026-05-04 13:52:44.831236,34.0181,-5.0078,-0.4952531973262225,18.1,1.3797997391245893,0.5048521816576331,-0.5700303968946092,0.0,75.0,Clouds,broken clouds,2.0,2.51,-0.8655288568072724,-0.9903006518939568,-0.9005740350232053,-0.9008575342615105,-2.1784300293756926,13.0,0.0,4.0,5.0,2
104,Marrakech,2026-05-04 13:52:41.648744,31.6295,-7.9811,1.7507923798555067,24.92,-1.1988642240922216,0.20130085480523507,-0.5700303968946092,0.0,40.0,Clouds,scattered clouds,2.0,7.35,1.181272484689234,-0.844078807807324,-0.11392866548223265,-0.5808690072145702,-1.3904746150085503,13.0,0.0,4.0,5.0,3
104,Rabat,2026-05-04 13:52:37.839471,34.0209,-6.8416,0.5974176240054299,21.23,-0.38842697850979524,1.1119548353624291,0.17926616355344865,320.0,75.0,Clouds,broken clouds,3.0,4.12,-0.5906840026876641,-0.46390201318207896,0.5439695077345219,1.815907803215452,-0.0552575623671234,13.0,0.0,4.0,5.0,4
104,Tanger,2026-05-04 13:52:48.013919,35.7595,-5.834,-0.24285262748645525,18.45,-0.09372252557073117,1.1119548353624291,0.9285627240015063,300.0,40.0,Clouds,scattered clouds,3.0,1.3,-0.9514178737196501,-0.8830712995637595,0.6031932180436623,-0.4553833103334172,0.7516999922178768,13.0,0.0,4.0,5.0,5
105,Agadir,2026-05-04 20:10:28.336565,30.4278,-9.5981,0.4983743624227356,20.76,-0.7568075446836253,-0.709353125751959,1.595144729075428,322.0,0.0,Clear,clear sky,2.0,3.89,0.021110071626656655,-0.8733231766246506,0.2002144935488602,-0.3800918922047255,0.5287415469950191,20.0,0.0,4.0,5.0,0
105,Casablanca,2026-05-04 20:10:10.843968,33.5731,-7.5898,-0.19812341257814184,18.6,-0.09372252557073117,1.1119548353624291,0.16953503939178555,40.0,76.0,Clouds,broken clouds,3.0,2.99,-0.4598684230826581,0.13073348610356064,0.5652127951280178,1.6527763972699534,0.06888975372287705,20.0,0.0,4.0,5.0,1
105,Fes,2026-05-04 20:10:21.443091,34.0181,-5.0078,-0.17575880512398512,18.68,-0.09372252557073117,0.5048521816576331,0.17926616355344865,330.0,75.0,Clouds,broken clouds,2.0,2.47,-0.8985630940812638,-0.28843580027811977,-1.1677244673959575,-0.8067432616006457,-1.6907084304506936,20.0,0.0,4.0,5.0,2
105,Marrakech,2026-05-04 20:10:17.690911,31.6295,-7.9811,2.0702867720577443,25.98,-2.451358149083244,-0.10225047204716294,-0.32188673077220054,360.0,40.0,Clouds,scattered clouds,2.0,6.76,1.0544210135571075,-0.22994706264346662,-0.318636707637739,-0.32989761345226426,-1.4132771832699798,20.0,0.0,4.0,5.0,3
105,Rabat,2026-05-04 20:10:14.242496,34.0209,-6.8416,-0.36106555260128226,18.14,0.20098192736833292,1.1119548353624291,0.17926616355344865,350.0,40.0,Clouds,scattered clouds,2.0,2.58,-0.6990363009463558,1.15428639470999,0.2806814912514965,1.4331764277279357,0.3741908065564479,20.0,0.0,4.0,5.0,4
105,Tanger,2026-05-04 20:10:25.043532,35.7595,-5.834,-0.5463723000785805,17.06,-1.0515119976226894,0.8084035085100311,0.6804190578790976,260.0,20.0,Clouds,few clouds,3.0,1.59,-0.8893135076445462,-0.3664207837909905,1.3628016763565491,-0.43656045580124425,1.1444108900535919,20.0,0.0,4.0,5.0,5
106,Agadir,2026-05-04 21:10:46.315758,30.4278,-9.5981,-0.1406144219817392,18.74,-0.2410747520402632,-0.405801798899561,0.2571151568467532,347.0,1.0,Clear,clear sky,2.0,3.38,-0.07931400968627739,-0.8733231766246506,0.20472064542020738,-0.4553833103334172,0.5743466835178779,21.0,0.0,4.0,5.0,0
106,Casablanca,2026-05-04 21:10:30.227417,33.5731,-7.5898,-0.19812341257814184,18.6,-0.09372252557073117,1.415506162214827,0.16953503939178555,40.0,79.0,Clouds,broken clouds,2.0,2.88,-0.39512131802563494,0.6083915101198942,0.46672118993999173,1.815907803215452,0.4349976552535912,21.0,0.0,4.0,5.0,1
106,Fes,2026-05-04 21:10:39.879671,34.0181,-5.0078,-1.00324928092778,15.72,-0.38842697850979524,0.8084035085100311,0.7679991753340653,306.0,80.0,Clouds,broken clouds,2.0,2.49,-0.8813852906987882,0.1209853631644518,-1.4393810516400585,-0.7565489828481845,-1.4639495571842642,21.0,0.0,4.0,5.0,2
106,Marrakech,2026-05-04 21:10:36.652756,31.6295,-7.9811,1.4312979876532692,23.63,-1.7145970167355837,0.20130085480523507,0.9285627240015063,360.0,75.0,Clouds,broken clouds,2.0,6.43,0.9156772170063435,0.08199287140801659,-0.4589711516311372,-0.3361718982963219,-1.1827178819599788,21.0,0.0,4.0,5.0,3
106,Rabat,2026-05-04 21:10:33.444756,34.0209,-6.8416,-0.6805599448035197,17.17,0.5693624935421631,1.415506162214827,-0.06887750256896022,350.0,40.0,Clouds,scattered clouds,2.0,2.28,-0.7241423212745892,1.417485714065929,0.11846002388298102,1.3014164460027247,0.6072837265621625,21.0,0.0,4.0,5.0,4
106,Tanger,2026-05-04 21:10:43.118127,35.7595,-5.834,-1.2013358040931668,15.25,0.20098192736833292,1.1119548353624291,0.6804190578790976,270.0,20.0,Clouds,few clouds,3.0,1.55,-0.8959203550993445,-0.2591914314607932,1.2894157744517447,-0.4428347406453019,1.2052177387507335,21.0,0.0,4.0,5.0,5
107,Agadir,2026-05-04 22:11:06.124231,30.4278,-9.5981,-0.4601088141839766,17.78,0.1273058141335669,-0.10225047204716294,-0.010490757598981642,49.0,2.0,Clear,clear sky,2.0,3.02,-0.1308474198337038,-0.8928194225028683,0.2092267972915555,-0.5181261587739938,0.6554224817807333,22.0,0.0,4.0,5.0,0
107,Casablanca,2026-05-04 22:10:49.536875,33.5731,-7.5898,-0.5144228608583563,17.51,-0.09372252557073117,1.415506162214827,-0.06887750256896022,50.0,76.0,Clouds,broken clouds,2.0,2.77,-0.3554802332968453,0.8520945835976156,0.3811043043843859,1.82218208805951,0.7707021324357346,22.0,0.0,4.0,5.0,1
107,Fes,2026-05-04 22:10:59.535666,34.0181,-5.0078,-1.4505414300109118,14.34,0.053629700898800876,1.1119548353624291,-0.0007596334373185446,292.0,81.0,Clouds,broken clouds,2.0,2.49,-0.8628861178253531,0.39393280545949955,-1.5797154956334558,-0.7251775586278961,-1.26632729891855,22.0,0.0,4.0,5.0,2
107,Marrakech,2026-05-04 22:10:56.335606,31.6295,-7.9811,0.47281481104655715,20.6,-0.9778358843879235,0.5048521816576331,1.4297156183271555,30.0,75.0,Clouds,broken clouds,2.0,6.15,0.8033608102747726,0.26720720725108466,-0.4982390465100237,-0.3110747589200913,-0.96989391151998,22.0,0.0,4.0,5.0,3
107,Rabat,2026-05-04 22:10:53.121141,34.0209,-6.8416,-1.000054337005757,16.2,0.9377430597159931,1.415506162214827,-0.5700303968946092,360.0,40.0,Clouds,scattered clouds,2.0,2.15,-0.7373560161841859,1.3102563617357312,0.07983586498571595,1.1759307491215718,0.7973051287407338,22.0,0.0,4.0,5.0,4
107,Tanger,2026-05-04 22:11:02.751273,35.7595,-5.834,-1.2013358040931668,15.25,0.20098192736833292,1.1119548353624291,-0.06887750256896022,260.0,20.0,Clouds,few clouds,3.0,1.5,-0.8932776161174252,-0.2591914314607932,1.2057300968410032,-0.4679318800215325,1.2077513574464491,22.0,0.0,4.0,5.0,5
108,Agadir,2026-05-04 23:11:24.933238,30.4278,-9.5981,-0.4601088141839766,17.8,0.20098192736833292,-0.10225047204716294,0.4468720779991837,106.0,1.0,Clear,clear sky,2.0,2.79,-0.15331070118001794,-0.8928194225028683,0.19828328560399686,-0.5620461526823973,0.6984939996078766,23.0,0.0,4.0,5.0,0
108,Casablanca,2026-05-04 23:11:08.652363,33.5731,-7.5898,-0.9074009632671085,16.26,0.20098192736833292,1.415506162214827,-0.9203508667144804,60.0,71.0,Clouds,broken clouds,2.0,2.67,-0.340945168896289,0.9300795671104864,0.1918459257877854,1.583759263985319,0.7377650893914482,23.0,0.0,4.0,5.0,1
108,Fes,2026-05-04 23:11:18.421334,34.0181,-5.0078,-1.7029419998506796,13.55,0.27465804060309895,1.415506162214827,-0.4824502794396413,285.0,75.0,Clouds,broken clouds,2.0,2.44,-0.8602433788434338,0.6766283706936562,-1.8590969116570093,-0.7753718373803574,-1.365138428051407,23.0,0.0,4.0,5.0,2
108,Marrakech,2026-05-04 23:11:15.202814,31.6295,-7.9811,-0.16617397335791764,18.47,-0.7568075446836253,0.8084035085100311,0.9285627240015063,40.0,75.0,Clouds,broken clouds,2.0,5.94,0.695008512016081,0.46216966603326154,-0.6347110746136952,-0.3361718982963219,-0.9483581526064083,23.0,0.0,4.0,5.0,3
108,Rabat,2026-05-04 23:11:11.910311,34.0209,-6.8416,-1.6390431214102323,14.32,1.8218564185331854,1.415506162214827,-0.8230396250978494,20.0,40.0,Clouds,scattered clouds,2.0,2.07,-0.755855189057621,1.2127751323446427,0.023187098603060268,1.0567193370844765,0.7593008483050199,23.0,0.0,4.0,5.0,4
108,Tanger,2026-05-04 23:11:21.634265,35.7595,-5.834,-1.2013358040931668,15.38,0.5693624935421631,1.1119548353624291,-0.06887750256896022,260.0,20.0,Clouds,few clouds,3.0,1.49,-0.8721357042620707,-0.16171020206970463,1.0293464378768247,-0.5055775890858785,1.1482113180971616,23.0,0.0,4.0,5.0,5
109,Agadir,2026-05-05 00:11:44.106088,30.4278,-9.5981,-0.7796032063862139,16.78,0.422010267072631,0.20130085480523507,0.33009858805922654,128.0,1.0,Clear,clear sky,2.0,2.65,-0.1638816571076952,-0.902567545441977,0.21566415710776604,-0.5934175769026856,0.7732357511314484,0.0,1.0,5.0,5.0,0
109,Casablanca,2026-05-05 00:11:27.138832,33.5731,-7.5898,-0.8498919726707058,16.22,-0.46210309174456127,1.415506162214827,-0.32188673077220054,50.0,67.0,Clouds,broken clouds,2.0,2.68,-0.3013040841674995,0.8910870753540511,0.09850420845272706,1.263770736938379,0.8720468802643057,0.0,1.0,5.0,5.0,1
109,Fes,2026-05-05 00:11:37.270191,34.0181,-5.0078,-1.4537363739329348,14.51,0.5693624935421631,1.1119548353624291,-0.32188673077220054,300.0,75.0,Clouds,broken clouds,1.0,2.44,-0.8536365313886355,0.881338952414942,-2.217657853419957,-0.8569375403531069,-1.3727392841385502,0.0,1.0,5.0,5.0,2
109,Marrakech,2026-05-05 00:11:33.905848,31.6295,-7.9811,-0.15339419766982842,18.52,-0.7568075446836253,0.8084035085100311,0.17926616355344865,50.0,75.0,Clouds,broken clouds,2.0,5.93,0.6514033188144124,0.5791471413025678,-0.8419940606956863,-0.43656045580124425,-0.8026750776028362,0.0,1.0,5.0,5.0,3
109,Rabat,2026-05-05 00:11:30.650588,34.0209,-6.8416,-2.5975262980169447,10.99,1.7481803052984195,1.415506162214827,-1.5723361855459073,0.0,40.0,Clouds,scattered clouds,2.0,2.06,-0.7611406670214597,1.1152939029535545,0.041855442070071386,0.9814279189557847,0.8479775026550203,0.0,1.0,5.0,5.0,4
109,Tanger,2026-05-05 00:11:40.772746,35.7595,-5.834,-1.2013358040931668,15.38,0.5693624935421631,1.1119548353624291,0.17926616355344865,260.0,20.0,Clouds,few clouds,3.0,1.5,-0.8311732500423215,-0.04473272680039855,0.8452379471331928,-0.549497582994282,1.0848708507043046,0.0,1.0,5.0,5.0,5
110,Agadir,2026-05-05 00:54:42.067726,30.4278,-9.5981,-0.7796032063862139,16.88,0.7167147200116951,0.20130085480523507,0.174400601472617,140.0,1.0,Clear,clear sky,2.0,2.56,-0.16784576558057432,-0.9318119142593037,0.2182391010342499,-0.6247890011229738,0.8150404596107339,0.0,1.0,5.0,5.0,0
110,Casablanca,2026-05-05 00:54:04.112428,33.5731,-7.5898,-0.8498919726707058,16.22,-0.46210309174456127,1.1119548353624291,-0.32188673077220054,50.0,69.0,Clouds,broken clouds,2.0,2.72,-0.264305738420629,0.7156208624500916,0.028980722437649386,0.9500564947354962,0.9290533009178774,0.0,1.0,5.0,5.0,1
110,Fes,2026-05-05 00:54:35.361820,34.0181,-5.0078,-1.4537363739329348,14.51,0.5693624935421631,1.1119548353624291,-0.06887750256896022,300.0,75.0,Clouds,broken clouds,1.0,2.46,-0.8404228364790389,0.8715908294758333,-2.517638820855385,-0.9008575342615105,-1.3993422804435511,0.0,1.0,5.0,5.0,2
110,Marrakech,2026-05-05 00:54:32.082462,31.6295,-7.9811,-0.485668365560155,17.48,-0.46210309174456127,0.8084035085100311,-0.5700303968946092,40.0,20.0,Clouds,few clouds,2.0,5.95,0.6329041459409771,0.4719177889723704,-1.0550706706122666,-0.5620461526823973,-0.6899290456435505,0.0,1.0,5.0,5.0,3
110,Rabat,2026-05-05 00:54:07.710421,34.0209,-6.8416,-2.9170206902191818,9.89,1.7481803052984195,1.415506162214827,-1.5723361855459073,0.0,40.0,Clouds,scattered clouds,2.0,2.12,-0.7426414941480245,0.9690720588669215,0.050867745812766686,0.937507925047381,0.9024503046128763,0.0,1.0,5.0,5.0,4
110,Tanger,2026-05-05 00:54:38.637911,35.7595,-5.834,-1.2013358040931668,15.38,0.5693624935421631,1.1119548353624291,-0.06887750256896022,260.0,20.0,Clouds,few clouds,3.0,1.53,-0.7796398398948947,-0.11296958737416055,0.6862351596727835,-0.5620461526823973,0.9873265309193051,0.0,1.0,5.0,5.0,5
111,Agadir,2026-05-05 01:55:02.654667,30.4278,-9.5981,-1.418591990790688,14.76,0.9377430597159931,-0.10225047204716294,0.043030425290165285,104.0,1.0,Clear,clear sky,2.0,2.52,-0.15859617914385668,-0.9610562830766303,0.18862724587968013,-0.656160425343262,0.7821034165664476,1.0,1.0,5.0,5.0,0
111,Casablanca,2026-05-05 01:54:44.648978,33.5731,-7.5898,-0.8498919726707058,16.22,-0.46210309174456127,1.1119548353624291,-0.32188673077220054,70.0,64.0,Clouds,broken clouds,2.0,2.77,-0.229950131655678,0.49141403485058816,-0.07337329864010333,0.6990851009731903,0.8631792148293047,1.0,1.0,5.0,5.0,1
111,Fes,2026-05-05 01:54:55.482224,34.0181,-5.0078,-1.4537363739329348,14.25,-0.16739863880549719,1.1119548353624291,-0.32188673077220054,280.0,75.0,Clouds,broken clouds,1.0,2.46,-0.8272091415694424,0.6766283706936562,-2.730715430771966,-0.9385032433258563,-1.5070210750114075,1.0,1.0,5.0,5.0,2
111,Marrakech,2026-05-05 01:54:51.794932,31.6295,-7.9811,-0.8051627577623924,16.48,-0.16739863880549719,0.5048521816576331,-0.5700303968946092,30.0,20.0,Clouds,few clouds,2.0,5.91,0.6064767561217841,0.33544406782484665,-1.2475477291169732,-0.6122404314348585,-0.7887401747764077,1.0,1.0,5.0,5.0,3
111,Rabat,2026-05-05 01:54:48.264359,34.0209,-6.8416,-3.2365150824214193,9.37,2.2639130979417814,1.1119548353624291,-1.5723361855459073,0.0,40.0,Clouds,scattered clouds,2.0,2.22,-0.7122499958559524,0.8033539689020711,0.03219940234575557,0.8684907917627469,0.8492443120028762,1.0,1.0,5.0,5.0,4
111,Tanger,2026-05-05 01:54:58.963060,35.7595,-5.834,-1.2013358040931668,15.38,0.5693624935421631,0.8084035085100311,-0.32188673077220054,250.0,20.0,Clouds,few clouds,3.0,1.57,-0.7333919077113068,-0.22994706264346662,0.5768000427971979,-0.5432232981502243,0.8391098372200193,1.0,1.0,5.0,5.0,5
112,Agadir,2026-05-05 09:03:30.031871,30.4278,-9.5981,-0.7796032063862139,16.94,0.8640669464812272,0.20130085480523507,0.12574498066430173,105.0,97.0,Clouds,overcast clouds,2.0,3.34,0.17174619359605725,-0.6393682260860383,-0.09011043416225202,-0.5557718678383397,0.8669796428728762,9.0,1.0,5.0,5.0,0
112,Casablanca,2026-05-05 09:03:13.831370,33.5731,-7.5898,-0.8498919726707058,16.22,-0.46210309174456127,0.8084035085100311,-0.8230396250978494,120.0,75.0,Clouds,broken clouds,2.0,3.92,0.10435634955711483,1.1347901488317722,-0.15770271223246635,0.6551651070647869,0.8707800709164478,9.0,1.0,5.0,5.0,1
112,Fes,2026-05-05 09:03:23.482886,34.0181,-5.0078,-1.773230766135172,13.39,0.49568638030739703,0.8084035085100311,-0.5700303968946092,310.0,75.0,Clouds,broken clouds,1.0,2.96,-0.717535473819791,0.4036809283986084,-3.505129816662138,-0.9949718069223752,-1.6058322041442648,9.0,1.0,5.0,5.0,2
112,Marrakech,2026-05-05 09:03:20.225311,31.6295,-7.9811,-1.1246571499646298,15.51,0.20098192736833292,0.5048521816576331,-0.5700303968946092,260.0,0.0,Clear,clear sky,2.0,6.65,0.6593315357601703,2.6262529585154257,-1.2855281520326178,-0.3989147467368985,-0.3377560469392648,9.0,1.0,5.0,5.0,3
112,Rabat,2026-05-05 09:03:17.026313,34.0209,-6.8416,-1.6390431214102323,14.47,2.2639130979417814,0.8084035085100311,-1.5723361855459073,0.0,40.0,Clouds,scattered clouds,2.0,3.53,-0.41229912140811054,2.411794253855031,-0.3881601936528167,1.081816476460707,0.8619124054814487,9.0,1.0,5.0,5.0,4
112,Tanger,2026-05-05 09:03:26.762605,35.7595,-5.834,-1.2013358040931668,15.38,0.5693624935421631,0.8084035085100311,-0.06887750256896022,180.0,20.0,Clouds,few clouds,2.0,2.43,-0.5166873111939232,3.5035840230352226,-0.6681853456579917,-0.17304049235082297,1.4623800363657335,9.0,1.0,5.0,5.0,5
113,Agadir,2026-05-05 10:03:48.139050,30.4278,-9.5981,0.1788799702204982,20.03,0.27465804060309895,0.20130085480523507,0.004105928643513112,146.0,99.0,Clouds,overcast clouds,2.0,3.54,0.2404574071259595,-0.6881088407815824,-0.08109813041955671,-0.5306747284621091,0.8517779306985918,10.0,1.0,5.0,5.0,0
113,Casablanca,2026-05-05 10:03:32.060693,33.5731,-7.5898,-0.5144228608583563,17.28,-0.7568075446836253,0.8084035085100311,-0.32188673077220054,90.0,40.0,Clouds,scattered clouds,2.0,4.22,0.16778208512317835,0.8618427065367242,0.019324682713333576,0.9186850705152082,0.712428902434305,10.0,1.0,5.0,5.0,1
113,Fes,2026-05-05 10:03:41.721910,34.0181,-5.0078,-1.773230766135172,13.39,0.49568638030739703,0.8084035085100311,-0.06887750256896022,300.0,75.0,Clouds,broken clouds,1.0,3.02,-0.6858226060367592,-0.034984603861289695,-3.1542937066786436,-0.9761489523902023,-1.6628386247978366,10.0,1.0,5.0,5.0,2
113,Marrakech,2026-05-05 10:03:38.490037,31.6295,-7.9811,-0.16617397335791764,18.71,-0.09372252557073117,0.5048521816576331,-1.0711832912202583,0.0,0.0,Clear,clear sky,2.0,6.73,0.6910444035432018,2.129098688620875,-1.1638620515062317,-0.4051890315809561,-0.34155647498283637,10.0,1.0,5.0,5.0,3
113,Rabat,2026-05-05 10:03:35.285660,34.0209,-6.8416,-0.36106555260128226,18.14,0.20098192736833292,1.1119548353624291,-0.5700303968946092,50.0,40.0,Clouds,scattered clouds,2.0,3.71,-0.37133666718836117,2.0413655821688947,-0.2504006935859033,1.464547851948224,0.7174961398257345,10.0,1.0,5.0,5.0,4
113,Tanger,2026-05-05 10:03:44.934141,35.7595,-5.834,-0.5623470196886926,17.35,-0.09372252557073117,0.8084035085100311,-0.06887750256896022,200.0,40.0,Clouds,scattered clouds,2.0,2.42,-0.5708634603232692,3.0551703678362157,-0.5085388222159609,-0.12284621359836173,1.4623800363657335,10.0,1.0,5.0,5.0,5
114,Agadir,2026-05-05 11:04:07.017834,30.4278,-9.5981,0.817868754624973,22.15,0.053629700898800876,0.20130085480523507,-0.10293643713478096,166.0,86.0,Clouds,overcast clouds,2.0,3.78,0.30520451218298245,-0.717353209598909,-0.04054276357742829,-0.549497582994282,0.840376646567877,11.0,1.0,5.0,5.0,0
114,Casablanca,2026-05-05 11:03:50.580507,33.5731,-7.5898,-0.5144228608583563,17.28,-0.7568075446836253,1.1119548353624291,-0.32188673077220054,60.0,75.0,Clouds,broken clouds,3.0,4.25,0.09246402413847794,-0.015488357983071984,0.5755125708339559,1.1571078945893989,0.42612998981859207,11.0,1.0,5.0,5.0,1
114,Fes,2026-05-05 11:04:00.363006,34.0181,-5.0078,-1.4537363739329348,14.38,0.20098192736833292,0.8084035085100311,-0.32188673077220054,330.0,75.0,Clouds,broken clouds,2.0,3.11,-0.632967826398373,-0.902567545441977,-0.9707412570199044,-0.7879204070684727,-1.2118544969606937,11.0,1.0,5.0,5.0,2
114,Marrakech,2026-05-05 11:03:57.087462,31.6295,-7.9811,0.15332041884431974,19.6,-0.6831314314488593,0.5048521816576331,-0.8230396250978494,220.0,0.0,Clear,clear sky,2.0,5.44,0.437341461278948,0.6961246165718739,-0.19890181505621618,-0.36126903767255253,-0.5632481108578362,11.0,1.0,5.0,5.0,3
114,Rabat,2026-05-05 11:03:53.814120,34.0209,-6.8416,-0.36106555260128226,17.91,-0.46210309174456127,1.1119548353624291,-0.5700303968946092,20.0,40.0,Clouds,scattered clouds,2.0,3.88,-0.3541588638058857,0.8618427065367242,0.327030481928215,1.6715992518021265,0.49073726655930516,11.0,1.0,5.0,5.0,4
114,Tanger,2026-05-05 11:04:03.644476,35.7595,-5.834,-0.24285262748645525,18.31,-0.46210309174456127,0.8084035085100311,-0.06887750256896022,240.0,40.0,Clouds,scattered clouds,3.0,2.02,-0.6884653450186786,0.3061996990075201,0.6308738652533696,0.0089137681268489,0.9075175420043058,11.0,1.0,5.0,5.0,5
115,Agadir,2026-05-05 15:29:26.152383,30.4278,-9.5981,2.41534071563616,28.08,-0.7568075446836253,-0.405801798899561,0.7388058028490762,277.0,100.0,Clouds,overcast clouds,3.0,6.71,0.9592824102080119,-0.6881088407815824,0.7197094307170799,-0.1981376317270536,1.0341984767900199,15.0,1.0,5.0,5.0,0
115,Casablanca,2026-05-05 15:29:09.382726,33.5731,-7.5898,0.16290525061038724,19.35,-1.4935686770312857,0.5048521816576331,0.17926616355344865,20.0,75.0,Clouds,broken clouds,3.0,4.29,-0.25505615198391135,-0.8050863160508888,1.6788760433325054,1.2574964520943215,-0.2680815328071223,15.0,1.0,5.0,5.0,1
115,Fes,2026-05-05 15:29:19.284883,34.0181,-5.0078,0.46322997928048965,20.46,-1.2725403373269875,-0.10225047204716294,0.43227539175668894,320.0,40.0,Clouds,scattered clouds,2.0,2.16,-0.8893135076445462,-1.0585375124677188,-0.8059448457249051,-0.9071318191055681,-1.741380804364978,15.0,1.0,5.0,5.0,2
115,Marrakech,2026-05-05 15:29:15.914657,31.6295,-7.9811,2.0702867720577443,25.98,-1.8619492432051157,-0.405801798899561,-0.5700303968946092,0.0,40.0,Clouds,scattered clouds,2.0,4.08,0.1902453664694925,-0.970804406015739,-0.8130259415227371,-0.5244004436180514,-1.795853606322836,15.0,1.0,5.0,5.0,3
115,Rabat,2026-05-05 15:29:12.582289,34.0209,-6.8416,0.5974176240054299,20.76,-1.7145970167355837,0.5048521816576331,0.6804190578790976,330.0,75.0,Clouds,broken clouds,3.0,4.2,-0.47836759595609335,-0.6198719802078205,1.4394062581694596,1.4080792883517053,-0.14140059802140814,15.0,1.0,5.0,5.0,4
115,Tanger,2026-05-05 15:29:22.674521,35.7595,-5.834,0.07664176471578214,19.23,-0.9778358843879235,0.5048521816576331,1.1815719522047468,300.0,40.0,Clouds,scattered clouds,3.0,1.89,-0.8166381856417652,-0.7953381931117799,1.2231109683447732,-0.3236233286082066,0.7111620930864491,15.0,1.0,5.0,5.0,5
116,Agadir,2026-05-05 16:29:46.767673,30.4278,-9.5981,1.776351931231685,25.08,-0.9778358843879235,-0.709353125751959,0.9382938481631695,276.0,100.0,Clouds,overcast clouds,3.0,7.56,1.182593854180194,-0.6491163490251471,0.7325841503495019,-0.1981376317270536,1.1317427965750193,16.0,1.0,5.0,5.0,0
116,Casablanca,2026-05-05 16:29:29.448710,33.5731,-7.5898,-0.15658914159185017,18.22,-1.5672447902660516,0.5048521816576331,0.43227539175668894,30.0,75.0,Clouds,broken clouds,3.0,4.54,-0.2259860231827991,-0.7465975784162355,1.7902423681529533,1.6088564033615496,-0.3744935180271227,16.0,1.0,5.0,5.0,1
116,Fes,2026-05-05 16:29:39.807375,34.0181,-5.0078,0.782724371482727,21.48,-1.4935686770312857,-0.405801798899561,0.17926616355344865,330.0,40.0,Clouds,scattered clouds,2.0,2.09,-0.9183836364456587,-1.0195450207112833,-0.8059448457249051,-0.9322289584817987,-1.8313242680628363,16.0,1.0,5.0,5.0,2
116,Marrakech,2026-05-05 16:29:36.316398,31.6295,-7.9811,2.3897811642599813,26.9,-2.0829775829094137,-0.709353125751959,-0.5700303968946092,0.0,40.0,Clouds,scattered clouds,2.0,3.6,0.013181854680898653,-0.9513081601375214,-1.0866137337117006,-0.5620461526823973,-2.035280573067836,16.0,1.0,5.0,5.0,3
116,Rabat,2026-05-05 16:29:32.967263,34.0209,-6.8416,-0.041571160399044876,18.8,-1.0515119976226894,0.5048521816576331,0.6804190578790976,310.0,75.0,Clouds,broken clouds,3.0,4.04,-0.5114018332300847,-0.5613832425731675,1.4889739287542834,1.3955307186635897,-0.21994277758855152,16.0,1.0,5.0,5.0,4
116,Tanger,2026-05-05 16:29:43.316824,35.7595,-5.834,-0.24285262748645525,18.11,-1.0515119976226894,0.5048521816576331,1.1815719522047468,290.0,40.0,Clouds,scattered clouds,3.0,1.84,-0.8470296839338372,-0.8050863160508888,1.2224672323631518,-0.3738176073606678,0.6870927154771619,16.0,1.0,5.0,5.0,5
117,Agadir,2026-05-05 17:30:07.834967,30.4278,-9.5981,2.0958463234339226,26.06,-1.3462164505617535,-1.012904452604357,0.5685111300199723,300.0,100.0,Clouds,overcast clouds,3.0,8.87,1.448189121863085,-0.4346576443647525,0.6282989213268849,-0.17304049235082297,1.1684802676628774,17.0,1.0,5.0,5.0,0
117,Casablanca,2026-05-05 17:29:49.958669,33.5731,-7.5898,-0.17575880512398512,18.26,-1.2725403373269875,0.5048521816576331,0.17926616355344865,30.0,40.0,Clouds,scattered clouds,3.0,4.51,-0.22334328420087984,-0.6101238572687117,1.8752155177269378,1.9037477910322596,-0.2832832449814086,17.0,1.0,5.0,5.0,1
117,Fes,2026-05-05 17:30:00.461192,34.0181,-5.0078,0.46322997928048965,20.46,-1.2725403373269875,-0.405801798899561,0.6804190578790976,340.0,40.0,Clouds,scattered clouds,2.0,2.24,-0.8760998127349496,-0.9513081601375214,-0.6688290816396122,-0.925954673637741,-1.7274459015385497,17.0,1.0,5.0,5.0,2
117,Marrakech,2026-05-05 17:29:56.978369,31.6295,-7.9811,2.709275556462219,27.39,-2.451358149083244,-0.709353125751959,-0.5700303968946092,0.0,40.0,Clouds,scattered clouds,2.0,3.42,-0.06081483681284213,-0.8830712995637595,-1.1748055631937893,-0.568320437526455,-1.9858750085014074,17.0,1.0,5.0,5.0,3
117,Rabat,2026-05-05 17:29:53.372139,34.0209,-6.8416,-0.041571160399044876,18.8,-1.0515119976226894,0.5048521816576331,0.43227539175668894,330.0,95.0,Clouds,overcast clouds,3.0,3.73,-0.5497215484679147,-0.3469245379127728,1.4909051366991468,1.4080792883517053,-0.17813806910926605,17.0,1.0,5.0,5.0,4
117,Tanger,2026-05-05 17:30:04.148581,35.7595,-5.834,-0.23965768356443237,17.86,-1.7882731299703496,0.20130085480523507,1.1815719522047468,300.0,75.0,Clouds,broken clouds,3.0,1.65,-0.9117767889908603,-0.6101238572687117,1.1619560500907695,-0.46165759517747484,0.7656348950443053,17.0,1.0,5.0,5.0,5
118,Agadir,2026-05-05 18:30:26.161194,30.4278,-9.5981,1.776351931231685,25.01,-1.1988642240922216,-1.012904452604357,0.46633432632250993,316.0,100.0,Clouds,overcast clouds,3.0,8.7,1.3504077795320701,-0.5028945049385144,0.6894538395808887,-0.1416690681305347,1.0671355198343044,18.0,1.0,5.0,5.0,0
118,Casablanca,2026-05-05 18:30:10.027587,33.5731,-7.5898,-0.33870094514712556,17.75,-1.1251881108574555,0.5048521816576331,0.43227539175668894,30.0,40.0,Clouds,scattered clouds,3.0,3.75,-0.26959121638446776,-0.1227177103132694,1.6660013237000832,2.0606049121337007,0.022017807852162206,18.0,1.0,5.0,5.0,1
118,Fes,2026-05-05 18:30:19.681525,34.0181,-5.0078,0.14373558707825226,19.36,-1.2725403373269875,-0.10225047204716294,0.9285627240015063,340.0,75.0,Clouds,broken clouds,2.0,2.61,-0.7690688839672175,-0.8148344389899976,-0.33730505110475106,-0.7941946919125303,-1.4588823197928367,18.0,1.0,5.0,5.0,2
118,Marrakech,2026-05-05 18:30:16.477319,31.6295,-7.9811,2.0702867720577443,25.98,-2.451358149083244,-0.709353125751959,0.17926616355344865,350.0,40.0,Clouds,scattered clouds,2.0,3.29,-0.1440611147433003,-0.6783607178424736,-1.2720096964185743,-0.5871432920586279,-1.9744737243706927,18.0,1.0,5.0,5.0,3
118,Rabat,2026-05-05 18:30:13.218890,34.0209,-6.8416,-0.36106555260128226,18.04,-0.09372252557073117,0.5048521816576331,0.6804190578790976,340.0,97.0,Clouds,overcast clouds,3.0,2.91,-0.6488242602898888,0.5304065266070236,1.1883492253372339,1.3829821489754746,0.20823878198716375,18.0,1.0,5.0,5.0,4
118,Tanger,2026-05-05 18:30:22.894541,35.7595,-5.834,-0.5623470196886926,16.93,-1.2725403373269875,0.20130085480523507,0.9285627240015063,290.0,75.0,Clouds,broken clouds,3.0,1.55,-0.9315973313552552,-0.48339825906029665,1.089857620149207,-0.4742061648655902,0.79477151004502,18.0,1.0,5.0,5.0,5
119,Agadir,2026-05-05 19:30:44.086528,30.4278,-9.5981,1.4568575390294478,23.98,-0.9778358843879235,-1.012904452604357,-0.1369953717006017,333.0,100.0,Clouds,overcast clouds,3.0,7.63,1.0557423830480668,-0.6881088407815824,0.9778475593471375,-0.06637765000184297,0.9037171139607342,19.0,1.0,5.0,5.0,0
119,Casablanca,2026-05-05 19:30:27.973588,33.5731,-7.5898,-0.4760835337940876,17.3,-1.0515119976226894,0.5048521816576331,0.43227539175668894,20.0,40.0,Clouds,scattered clouds,3.0,3.16,-0.33698106042341014,0.3256959448857378,1.2958531342679562,1.8849249365000864,0.06382251633144949,19.0,1.0,5.0,5.0,1
119,Fes,2026-05-05 19:30:37.618604,34.0181,-5.0078,0.14373558707825226,19.25,-1.5672447902660516,0.20130085480523507,0.43227539175668894,340.0,75.0,Clouds,broken clouds,2.0,2.8,-0.7241423212745892,-0.4444057673038612,-0.5420130932602574,-0.7314518434719539,-1.4462142263142643,19.0,1.0,5.0,5.0,2
119,Marrakech,2026-05-05 19:30:34.449002,31.6295,-7.9811,1.7507923798555067,24.4,-2.672386488787542,-0.405801798899561,0.6804190578790976,360.0,40.0,Clouds,scattered clouds,2.0,3.48,-0.07931400968627739,-0.37616890673009934,-1.3048402314812504,-0.549497582994282,-1.9073328289342641,19.0,1.0,5.0,5.0,3
119,Rabat,2026-05-05 19:30:31.202103,34.0209,-6.8416,-0.6805599448035197,17.04,0.20098192736833292,0.5048521816576331,0.17926616355344865,340.0,75.0,Clouds,broken clouds,3.0,2.38,-0.7333919077113068,1.144538271770881,0.8452379471331928,1.3202393005348978,0.3045162924243054,19.0,1.0,5.0,5.0,4
119,Tanger,2026-05-05 19:30:40.857601,35.7595,-5.834,-0.5527621879226252,16.96,-1.2725403373269875,0.20130085480523507,0.6804190578790976,290.0,75.0,Clouds,broken clouds,3.0,1.46,-0.9461323957558113,-0.4054132755474259,0.9868598630898329,-0.4804804497096478,0.8011055567843054,19.0,1.0,5.0,5.0,5
120,Agadir,2026-05-05 20:31:03.574151,30.4278,-9.5981,0.4983743624227356,20.79,-0.6831314314488593,-1.012904452604357,-0.5554337106521147,344.0,100.0,Clouds,overcast clouds,3.0,6.32,0.7240786408171935,-0.7368494554771268,1.1194694753037768,-0.12284621359836173,0.8137736502628761,20.0,1.0,5.0,5.0,0
120,Casablanca,2026-05-05 20:30:47.003510,33.5731,-7.5898,-0.4760835337940876,17.51,-0.46210309174456127,0.8084035085100311,-0.06887750256896022,20.0,40.0,Clouds,scattered clouds,3.0,2.73,-0.3554802332968453,0.7156208624500916,0.9772038233655161,1.8033592335273372,0.3184511952507339,20.0,1.0,5.0,5.0,1
120,Fes,2026-05-05 20:30:57.039744,34.0181,-5.0078,-0.4952531973262225,17.34,-0.7568075446836253,0.5048521816576331,0.43227539175668894,320.0,75.0,Clouds,broken clouds,2.0,3.01,-0.675251650109082,0.043000379651581155,-0.8851243714642986,-0.7314518434719539,-1.2979975326149784,20.0,1.0,5.0,5.0,2
120,Marrakech,2026-05-05 20:30:53.549575,31.6295,-7.9811,1.4312979876532692,23.35,-2.5250342623180098,-0.10225047204716294,0.17926616355344865,330.0,40.0,Clouds,scattered clouds,2.0,3.95,0.10832045802999395,-0.005740235043963127,-1.2778033202531645,-0.4679318800215325,-1.6146998695792638,20.0,1.0,5.0,5.0,3
120,Rabat,2026-05-05 20:30:50.271362,34.0209,-6.8416,-0.6805599448035197,16.91,-0.16739863880549719,0.8084035085100311,-0.06887750256896022,330.0,75.0,Clouds,broken clouds,3.0,2.09,-0.7769971009129755,1.4369819599441467,0.5896747624296198,1.295142161158667,0.5414096404735916,20.0,1.0,5.0,5.0,4
120,Tanger,2026-05-05 20:31:00.318334,35.7595,-5.834,-0.5623470196886926,16.93,-1.2725403373269875,0.5048521816576331,0.43227539175668894,290.0,75.0,Clouds,broken clouds,3.0,1.4,-0.9540606127015694,-0.3859170296692082,0.8832183700488373,-0.4804804497096478,0.7833702259143053,20.0,1.0,5.0,5.0,5
121,Agadir,2026-05-05 21:57:42.239708,30.4278,-9.5981,-0.4601088141839766,17.59,-0.38842697850979524,-0.709353125751959,-0.6624760764304085,82.0,77.0,Clouds,broken clouds,3.0,5.21,0.487553501935415,-0.8050863160508888,1.1716120898150852,-0.24205762563545719,0.7935047006971623,21.0,1.0,5.0,5.0,0
121,Casablanca,2026-05-05 21:57:25.506922,33.5731,-7.5898,-0.8498919726707058,16.33,-0.16739863880549719,0.8084035085100311,-0.06887750256896022,30.0,64.0,Clouds,broken clouds,3.0,2.48,-0.3594443417697243,0.881338952414942,0.7325841503495019,1.7406163850867602,0.5629453993871633,21.0,1.0,5.0,5.0,1
121,Fes,2026-05-05 21:57:35.536233,34.0181,-5.0078,-1.4537363739329348,14.51,0.5693624935421631,0.5048521816576331,0.43227539175668894,300.0,40.0,Clouds,scattered clouds,2.0,3.11,-0.6461815213079696,0.38418468252039073,-1.1516310678554302,-0.7502746980041267,-1.1599153136985512,21.0,1.0,5.0,5.0,2
121,Marrakech,2026-05-05 21:57:32.220360,31.6295,-7.9811,0.47281481104655715,20.33,-1.7145970167355837,-0.10225047204716294,0.6804190578790976,360.0,40.0,Clouds,scattered clouds,2.0,4.27,0.24574288508979802,0.2087184696164315,-1.2179358739624024,-0.3926404618928408,-1.3398022410942656,21.0,1.0,5.0,5.0,3
121,Rabat,2026-05-05 21:57:28.983061,34.0209,-6.8416,-1.000054337005757,15.81,-0.16739863880549719,0.8084035085100311,-0.5700303968946092,350.0,75.0,Clouds,broken clouds,2.0,1.99,-0.7888894263316124,1.4272338370050375,0.4280970310427258,1.2512221672502635,0.7453659454785914,21.0,1.0,5.0,5.0,4
121,Tanger,2026-05-05 21:57:38.758043,35.7595,-5.834,-0.88184141189093,16.11,-0.46210309174456127,0.5048521816576331,0.17926616355344865,270.0,0.0,Clear,clear sky,3.0,1.39,-0.9382041788100535,-0.3859170296692082,0.815626091978622,-0.4679318800215325,0.8112400315671623,21.0,1.0,5.0,5.0,5
122,Agadir,2026-05-05 22:58:00.957856,30.4278,-9.5981,-0.4601088141839766,17.72,-0.020046412335965148,-0.405801798899561,-0.166188744185591,115.0,76.0,Clouds,broken clouds,3.0,4.42,0.32238231556545804,-0.8343306848682153,1.1008011318367656,-0.3738176073606678,0.7339646613478767,22.0,1.0,5.0,5.0,0
122,Casablanca,2026-05-05 22:57:44.656763,33.5731,-7.5898,-0.8498919726707058,16.33,-0.16739863880549719,0.8084035085100311,-0.32188673077220054,30.0,52.0,Clouds,broken clouds,2.0,2.39,-0.3475520163510874,0.9495758129887042,0.4532027343259483,1.5147421307006852,0.5667458274307348,22.0,1.0,5.0,5.0,1
122,Fes,2026-05-05 22:57:54.548072,34.0181,-5.0078,-1.773230766135172,13.54,0.9377430597159931,0.5048521816576331,-0.32188673077220054,300.0,40.0,Clouds,scattered clouds,2.0,3.07,-0.6567524772356468,0.6571321248154385,-1.524354201214042,-0.7753718373803574,-1.2802622017449783,22.0,1.0,5.0,5.0,2
122,Marrakech,2026-05-05 22:57:51.054127,31.6295,-7.9811,-0.485668365560155,17.27,-1.0515119976226894,0.20130085480523507,0.6804190578790976,20.0,40.0,Clouds,scattered clouds,2.0,4.38,0.3025617732010632,0.3159478219466289,-1.2481914650985937,-0.3361718982963219,-1.3258673382678354,22.0,1.0,5.0,5.0,3
122,Rabat,2026-05-05 22:57:47.856315,34.0209,-6.8416,-1.000054337005757,15.94,0.20098192736833292,0.8084035085100311,-0.5700303968946092,360.0,40.0,Clouds,scattered clouds,2.0,2.01,-0.7836039483677738,1.417485714065929,0.23433250057477714,1.2010278884978025,0.6997608089557343,22.0,1.0,5.0,5.0,4
122,Tanger,2026-05-05 22:57:57.743628,35.7595,-5.834,-0.8722565801248625,16.25,-0.16739863880549719,0.5048521816576331,0.17926616355344865,270.0,0.0,Clear,clear sky,3.0,1.49,-0.8813852906987882,-0.2104508167652489,0.7055472391214159,-0.4553833103334172,0.8479775026550203,22.0,1.0,5.0,5.0,5
123,Agadir,2026-05-05 23:58:19.786202,30.4278,-9.5981,-0.7796032063862139,16.7,0.20098192736833292,-0.405801798899561,-0.11266756129644405,132.0,64.0,Clouds,broken clouds,3.0,3.81,0.17306756308701687,-0.8635750536855418,0.9990908467406334,-0.4867547345537055,0.7415655174350199,23.0,1.0,5.0,5.0,0
123,Casablanca,2026-05-05 23:58:03.265204,33.5731,-7.5898,-0.8498919726707058,16.22,-0.46210309174456127,0.8084035085100311,-0.32188673077220054,40.0,48.0,Clouds,scattered clouds,2.0,2.47,-0.2973399756946204,0.9203314441713774,0.30128104266337097,1.2010278884978025,0.7111620930864491,23.0,1.0,5.0,5.0,1
123,Fes,2026-05-05 23:58:12.922448,34.0181,-5.0078,-2.0927251583374096,12.44,0.9377430597159931,0.5048521816576331,-0.32188673077220054,290.0,40.0,Clouds,scattered clouds,2.0,3.05,-0.6633593246904451,0.8618427065367242,-1.7412932270203498,-0.781646122224415,-1.294197104571407,23.0,1.0,5.0,5.0,2
123,Marrakech,2026-05-05 23:58:09.625397,31.6295,-7.9811,-0.8051627577623924,16.27,-0.7568075446836253,0.20130085480523507,0.17926616355344865,30.0,40.0,Clouds,scattered clouds,2.0,4.5,0.3567379223304091,0.4231771742768261,-1.2140734580726769,-0.3048004740760336,-1.1991864034821211,23.0,1.0,5.0,5.0,3
123,Rabat,2026-05-05 23:58:06.437906,34.0209,-6.8416,-1.000054337005757,15.94,0.20098192736833292,0.8084035085100311,-1.5723361855459073,0.0,40.0,Clouds,scattered clouds,2.0,2.11,-0.7624620365124193,1.388241345248602,0.10622904023218045,1.1822050339656294,0.7174961398257345,23.0,1.0,5.0,5.0,4
123,Tanger,2026-05-05 23:58:16.383246,35.7595,-5.834,-1.2013358040931668,15.38,0.5693624935421631,0.5048521816576331,-0.5700303968946092,280.0,0.0,Clear,clear sky,3.0,1.67,-0.786246687349693,-0.005740235043963127,0.5890310264479984,-0.44910902548935955,0.9037171139607342,23.0,1.0,5.0,5.0,5
124,Agadir,2026-05-06 00:58:38.638716,30.4278,-9.5981,-0.7796032063862139,16.86,0.643038606776929,-0.405801798899561,-0.07374306464979166,128.0,64.0,Clouds,broken clouds,3.0,3.35,0.051501569918728556,-0.902567545441977,0.9417983443763563,-0.5557718678383397,0.8163072689585916,0.0,2.0,6.0,5.0,0
124,Casablanca,2026-05-06 00:58:22.441919,33.5731,-7.5898,-0.7955779259963249,16.31,-0.7568075446836253,0.5048521816576331,-0.5700303968946092,40.0,54.0,Clouds,broken clouds,2.0,2.6,-0.24052108758335522,0.7546133542065271,0.196995813640754,0.9312336402033234,0.7985719380885916,0.0,2.0,6.0,5.0,1
124,Fes,2026-05-06 00:58:32.188929,34.0181,-5.0078,-2.4122195505396467,11.47,1.3061236258898232,0.5048521816576331,-0.5700303968946092,280.0,40.0,Clouds,scattered clouds,2.0,3.03,-0.6660020636723645,0.8618427065367242,-1.7895734256419316,-0.7879204070684727,-1.256192824135693,0.0,2.0,6.0,5.0,2
124,Marrakech,2026-05-06 00:58:28.917209,31.6295,-7.9811,-1.1246571499646298,15.17,-0.7568075446836253,0.20130085480523507,-0.5700303968946092,10.0,40.0,Clouds,scattered clouds,2.0,4.62,0.4043072240049566,0.4134290513377173,-1.179955451046759,-0.29852618923197594,-1.0940412276099785,0.0,2.0,6.0,5.0,3
124,Rabat,2026-05-06 00:58:25.678201,34.0209,-6.8416,-1.9585375136124699,12.9,0.9377430597159931,0.5048521816576331,-1.5723361855459073,0.0,40.0,Clouds,scattered clouds,2.0,2.24,-0.7373560161841859,1.2420195011619695,0.0013000752279429659,1.1320107552131682,0.6896263341728774,0.0,2.0,6.0,5.0,4
124,Tanger,2026-05-06 00:58:35.396578,35.7595,-5.834,-1.2013358040931668,15.38,0.5693624935421631,0.20130085480523507,-0.8230396250978494,170.0,0.0,Clear,clear sky,3.0,1.86,-0.6686448026542837,-0.005740235043963127,0.5278761081939947,-0.4177376012690713,0.9480554411357335,0.0,2.0,6.0,5.0,5
125,Agadir,2026-05-06 08:46:15.494529,30.4278,-9.5981,-0.7796032063862139,16.81,0.49568638030739703,-0.405801798899561,-0.5408370244096199,114.0,23.0,Clouds,few clouds,2.0,4.04,0.40827133247783576,-0.5126426278776233,0.144209463147825,-0.15421763781865,0.6085505359100203,8.0,2.0,6.0,5.0,0
125,Casablanca,2026-05-06 08:45:59.021036,33.5731,-7.5898,-0.5144228608583563,17.28,-0.7568075446836253,-0.10225047204716294,-0.8230396250978494,40.0,40.0,Clouds,scattered clouds,2.0,4.37,0.27481301389091056,1.4272338370050375,-0.6771976494006869,0.29753087095350067,0.7783029885228777,8.0,2.0,6.0,5.0,1
125,Fes,2026-05-06 08:46:08.641501,34.0181,-5.0078,-2.0927251583374096,12.29,0.49568638030739703,-0.10225047204716294,-0.8230396250978494,310.0,75.0,Clouds,broken clouds,2.0,3.96,-0.5114018332300847,1.017812673562466,-1.7857110097522049,-0.7377261283160115,-0.9597594367371229,8.0,2.0,6.0,5.0,2
125,Marrakech,2026-05-06 08:46:05.428713,31.6295,-7.9811,-1.7636459343691047,13.31,0.20098192736833292,-0.10225047204716294,-0.8230396250978494,230.0,0.0,Clear,clear sky,2.0,5.52,0.5575860849562767,2.85045978611493,-1.8018044092927323,-0.3361718982963219,-0.8368789299949786,8.0,2.0,6.0,5.0,3
125,Rabat,2026-05-06 08:46:02.201523,34.0209,-6.8416,-1.319548729207995,15.42,1.8218564185331854,-0.10225047204716294,-1.5723361855459073,0.0,40.0,Clouds,scattered clouds,2.0,4.35,-0.30658956213133803,3.669302113000073,-1.0647267103365832,0.7994736584781128,0.9366541570050205,8.0,2.0,6.0,5.0,4
125,Tanger,2026-05-06 08:46:12.008473,35.7595,-5.834,-1.2013358040931668,15.25,0.20098192736833292,-0.10225047204716294,-0.06887750256896022,180.0,75.0,Clouds,broken clouds,2.0,3.01,-0.23787834860143597,2.85045978611493,-0.8445690046221702,-0.1416690681305347,1.9019628800721617,8.0,2.0,6.0,5.0,5
126,Agadir,2026-05-06 09:46:34.184472,30.4278,-9.5981,-0.1406144219817392,18.82,-0.020046412335965148,-0.405801798899561,-1.061452167058595,162.0,24.0,Clouds,few clouds,2.0,4.53,0.6011912781579454,-0.6101238572687117,0.2008582295304807,0.002639483282791245,0.565479018082877,9.0,2.0,6.0,5.0,0
126,Casablanca,2026-05-06 09:46:17.621336,33.5731,-7.5898,-0.6741700569594751,16.78,-0.6094553182140934,-0.10225047204716294,-0.8230396250978494,50.0,40.0,Clouds,scattered clouds,2.0,4.73,0.35541655283944945,1.0470570423797922,-0.3044745160420751,0.8182965130102857,0.6389539602585911,9.0,2.0,6.0,5.0,1
126,Fes,2026-05-06 09:46:27.335920,34.0181,-5.0078,-1.773230766135172,13.25,0.1273058141335669,-0.405801798899561,-0.8230396250978494,310.0,75.0,Clouds,broken clouds,2.0,3.69,-0.514044572212004,0.3256959448857378,-1.5726343998356238,-0.7502746980041267,-1.1295118893499787,9.0,2.0,6.0,5.0,2
126,Marrakech,2026-05-06 09:46:24.148742,31.6295,-7.9811,-0.8051627577623924,16.38,-0.46210309174456127,-0.405801798899561,-1.0711832912202583,0.0,0.0,Clear,clear sky,2.0,5.67,0.6276186679771386,2.0803580739253302,-1.8101729770538062,-0.4302861709571866,-0.8913517319528366,9.0,2.0,6.0,5.0,3
126,Rabat,2026-05-06 09:46:20.870650,34.0209,-6.8416,-0.041571160399044876,19.01,-0.46210309174456127,-0.10225047204716294,-1.5723361855459073,0.0,40.0,Clouds,scattered clouds,2.0,4.57,-0.24448519605623434,2.791971048480276,-0.7061657685736362,1.2700450217824364,0.7821034165664476,9.0,2.0,6.0,5.0,4
126,Tanger,2026-05-06 09:46:30.803803,35.7595,-5.834,-0.5623470196886926,17.35,-0.09372252557073117,-0.10225047204716294,0.17926616355344865,190.0,75.0,Clouds,broken clouds,2.0,3.19,-0.229950131655678,2.967437261384235,-0.8355567008794749,-0.04755479546967,2.0109084839878757,9.0,2.0,6.0,5.0,5
127,Agadir,2026-05-06 10:46:52.390501,30.4278,-9.5981,0.817868754624973,22.02,-0.3147508652750292,-0.709353125751959,-0.6965350109962294,228.0,30.0,Clouds,scattered clouds,2.0,5.15,0.841680525512603,-0.7563457013553444,0.3637234328806167,0.1532223195401747,0.5604117806914476,10.0,2.0,6.0,5.0,0
127,Casablanca,2026-05-06 10:46:36.272728,33.5731,-7.5898,-0.15658914159185017,18.4,-1.0515119976226894,-0.10225047204716294,-0.5700303968946092,360.0,40.0,Clouds,scattered clouds,3.0,4.36,0.17438893257797672,-0.04473272680039855,0.8291445475926655,1.5084678458566276,0.4324640365578774,10.0,2.0,6.0,5.0,1
127,Fes,2026-05-06 10:46:45.954859,34.0181,-5.0078,-1.1342419817306972,15.25,-0.46210309174456127,-0.405801798899561,-1.0711832912202583,0.0,75.0,Clouds,broken clouds,2.0,3.17,-0.5906840026876641,-0.9220637913201948,-0.21499521459674345,-0.5871432920586279,-1.3448694784856932,10.0,2.0,6.0,5.0,2
127,Marrakech,2026-05-06 10:46:42.731762,31.6295,-7.9811,-0.485668365560155,17.37,-0.7568075446836253,-0.405801798899561,-0.8230396250978494,130.0,0.0,Clear,clear sky,2.0,4.04,0.1360692173401466,-0.5808794884513852,-1.4136316123752144,-0.6310632859670314,-1.6476369126235502,10.0,2.0,6.0,5.0,3
127,Rabat,2026-05-06 10:46:39.480700,34.0209,-6.8416,-0.36106555260128226,18.04,-0.09372252557073117,-0.10225047204716294,-1.5723361855459073,0.0,40.0,Clouds,scattered clouds,3.0,4.26,-0.3092323011132573,0.5596508954243501,0.6109180498231157,1.5774849791412615,0.4501993674278775,10.0,2.0,6.0,5.0,4
127,Tanger,2026-05-06 10:46:49.153195,35.7595,-5.834,-0.24285262748645525,18.45,-0.09372252557073117,-0.10225047204716294,0.17926616355344865,220.0,75.0,Clouds,broken clouds,2.0,3.07,-0.24844930452911324,0.9105833212322687,0.4622150380686436,0.31007944064161597,1.41930851853859,10.0,2.0,6.0,5.0,5
128,Agadir,2026-05-06 11:47:10.906380,30.4278,-9.5981,1.4568575390294478,24.17,-0.46210309174456127,-0.709353125751959,-0.034818568003139275,258.0,45.0,Clouds,scattered clouds,3.0,5.91,1.0887766203220581,-0.8733231766246506,0.5272323722123741,0.2536108770450972,0.5566113526478779,11.0,2.0,6.0,5.0,0
128,Casablanca,2026-05-06 11:46:54.714159,33.5731,-7.5898,0.16290525061038724,19.42,-1.2725403373269875,-0.10225047204716294,-0.5700303968946092,20.0,40.0,Clouds,scattered clouds,3.0,4.55,0.1492829122497431,-0.5028945049385144,1.2179610804918037,1.464547851948224,0.1930370698128775,11.0,2.0,6.0,5.0,1
128,Fes,2026-05-06 11:47:04.386629,34.0181,-5.0078,-0.8147475895284599,16.35,-0.46210309174456127,-0.405801798899561,-0.8230396250978494,0.0,75.0,Clouds,broken clouds,2.0,2.69,-0.7267850602565086,-1.039041266589501,-0.28516243659344254,-0.674983279875435,-1.6235675350142649,11.0,2.0,6.0,5.0,2
128,Marrakech,2026-05-06 11:47:01.144174,31.6295,-7.9811,-0.16617397335791764,18.37,-1.0515119976226894,-0.405801798899561,-0.8230396250978494,0.0,0.0,Clear,clear sky,2.0,3.47,-0.05024388088516488,-0.8538269307464329,-1.5430225446810542,-0.6812575647194927,-1.878196213933551,11.0,2.0,6.0,5.0,3
128,Rabat,2026-05-06 11:46:57.902533,34.0209,-6.8416,0.2779232318031925,19.92,-0.9778358843879235,-0.10225047204716294,-0.06887750256896022,290.0,40.0,Clouds,scattered clouds,3.0,4.65,-0.26298436892966937,-0.24944330852168434,1.122688155211883,1.4080792883517053,0.2057051632914482,11.0,2.0,6.0,5.0,4
128,Tanger,2026-05-06 11:47:07.660993,35.7595,-5.834,-0.24285262748645525,18.45,-0.09372252557073117,-0.405801798899561,0.6804190578790976,240.0,75.0,Clouds,broken clouds,3.0,3.18,-0.2576988909658309,0.33544406782484665,0.7222843746435647,0.1469480346961172,1.3154301520143055,11.0,2.0,6.0,5.0,5
129,Agadir,2026-05-06 14:51:22.775083,30.4278,-9.5981,1.8019114826078648,25.07,-1.2725403373269875,-1.316455779456755,1.31780769046803,288.0,75.0,Clouds,broken clouds,3.0,5.45,0.4941603493902134,-1.0195450207112833,1.062820708921121,0.015188052970906557,0.6148845826493056,14.0,2.0,6.0,5.0,0
129,Casablanca,2026-05-06 14:51:05.969810,33.5731,-7.5898,0.2491687365049912,19.7,-1.3462164505617535,-0.405801798899561,0.17926616355344865,330.0,40.0,Clouds,scattered clouds,3.0,4.09,-0.09517044357779315,-0.7368494554771268,1.4638682254710609,1.6904221063342995,-0.0020515697571232075,14.0,2.0,6.0,5.0,1
129,Fes,2026-05-06 14:51:15.967149,34.0181,-5.0078,0.46322997928048965,20.46,-1.2725403373269875,-1.012904452604357,0.43227539175668894,0.0,75.0,Clouds,broken clouds,2.0,2.46,-0.8311732500423215,-1.039041266589501,-0.357260866535005,-0.7565489828481845,-1.714777808059979,14.0,2.0,6.0,5.0,2
129,Marrakech,2026-05-06 14:51:12.607651,31.6295,-7.9811,1.111803595451032,22.53,-1.7145970167355837,-1.316455779456755,-0.32188673077220054,0.0,40.0,Clouds,scattered clouds,2.0,1.83,-0.6303250874164537,-0.9903006518939568,-1.7760549700278883,-0.693806134407608,-1.7350467576256927,14.0,2.0,6.0,5.0,3
129,Rabat,2026-05-06 14:51:09.310716,34.0209,-6.8416,0.5974176240054299,21.13,-0.6831314314488593,-0.405801798899561,0.17926616355344865,270.0,40.0,Clouds,scattered clouds,3.0,3.87,-0.4321196637725053,-0.658864471964256,1.4014258352538151,0.9500564947354962,0.15629959872501956,14.0,2.0,6.0,5.0,4
129,Tanger,2026-05-06 14:51:19.357720,35.7595,-5.834,0.07664176471578214,19.55,-0.09372252557073117,-0.405801798899561,0.6804190578790976,250.0,40.0,Clouds,scattered clouds,3.0,2.58,-0.5351864840673585,-0.6881088407815824,1.0435086294724885,-0.27342904985574534,1.1925496452721627,14.0,2.0,6.0,5.0,5
130,Agadir,2026-05-06 15:51:41.791287,30.4278,-9.5981,2.0958463234339226,26.06,-1.4198925637965196,-1.620007106309153,1.517295735782123,298.0,82.0,Clouds,broken clouds,3.0,4.35,0.10435634955711483,-1.0292931436503923,1.102732339781629,-0.20441191657111127,0.5350755937343062,15.0,2.0,6.0,5.0,0
130,Casablanca,2026-05-06 15:51:25.312504,33.5731,-7.5898,0.4823996428126246,20.37,-1.7145970167355837,-0.709353125751959,0.17926616355344865,350.0,40.0,Clouds,scattered clouds,3.0,3.65,-0.21277232827320258,-0.6783607178424736,1.3454208048527798,1.5963078336734347,-0.07806013062855102,15.0,2.0,6.0,5.0,1
130,Fes,2026-05-06 15:51:35.143788,34.0181,-5.0078,0.46322997928048965,20.38,-1.4935686770312857,-1.316455779456755,0.43227539175668894,300.0,40.0,Clouds,scattered clouds,2.0,2.32,-0.8972417245903042,-1.0000487748330655,-0.3926663455241648,-0.7440004131600693,-1.7261790921906937,15.0,2.0,6.0,5.0,2
130,Marrakech,2026-05-06 15:51:31.802122,31.6295,-7.9811,1.7507923798555067,24.68,-1.8619492432051157,-1.620007106309153,0.43227539175668894,250.0,40.0,Clouds,scattered clouds,2.0,1.77,-0.6845012365457995,-0.9805525289548479,-1.618339654530721,-0.6812575647194927,-1.7071769519728357,15.0,2.0,6.0,5.0,3
130,Rabat,2026-05-06 15:51:28.586394,34.0209,-6.8416,0.2779232318031925,20.13,-0.38842697850979524,-0.709353125751959,0.17926616355344865,310.0,40.0,Clouds,scattered clouds,3.0,3.58,-0.49950950781144776,-0.6393682260860383,1.3415583889630531,0.8433936523865163,0.16010002676859114,15.0,2.0,6.0,5.0,4
130,Tanger,2026-05-06 15:51:38.399247,35.7595,-5.834,0.07664176471578214,19.34,-0.6831314314488593,-0.709353125751959,0.6804190578790976,290.0,40.0,Clouds,scattered clouds,3.0,2.52,-0.5801130467599868,-0.6783607178424736,1.081489052388133,-0.34244618314037956,1.1532785554885912,15.0,2.0,6.0,5.0,5
131,Agadir,2026-05-06 16:52:36.661609,30.4278,-9.5981,2.0958463234339226,26.06,-1.4198925637965196,-1.620007106309153,1.8578850814403314,308.0,85.0,Clouds,overcast clouds,3.0,3.18,-0.24844930452911324,-1.0195450207112833,1.161312314109148,-0.4051890315809561,0.5667458274307348,16.0,2.0,6.0,5.0,0
131,Casablanca,2026-05-06 16:51:47.744491,33.5731,-7.5898,0.15971030668836436,19.62,-0.6831314314488593,-0.709353125751959,0.43227539175668894,350.0,75.0,Clouds,broken clouds,3.0,3.21,-0.32112462653189416,-0.5321388737558409,1.2733223749112175,1.539839270076916,0.1132280808978781,16.0,2.0,6.0,5.0,1
131,Fes,2026-05-06 16:52:28.415396,34.0181,-5.0078,0.14373558707825226,19.36,-1.2725403373269875,-1.316455779456755,0.17926616355344865,350.0,40.0,Clouds,scattered clouds,2.0,2.4,-0.8800639212078286,-0.8928194225028683,-0.3347301071782663,-0.6624347101873197,-1.6337020097971218,16.0,2.0,6.0,5.0,2
131,Marrakech,2026-05-06 16:52:25.221349,31.6295,-7.9811,1.4312979876532692,23.56,-1.9356253564398818,-1.620007106309153,-0.8230396250978494,0.0,40.0,Clouds,scattered clouds,2.0,1.78,-0.7096072568740331,-0.9318119142593037,-1.400113156761171,-0.656160425343262,-1.5336240713164067,16.0,2.0,6.0,5.0,3
131,Rabat,2026-05-06 16:51:51.042826,34.0209,-6.8416,0.2779232318031925,20.13,-0.38842697850979524,-0.709353125751959,0.43227539175668894,320.0,40.0,Clouds,scattered clouds,3.0,3.32,-0.5536856569407936,-0.4346576443647525,1.272678638929597,0.8433936523865163,0.26144477459716214,16.0,2.0,6.0,5.0,4
131,Tanger,2026-05-06 16:52:33.008358,35.7595,-5.834,-0.24285262748645525,18.45,-0.09372252557073117,-1.012904452604357,1.1815719522047468,280.0,0.0,Clear,clear sky,3.0,2.51,-0.6184327619978168,-0.6393682260860383,1.167105937943738,-0.3926404618928408,1.1203415124443048,16.0,2.0,6.0,5.0,5
132,Agadir,2026-05-06 17:52:57.869624,30.4278,-9.5981,1.776351931231685,24.95,-1.3462164505617535,-1.620007106309153,2.792073000959988,324.0,86.0,Clouds,overcast clouds,3.0,2.39,-0.45326157562785985,-1.0000487748330655,1.2392043678853004,-0.568320437526455,0.6756914313464489,17.0,2.0,6.0,5.0,0
132,Casablanca,2026-05-06 17:52:39.942471,33.5731,-7.5898,0.15971030668836436,19.62,-0.6831314314488593,-0.709353125751959,0.17926616355344865,30.0,75.0,Clouds,broken clouds,3.0,2.91,-0.3792648841341192,-0.3469245379127728,1.1606685781275266,1.5084678458566276,0.2931150082935907,17.0,2.0,6.0,5.0,1
132,Fes,2026-05-06 17:52:50.591777,34.0181,-5.0078,0.46322997928048965,20.38,-1.4935686770312857,-1.316455779456755,-0.06887750256896022,330.0,40.0,Clouds,scattered clouds,2.0,2.57,-0.828530511060402,-0.717353209598909,-0.2626316772367047,-0.5181261587739938,-1.5006870282721223,17.0,2.0,6.0,5.0,2
132,Marrakech,2026-05-06 17:52:47.115689,31.6295,-7.9811,1.4312979876532692,23.5,-2.0829775829094137,-1.620007106309153,-0.8230396250978494,0.0,75.0,Clouds,broken clouds,2.0,1.86,-0.7003576704373154,-0.8635750536855418,-1.2076360982564653,-0.6122404314348585,-1.3714724747906941,17.0,2.0,6.0,5.0,3
132,Rabat,2026-05-06 17:52:43.422262,34.0209,-6.8416,0.2779232318031925,20.13,-0.38842697850979524,-0.709353125751959,0.17926616355344865,320.0,40.0,Clouds,scattered clouds,3.0,3.04,-0.6012549586153413,-0.08372521855683399,1.1387815547524103,0.8622165069186895,0.4489325580800197,17.0,2.0,6.0,5.0,4
132,Tanger,2026-05-06 17:52:54.173698,35.7595,-5.834,-0.24285262748645525,18.55,0.20098192736833292,-1.012904452604357,1.1815719522047468,280.0,0.0,Clear,clear sky,3.0,2.49,-0.6501456297808486,-0.5321388737558409,1.241135575830163,-0.43656045580124425,1.0608014730950193,17.0,2.0,6.0,5.0,5
133,Agadir,2026-05-06 20:37:30.738682,30.4278,-9.5981,0.1788799702204982,19.71,-0.6094553182140934,-1.316455779456755,0.7290746786874133,340.0,12.0,Clouds,few clouds,3.0,1.41,-0.6792157585819609,-0.970804406015739,1.33962718101819,-0.8255661161328186,0.9379209663528765,20.0,2.0,6.0,5.0,0
133,Casablanca,2026-05-06 20:37:14.688998,33.5731,-7.5898,-0.4760835337940876,17.64,-0.09372252557073117,-0.405801798899561,0.17926616355344865,40.0,75.0,Clouds,broken clouds,3.0,2.52,-0.40040679598947354,0.5304065266070236,0.6109180498231157,1.4080792883517053,0.7871706539578769,20.0,2.0,6.0,5.0,1
133,Fes,2026-05-06 20:37:24.315823,34.0181,-5.0078,-0.17575880512398512,18.26,-1.2725403373269875,-0.709353125751959,-0.32188673077220054,320.0,40.0,Clouds,scattered clouds,2.0,2.92,-0.6884653450186786,0.09174099434712545,-0.5851434040288706,-0.4051890315809561,-1.0471692817392655,20.0,2.0,6.0,5.0,2
133,Marrakech,2026-05-06 20:37:21.042434,31.6295,-7.9811,0.7923092032487945,21.43,-1.7145970167355837,-1.316455779456755,0.43227539175668894,330.0,75.0,Clouds,broken clouds,2.0,2.35,-0.46515390104649673,-0.11296958737416055,-0.7126031283898467,-0.5369490133061666,-0.8064755056464078,20.0,2.0,6.0,5.0,3
133,Rabat,2026-05-06 20:37:17.874927,34.0209,-6.8416,-0.6805599448035197,17.3,0.9377430597159931,-0.405801798899561,-0.32188673077220054,340.0,40.0,Clouds,scattered clouds,2.0,2.24,-0.7730329924400965,1.1932788864664254,0.4557776782524331,0.7806508039459398,0.9303201102657334,20.0,2.0,6.0,5.0,4
133,Tanger,2026-05-06 20:37:27.515679,35.7595,-5.834,-0.88184141189093,16.35,0.20098192736833292,-0.709353125751959,0.17926616355344865,280.0,0.0,Clear,clear sky,3.0,2.23,-0.7254636907655488,-0.1227177103132694,1.1323441949361988,-0.49302901939776317,0.9911269589628767,20.0,2.0,6.0,5.0,5
134,Agadir,2026-05-06 21:37:53.807431,30.4278,-9.5981,-0.4601088141839766,17.64,-0.2410747520402632,-1.012904452604357,-0.3997357240655051,2.0,8.0,Clear,clear sky,3.0,1.41,-0.6792157585819609,-0.970804406015739,1.33962718101819,-0.8255661161328186,0.9379209663528765,21.0,2.0,6.0,5.0,0
134,Casablanca,2026-05-06 21:37:32.817426,33.5731,-7.5898,-0.5144228608583563,17.51,-0.09372252557073117,-0.405801798899561,-0.06887750256896022,20.0,93.0,Clouds,overcast clouds,3.0,2.64,-0.3343383214414909,0.6473840018763296,0.5104952366902255,1.5084678458566276,1.0113959085285906,21.0,2.0,6.0,5.0,1
134,Fes,2026-05-06 21:37:47.325812,34.0181,-5.0078,-0.8147475895284599,16.35,-0.46210309174456127,-0.709353125751959,-0.32188673077220054,320.0,40.0,Clouds,scattered clouds,2.0,2.92,-0.6884653450186786,0.09174099434712545,-0.5851434040288706,-0.4051890315809561,-1.0471692817392655,21.0,2.0,6.0,5.0,2
134,Marrakech,2026-05-06 21:37:44.129340,31.6295,-7.9811,0.15332041884431974,19.39,-1.2725403373269875,-1.012904452604357,0.6804190578790976,340.0,75.0,Clouds,broken clouds,2.0,2.54,-0.3343383214414909,0.11123724022534294,-0.5407256212970154,-0.5244004436180514,-0.5011744528128369,21.0,2.0,6.0,5.0,3
134,Rabat,2026-05-06 21:37:36.032375,34.0209,-6.8416,-0.6805599448035197,17.46,1.3797997391245893,-0.405801798899561,-0.5700303968946092,330.0,40.0,Clouds,scattered clouds,2.0,2.24,-0.7730329924400965,1.1932788864664254,0.4557776782524331,0.7806508039459398,0.9303201102657334,21.0,2.0,6.0,5.0,4
134,Tanger,2026-05-06 21:37:50.522064,35.7595,-5.834,-1.2013358040931668,15.38,0.5693624935421631,-0.709353125751959,-0.8230396250978494,270.0,0.0,Clear,clear sky,3.0,2.23,-0.7254636907655488,-0.1227177103132694,1.1323441949361988,-0.49302901939776317,0.9911269589628767,21.0,2.0,6.0,5.0,5
135,Agadir,2026-05-06 22:38:12.766211,30.4278,-9.5981,-0.7796032063862139,16.7,0.20098192736833292,-0.709353125751959,-0.2683655478830534,15.0,6.0,Clear,clear sky,3.0,1.33,-0.6818584975638802,-1.0097968977721745,1.346708276816022,-0.8569375403531069,0.951855869179305,22.0,2.0,6.0,5.0,0
135,Casablanca,2026-05-06 22:37:55.917209,33.5731,-7.5898,-0.8498919726707058,16.46,0.20098192736833292,-0.10225047204716294,-0.32188673077220054,10.0,84.0,Clouds,broken clouds,2.0,2.78,-0.2841262807850239,0.6863764936327651,0.3978414399065346,1.539839270076916,0.9645239626578775,22.0,2.0,6.0,5.0,1
135,Fes,2026-05-06 22:38:06.213339,34.0181,-5.0078,-0.8147475895284599,16.58,0.20098192736833292,-0.709353125751959,-0.32188673077220054,310.0,40.0,Clouds,scattered clouds,2.0,2.77,-0.7122499958559524,0.5791471413025678,-0.8555125163097288,-0.5369490133061666,-0.8470134047778373,22.0,2.0,6.0,5.0,2
135,Marrakech,2026-05-06 22:38:02.966606,31.6295,-7.9811,-0.485668365560155,17.48,-0.46210309174456127,-0.709353125751959,0.43227539175668894,360.0,75.0,Clouds,broken clouds,2.0,2.6,-0.24977067402007286,0.23796283843375807,-0.4834331189327384,-0.5118518739299361,-0.518909783682837,22.0,2.0,6.0,5.0,3
135,Rabat,2026-05-06 22:37:59.363514,34.0209,-6.8416,-0.6805599448035197,17.3,0.9377430597159931,-0.405801798899561,-0.5700303968946092,320.0,75.0,Clouds,broken clouds,2.0,2.21,-0.8298518805513616,1.144538271770881,0.22338898888721942,0.5547765495598644,1.0379989048335916,22.0,2.0,6.0,5.0,4
135,Tanger,2026-05-06 22:38:09.529490,35.7595,-5.834,-1.5208301962954043,14.41,0.9377430597159931,-0.709353125751959,-1.3241925194234985,0.0,0.0,Clear,clear sky,3.0,2.16,-0.6845012365457995,-0.04473272680039855,1.0480147813438359,-0.4867547345537055,1.0506669983121621,22.0,2.0,6.0,5.0,5
136,Agadir,2026-05-06 23:38:33.154784,30.4278,-9.5981,-1.0990975985884515,15.6,0.20098192736833292,-0.709353125751959,-0.059146378407297126,30.0,5.0,Clear,clear sky,3.0,1.33,-0.6805371280729205,-1.0195450207112833,1.3492832207425065,-0.8632118251971646,0.9923937683107344,23.0,2.0,6.0,5.0,0
136,Casablanca,2026-05-06 23:38:15.832484,33.5731,-7.5898,-0.8498919726707058,16.33,-0.16739863880549719,-0.405801798899561,-0.06887750256896022,0.0,78.0,Clouds,broken clouds,2.0,2.96,-0.2259860231827991,0.6571321248154385,0.37466694456817534,1.4833707064803971,1.035465286137876,23.0,2.0,6.0,5.0,1
136,Fes,2026-05-06 23:38:26.384422,34.0181,-5.0078,-1.1342419817306972,15.48,0.20098192736833292,-0.709353125751959,0.17926616355344865,310.0,75.0,Clouds,broken clouds,2.0,2.55,-0.7809612093858543,0.7156208624500916,-1.0505645187409194,-0.6498861404992045,-0.777338890645693,23.0,2.0,6.0,5.0,2
136,Marrakech,2026-05-06 23:38:22.591313,31.6295,-7.9811,-0.8083577016844153,16.47,-0.16739863880549719,-0.405801798899561,0.17926616355344865,330.0,75.0,Clouds,broken clouds,2.0,2.7,-0.15859617914385668,0.2769553301901935,-0.3624107543879736,-0.5181261587739938,-0.3681594712878374,23.0,2.0,6.0,5.0,3
136,Rabat,2026-05-06 23:38:19.044607,34.0209,-6.8416,-1.000054337005757,16.36,1.3797997391245893,-0.405801798899561,-0.8230396250978494,320.0,75.0,Clouds,broken clouds,2.0,2.23,-0.8377800974971197,1.0763014111971192,0.17703999821050095,0.4543879920549419,1.0430661422250191,23.0,2.0,6.0,5.0,4
136,Tanger,2026-05-06 23:38:29.576624,35.7595,-5.834,-1.2013358040931668,15.38,0.5693624935421631,-0.709353125751959,-0.8230396250978494,230.0,0.0,Clear,clear sky,3.0,2.26,-0.6105045450520589,0.023504133773363443,0.9900785429979382,-0.49302901939776317,1.089938088095734,23.0,2.0,6.0,5.0,5
137,Agadir,2026-05-07 00:38:51.840035,30.4278,-9.5981,-1.0990975985884515,15.65,0.348334153837865,-0.709353125751959,-0.41433241030799983,52.0,4.0,Clear,clear sky,3.0,1.32,-0.6911080840005979,-1.0292931436503923,1.337052237091706,-0.8569375403531069,1.0658687104864486,0.0,3.0,7.0,5.0,0
137,Casablanca,2026-05-07 00:38:35.658493,33.5731,-7.5898,-0.8498919726707058,16.33,-0.16739863880549719,-0.405801798899561,-0.5700303968946092,10.0,74.0,Clouds,broken clouds,2.0,3.14,-0.15859617914385668,0.5206584036679147,0.3862541922373554,1.4143535731957626,1.0734695665735916,0.0,3.0,7.0,5.0,1
137,Fes,2026-05-07 00:38:45.467817,34.0181,-5.0078,-1.4537363739329348,14.38,0.20098192736833292,-0.709353125751959,0.43227539175668894,300.0,75.0,Clouds,broken clouds,2.0,2.41,-0.8272091415694424,0.6668802477545474,-1.2861718880142383,-0.7377261283160115,-0.7608703691235508,0.0,3.0,7.0,5.0,2
137,Marrakech,2026-05-07 00:38:42.275206,31.6295,-7.9811,-1.127852093886652,15.5,0.20098192736833292,-0.405801798899561,0.43227539175668894,300.0,75.0,Clouds,broken clouds,2.0,2.76,-0.0925277045958739,0.15997785492088723,-0.2690690370529153,-0.5432232981502243,-0.2389449178064076,0.0,3.0,7.0,5.0,3
137,Rabat,2026-05-07 00:38:39.113449,34.0209,-6.8416,-1.319548729207995,15.26,1.3797997391245893,-0.405801798899561,-0.8230396250978494,320.0,40.0,Clouds,scattered clouds,2.0,2.32,-0.8087099686960073,0.9008351982931597,0.16480901455969948,0.41046799814653845,1.0379989048335916,0.0,3.0,7.0,5.0,4
137,Tanger,2026-05-07 00:38:48.661294,35.7595,-5.834,-1.2013358040931668,15.38,0.5693624935421631,-0.709353125751959,-0.8230396250978494,230.0,0.0,Clear,clear sky,3.0,2.38,-0.5206514196668023,-0.09347334149594284,0.9675477836411994,-0.4867547345537055,1.1292091778793056,0.0,3.0,7.0,5.0,5
138,Agadir,2026-05-07 01:39:09.654842,30.4278,-9.5981,-1.0990975985884515,15.73,0.5693624935421631,-1.012904452604357,-0.37540791366134746,73.0,0.0,Clear,clear sky,3.0,1.27,-0.7294277992384278,-1.039041266589501,1.3074403819371354,-0.8632118251971646,1.1026061815743047,1.0,3.0,7.0,5.0,0
138,Casablanca,2026-05-07 01:38:53.703628,33.5731,-7.5898,-0.8498919726707058,16.33,-0.16739863880549719,-0.405801798899561,-0.32188673077220054,360.0,51.0,Clouds,broken clouds,2.0,3.31,-0.06874305375860013,0.3451921907639555,0.38818540018221787,1.3453364399111283,0.988593340267163,1.0,3.0,7.0,5.0,1
138,Fes,2026-05-07 01:39:03.299424,34.0181,-5.0078,-1.4537363739329348,14.64,0.9377430597159931,-0.709353125751959,-0.32188673077220054,300.0,75.0,Clouds,broken clouds,2.0,2.31,-0.8642074873163128,0.49141403485058816,-1.6176959185491004,-0.7251775586278961,-0.8710827823871227,1.0,3.0,7.0,5.0,2
138,Marrakech,2026-05-07 01:39:00.114920,31.6295,-7.9811,-1.1246571499646298,15.51,0.20098192736833292,-0.709353125751959,-0.32188673077220054,320.0,75.0,Clouds,broken clouds,2.0,2.76,-0.05288661986708413,-0.02523648092218084,-0.3128430838031499,-0.5871432920586279,-0.32762157215640786,1.0,3.0,7.0,5.0,3
138,Rabat,2026-05-07 01:38:56.902001,34.0209,-6.8416,-2.5975262980169447,10.99,1.7481803052984195,-0.709353125751959,-1.5723361855459073,0.0,40.0,Clouds,scattered clouds,2.0,2.44,-0.7386773856751455,0.6766283706936562,0.144209463147825,0.3477251497059619,0.9581899159185904,1.0,3.0,7.0,5.0,4
138,Tanger,2026-05-07 01:39:06.476764,35.7595,-5.834,-1.5208301962954043,14.41,0.9377430597159931,-1.012904452604357,-1.0711832912202583,250.0,0.0,Clear,clear sky,3.0,2.43,-0.4611897925736177,-0.268939554399902,0.9289236247439343,-0.49302901939776317,1.1317427965750193,1.0,3.0,7.0,5.0,5
139,Agadir,2026-05-07 02:39:27.957600,30.4278,-9.5981,-1.0990975985884515,15.81,0.7903908332464611,-1.012904452604357,-0.06887750256896022,97.0,0.0,Clear,clear sky,3.0,1.21,-0.7756757314220158,-1.04878938952861,1.2765410548193237,-0.8757603948852799,1.1000725628785908,2.0,3.0,7.0,5.0,0
139,Casablanca,2026-05-07 02:39:12.027665,33.5731,-7.5898,-0.8498919726707058,16.22,-0.46210309174456127,-0.709353125751959,-0.5700303968946092,10.0,91.0,Clouds,overcast clouds,2.0,3.51,0.03960924450009167,0.21846659255554035,0.4435466946016316,1.3829821489754746,0.9581899159185904,2.0,3.0,7.0,5.0,1
139,Fes,2026-05-07 02:39:21.613301,34.0181,-5.0078,-1.773230766135172,13.7,1.3797997391245893,-0.709353125751959,-0.06887750256896022,310.0,75.0,Rain,light rain,2.0,2.27,-0.8840280296807076,0.3451921907639555,-1.8333474723921654,-0.6624347101873197,-0.933156440432122,2.0,3.0,7.0,5.0,2
139,Marrakech,2026-05-07 02:39:18.411964,31.6295,-7.9811,-1.1246571499646298,15.51,0.20098192736833292,-0.709353125751959,-0.32188673077220054,280.0,75.0,Clouds,broken clouds,2.0,2.77,-0.0132455351382946,-0.22994706264346662,-0.3598358104614888,-0.6436118556551468,-0.3149534786778372,2.0,3.0,7.0,5.0,3
139,Rabat,2026-05-07 02:39:15.239992,34.0209,-6.8416,-2.5975262980169447,11.17,2.2639130979417814,-0.709353125751959,-1.5723361855459073,0.0,40.0,Clouds,scattered clouds,2.0,2.6,-0.6501456297808486,0.49141403485058816,0.16480901455969948,0.3539994345500197,0.8834481643950204,2.0,3.0,7.0,5.0,4
139,Tanger,2026-05-07 02:39:24.785680,35.7595,-5.834,-1.5208301962954043,14.41,0.9377430597159931,-1.012904452604357,-1.0711832912202583,0.0,0.0,Clear,clear sky,3.0,2.4,-0.4426906197001826,-0.3956651526083171,0.8748498022877625,-0.5055775890858785,1.135543224618591,2.0,3.0,7.0,5.0,5
140,Agadir,2026-05-07 09:28:38.889727,30.4278,-9.5981,-0.7796032063862139,16.81,0.49568638030739703,-0.405801798899561,-0.9008886183911543,123.0,25.0,Clouds,scattered clouds,3.0,0.84,-1.0267359347043503,-0.9220637913201948,1.1117446435243243,-0.9196803887936833,0.8251749343935908,9.0,3.0,7.0,5.0,0
140,Casablanca,2026-05-07 09:28:22.059968,33.5731,-7.5898,-0.8498919726707058,16.12,-0.7568075446836253,-0.10225047204716294,-0.5700303968946092,340.0,40.0,Clouds,scattered clouds,3.0,3.67,0.20610180036100825,0.7351171083283093,0.8079012601991696,1.5021935610125696,0.8568451680900193,9.0,3.0,7.0,5.0,1
140,Fes,2026-05-07 09:28:32.028972,34.0181,-5.0078,-2.4122195505396467,11.81,2.2639130979417814,-0.10225047204716294,-1.0711832912202583,0.0,75.0,Rain,light rain,2.0,2.28,-0.866850226298232,0.004007887895145729,-1.3962507408714453,-0.6812575647194927,-0.5328446865092655,9.0,3.0,7.0,5.0,2
140,Marrakech,2026-05-07 09:28:28.616142,31.6295,-7.9811,-1.7636459343691047,13.73,1.3797997391245893,-0.405801798899561,-1.0711832912202583,0.0,75.0,Clouds,broken clouds,2.0,2.56,-0.10177729103259152,-0.46390201318207896,-0.16735875195678307,-0.7502746980041267,-0.4783718845514075,9.0,3.0,7.0,5.0,3
140,Rabat,2026-05-07 09:28:25.317881,34.0209,-6.8416,-0.36106555260128226,17.91,-0.46210309174456127,-0.10225047204716294,-0.8230396250978494,250.0,40.0,Clouds,scattered clouds,2.0,3.06,-0.48629581290185125,2.8017191714193848,-0.0077122285147523395,0.4543879920549419,1.0506669983121621,9.0,3.0,7.0,5.0,4
140,Tanger,2026-05-07 09:28:35.338343,35.7595,-5.834,-0.88184141189093,16.35,0.20098192736833292,-0.405801798899561,0.43227539175668894,180.0,40.0,Clouds,scattered clouds,2.0,2.15,-0.6012549586153413,1.4272338370050375,0.29162500293905425,-0.4553833103334172,1.594128208542877,9.0,3.0,7.0,5.0,5
141,Agadir,2026-05-07 10:29:00.355123,30.4278,-9.5981,0.1788799702204982,19.95,0.053629700898800876,-0.405801798899561,-0.7889806905320287,125.0,35.0,Clouds,scattered clouds,3.0,0.9,-1.0188077177585926,-0.9513081601375214,1.1098134355794609,-0.9008575342615105,0.8213745063500192,10.0,3.0,7.0,5.0,0
141,Casablanca,2026-05-07 10:28:41.721503,33.5731,-7.5898,-0.17575880512398512,18.34,-1.0515119976226894,-0.10225047204716294,-0.5700303968946092,40.0,40.0,Clouds,scattered clouds,3.0,3.59,0.13739058683110622,0.2964515760684112,0.965616575696337,1.5461135549209732,0.7288974239564491,10.0,3.0,7.0,5.0,1
141,Fes,2026-05-07 10:28:52.668166,34.0181,-5.0078,-2.0927251583374096,12.76,1.8218564185331854,-0.10225047204716294,-0.5700303968946092,180.0,75.0,Rain,light rain,2.0,2.34,-0.8615647483343934,-0.1422139561914869,-1.2520538809883204,-0.6812575647194927,-0.5429791612921224,10.0,3.0,7.0,5.0,2
141,Marrakech,2026-05-07 10:28:48.981198,31.6295,-7.9811,-1.4441515421668671,14.67,0.9377430597159931,-0.405801798899561,-1.0711832912202583,0.0,75.0,Clouds,broken clouds,2.0,2.51,-0.16784576558057432,-0.5516351196340586,-0.13452821689410713,-0.7628232676922421,-0.502441262160693,10.0,3.0,7.0,5.0,3
141,Rabat,2026-05-07 10:28:45.210725,34.0209,-6.8416,-0.041571160399044876,18.9,-0.7568075446836253,-0.10225047204716294,-0.5700303968946092,240.0,40.0,Clouds,scattered clouds,2.0,3.09,-0.4981881383204881,2.2753205327075072,0.16738395848618423,0.5861479737801528,0.9645239626578775,10.0,3.0,7.0,5.0,4
141,Tanger,2026-05-07 10:28:55.974087,35.7595,-5.834,-0.5623470196886926,17.35,-0.09372252557073117,-0.405801798899561,0.6804190578790976,210.0,40.0,Clouds,scattered clouds,3.0,2.02,-0.6554311077446872,0.7643614771456357,0.535600939973448,-0.42401188611312896,1.5079851728885905,10.0,3.0,7.0,5.0,5
142,Agadir,2026-05-07 11:29:21.903125,30.4278,-9.5981,0.4983743624227356,20.94,-0.2410747520402632,-0.405801798899561,-0.7792495663703657,184.0,35.0,Clouds,scattered clouds,3.0,1.04,-0.9765238940478835,-1.0000487748330655,1.122688155211883,-0.8757603948852799,0.7833702259143053,11.0,3.0,7.0,5.0,0
142,Casablanca,2026-05-07 11:29:03.878645,33.5731,-7.5898,-0.17575880512398512,18.28,-1.1988642240922216,-0.10225047204716294,-0.32188673077220054,360.0,40.0,Clouds,scattered clouds,3.0,3.25,-0.07402853172243865,-0.35667266085188165,1.268172487058249,1.1194621855250528,0.5844811583007349,11.0,3.0,7.0,5.0,1
142,Fes,2026-05-07 11:29:14.840708,34.0181,-5.0078,-1.773230766135172,14.01,2.2639130979417814,-0.10225047204716294,-1.0711832912202583,0.0,75.0,Clouds,broken clouds,2.0,2.42,-0.8549579008795952,-0.4931463819994055,-0.7859890302946512,-0.6498861404992045,-0.5480463986835518,11.0,3.0,7.0,5.0,2
142,Marrakech,2026-05-07 11:29:10.853556,31.6295,-7.9811,-1.1246571499646298,15.64,0.5693624935421631,-0.10225047204716294,-0.32188673077220054,90.0,75.0,Clouds,broken clouds,2.0,2.25,-0.30394682314941873,-0.7758419472335621,0.05151148179438811,-0.8130175464447034,-0.5138425462914077,11.0,3.0,7.0,5.0,3
142,Rabat,2026-05-07 11:29:07.358663,34.0209,-6.8416,0.2779232318031925,19.82,-1.2725403373269875,-0.10225047204716294,-0.32188673077220054,270.0,40.0,Clouds,scattered clouds,3.0,3.22,-0.5008308773024075,1.3687450993703845,0.555556755403702,0.6739879615969597,0.8834481643950204,11.0,3.0,7.0,5.0,4
142,Tanger,2026-05-07 11:29:18.429278,35.7595,-5.834,0.07664176471578214,19.13,-1.2725403373269875,-0.405801798899561,0.9285627240015063,220.0,40.0,Clouds,scattered clouds,3.0,1.68,-0.7399987551661051,-0.6198719802078205,1.194142849171824,-0.4428347406453019,1.1418772713578764,11.0,3.0,7.0,5.0,5
143,Agadir,2026-05-07 12:29:41.165886,30.4278,-9.5981,0.817868754624973,21.94,-0.5357792049793273,-0.709353125751959,-0.3024244824488743,254.0,29.0,Clouds,scattered clouds,3.0,1.25,-0.9104554194999007,-1.039041266589501,1.091145092112449,-0.8443889706649916,0.7453659454785914,12.0,3.0,7.0,5.0,0
143,Casablanca,2026-05-07 12:29:24.785745,33.5731,-7.5898,0.16290525061038724,19.35,-1.4935686770312857,-0.10225047204716294,-0.32188673077220054,350.0,40.0,Clouds,scattered clouds,3.0,2.97,-0.22334328420087984,-0.658864471964256,1.337052237091706,0.6739879615969597,0.2779132961193062,12.0,3.0,7.0,5.0,1
143,Fes,2026-05-07 12:29:34.631470,34.0181,-5.0078,-1.4537363739329348,14.8,1.3797997391245893,-0.10225047204716294,-0.5700303968946092,210.0,75.0,Clouds,broken clouds,2.0,2.45,-0.87477844324399,-0.6393682260860383,-0.6186176750731679,-0.6624347101873197,-0.6709269054256944,12.0,3.0,7.0,5.0,2
143,Marrakech,2026-05-07 12:29:31.355272,31.6295,-7.9811,-0.8051627577623924,16.48,-0.16739863880549719,-0.405801798899561,-0.5700303968946092,340.0,75.0,Clouds,broken clouds,2.0,2.05,-0.4175845993719491,-0.9318119142593037,0.16030286268835228,-0.8632118251971646,-0.6519247652078366,12.0,3.0,7.0,5.0,3
143,Rabat,2026-05-07 12:29:28.074317,34.0209,-6.8416,0.2779232318031925,19.82,-1.2725403373269875,-0.10225047204716294,-0.06887750256896022,290.0,40.0,Clouds,scattered clouds,3.0,3.51,-0.46515390104649673,0.7351171083283093,0.8278570756294236,0.6990851009731903,0.665556956563592,12.0,3.0,7.0,5.0,4
143,Tanger,2026-05-07 12:29:37.904138,35.7595,-5.834,0.07664176471578214,19.44,-0.38842697850979524,-0.405801798899561,1.4297156183271555,220.0,40.0,Clouds,scattered clouds,3.0,1.63,-0.7598192975305,-0.7660938242944533,1.2836221506171557,-0.5118518739299361,1.0722027572257338,12.0,3.0,7.0,5.0,5
144,Agadir,2026-05-07 13:29:59.230675,30.4278,-9.5981,1.4568575390294478,24.06,-0.7568075446836253,-0.709353125751959,0.78259586157656,273.0,25.0,Clouds,scattered clouds,3.0,1.44,-0.8549579008795952,-1.0682856354068275,1.059602029013016,-0.8255661161328186,0.7073616650428775,13.0,3.0,7.0,5.0,0
144,Casablanca,2026-05-07 13:29:43.376157,33.5731,-7.5898,0.16290525061038724,19.24,-1.7882731299703496,-0.405801798899561,-0.06887750256896022,10.0,40.0,Clouds,scattered clouds,3.0,2.97,-0.24052108758335522,-0.7563457013553444,1.3422021249446747,0.579873688936095,0.061288897635733905,13.0,3.0,7.0,5.0,1
144,Fes,2026-05-07 13:29:52.868018,34.0181,-5.0078,-0.8147475895284599,16.58,0.20098192736833292,-0.10225047204716294,-0.8230396250978494,0.0,75.0,Clouds,broken clouds,2.0,2.41,-0.9091340500089411,-0.7368494554771268,-0.5233447497932463,-0.693806134407608,-0.803941886950694,13.0,3.0,7.0,5.0,2
144,Marrakech,2026-05-07 13:29:49.701299,31.6295,-7.9811,-0.16617397335791764,18.58,-0.46210309174456127,-0.709353125751959,-0.5700303968946092,0.0,75.0,Clouds,broken clouds,2.0,2.01,-0.4598684230826581,-1.0097968977721745,0.24398854029909386,-0.8757603948852799,-0.8229440271685501,13.0,3.0,7.0,5.0,3
144,Rabat,2026-05-07 13:29:46.522796,34.0209,-6.8416,0.2779232318031925,19.82,-1.2725403373269875,-0.10225047204716294,-0.06887750256896022,300.0,40.0,Clouds,scattered clouds,3.0,3.84,-0.42815555529962634,0.16972597785999607,1.1123883795059448,0.6928108161291329,0.4704683169935913,13.0,3.0,7.0,5.0,4
144,Tanger,2026-05-07 13:29:56.033491,35.7595,-5.834,0.07664176471578214,19.44,-0.38842697850979524,-0.405801798899561,1.1815719522047468,240.0,40.0,Clouds,scattered clouds,3.0,1.65,-0.7611406670214597,-0.8245825619291064,1.3576517885035806,-0.5244004436180514,1.0025282430935913,13.0,3.0,7.0,5.0,5
145,Agadir,2026-05-07 16:59:34.126783,30.4278,-9.5981,1.1373631468272103,22.86,-1.0515119976226894,-1.316455779456755,2.427155844897622,303.0,11.0,Clouds,few clouds,3.0,1.38,-0.866850226298232,-1.0585375124677188,1.0480147813438359,-0.8945832494174527,0.7529668015657346,16.0,3.0,7.0,5.0,0
145,Casablanca,2026-05-07 16:59:16.698036,33.5731,-7.5898,0.15971030668836436,19.41,-1.2725403373269875,-1.012904452604357,0.17926616355344865,30.0,40.0,Clouds,scattered clouds,3.0,3.11,-0.3105536706042171,-0.6491163490251471,1.6074213493725642,1.031622197708246,-0.10339631758569422,16.0,3.0,7.0,5.0,1
145,Fes,2026-05-07 16:59:27.204421,34.0181,-5.0078,-0.17575880512398512,18.55,-0.46210309174456127,-1.316455779456755,-0.8230396250978494,0.0,75.0,Clouds,broken clouds,2.0,2.01,-1.0042726533580362,-0.9610562830766303,-0.12680338511465467,-0.8130175464447034,-1.0864403715228372,16.0,3.0,7.0,5.0,2
145,Marrakech,2026-05-07 16:59:23.836199,31.6295,-7.9811,1.4312979876532692,23.56,-1.9356253564398818,-1.620007106309153,-0.8230396250978494,0.0,75.0,Clouds,broken clouds,3.0,2.88,-0.2471279350381536,-0.9220637913201948,0.8664812345266887,-0.6436118556551468,-0.74820227564498,16.0,3.0,7.0,5.0,3
145,Rabat,2026-05-07 16:59:20.140539,34.0209,-6.8416,-0.041571160399044876,18.72,-1.2725403373269875,-0.709353125751959,0.43227539175668894,330.0,40.0,Clouds,scattered clouds,3.0,3.44,-0.6157900230158975,-0.3371764149736639,1.4632244894894393,0.9249593553592657,0.04735399480930541,16.0,3.0,7.0,5.0,4
145,Tanger,2026-05-07 16:59:30.596137,35.7595,-5.834,-0.24285262748645525,18.31,-0.46210309174456127,-1.012904452604357,0.6804190578790976,260.0,40.0,Clouds,scattered clouds,3.0,1.43,-0.8800639212078286,-0.7271013325380179,1.4979862324969786,-0.5620461526823973,0.8796477363514488,16.0,3.0,7.0,5.0,5
146,Agadir,2026-05-07 17:59:56.287966,30.4278,-9.5981,1.1373631468272103,22.88,-0.9778358843879235,-1.316455779456755,2.3590379757659803,314.0,27.0,Clouds,scattered clouds,3.0,1.25,-0.9064913110270219,-1.0195450207112833,0.9900785429979382,-0.9196803887936833,0.7909710820014485,17.0,3.0,7.0,5.0,0
146,Casablanca,2026-05-07 17:59:37.930756,33.5731,-7.5898,-0.17575880512398512,18.34,-1.0515119976226894,-0.709353125751959,0.17926616355344865,30.0,0.0,Clear,clear sky,3.0,3.15,-0.30394682314941873,-0.3956651526083171,1.6035589334828375,1.4833707064803971,0.05115442285287698,17.0,3.0,7.0,5.0,1
146,Fes,2026-05-07 17:59:48.850810,34.0181,-5.0078,-0.17575880512398512,18.44,-0.7568075446836253,-1.316455779456755,-0.8230396250978494,60.0,75.0,Clouds,broken clouds,2.0,2.21,-0.9606674601563676,-0.7758419472335621,-0.22014510244971205,-0.800468976756588,-1.08010632478355,17.0,3.0,7.0,5.0,2
146,Marrakech,2026-05-07 17:59:45.220928,31.6295,-7.9811,1.4312979876532692,23.56,-1.9356253564398818,-1.620007106309153,-1.0711832912202583,0.0,75.0,Clouds,broken clouds,3.0,3.46,-0.03306607750268925,-0.8148344389899976,0.9540293280271569,-0.5055775890858785,-0.6101200567285511,17.0,3.0,7.0,5.0,3
146,Rabat,2026-05-07 17:59:41.610483,34.0209,-6.8416,-0.041571160399044876,18.9,-0.7568075446836253,-0.709353125751959,0.43227539175668894,320.0,40.0,Clouds,scattered clouds,3.0,3.57,-0.5695420908323096,0.11123724022534294,1.4194504427392056,1.282593591470552,0.2817137241628778,17.0,3.0,7.0,5.0,4
146,Tanger,2026-05-07 17:59:52.409478,35.7595,-5.834,-0.24285262748645525,18.21,-0.7568075446836253,-0.709353125751959,0.9285627240015063,260.0,40.0,Clouds,scattered clouds,3.0,1.4,-0.8840280296807076,-0.5808794884513852,1.4896176647359038,-0.5306747284621091,0.8948494485257332,17.0,3.0,7.0,5.0,5
147,Agadir,2026-05-07 19:00:17.256534,30.4278,-9.5981,0.817868754624973,21.91,-0.6094553182140934,-1.316455779456755,2.2860545445535068,317.0,23.0,Clouds,few clouds,3.0,1.14,-0.9355614398281341,-0.9903006518939568,0.9160489051115124,-0.925954673637741,0.8289753624371624,19.0,3.0,7.0,5.0,0
147,Casablanca,2026-05-07 19:00:00.209560,33.5731,-7.5898,-0.17575880512398512,18.34,-1.0515119976226894,-0.709353125751959,0.17926616355344865,0.0,0.0,Clear,clear sky,3.0,3.0,-0.3316955824595714,-0.015488357983071984,1.3994946273089517,1.8410049425916828,0.2171064474221629,19.0,3.0,7.0,5.0,1
147,Fes,2026-05-07 19:00:10.046695,34.0181,-5.0078,-0.17575880512398512,18.44,-0.7568075446836253,-1.316455779456755,-0.8230396250978494,20.0,75.0,Clouds,broken clouds,2.0,2.36,-0.9249904839004568,-0.5711313655122763,-0.3270052753988138,-0.7879204070684727,-1.0535033284785509,19.0,3.0,7.0,5.0,2
147,Marrakech,2026-05-07 19:00:06.760890,31.6295,-7.9811,1.111803595451032,22.38,-2.15665369614418,-1.620007106309153,-0.8230396250978494,0.0,75.0,Clouds,broken clouds,3.0,3.6,0.01582459366281791,-0.6881088407815824,0.9765600873838948,-0.42401188611312896,-0.502441262160693,19.0,3.0,7.0,5.0,3
147,Rabat,2026-05-07 19:00:03.469178,34.0209,-6.8416,-0.36106555260128226,17.91,-0.46210309174456127,-0.709353125751959,-0.06887750256896022,320.0,40.0,Clouds,scattered clouds,3.0,3.25,-0.5959694806515027,0.6473840018763296,1.2804034707090495,1.4331764277279357,0.5604117806914476,19.0,3.0,7.0,5.0,4
147,Tanger,2026-05-07 19:00:13.515589,35.7595,-5.834,-0.24285262748645525,18.21,-0.7568075446836253,-0.709353125751959,0.6804190578790976,260.0,0.0,Clear,clear sky,3.0,1.35,-0.8998844635722234,-0.48339825906029665,1.4464873539672916,-0.5432232981502243,0.8859817830907342,19.0,3.0,7.0,5.0,5
148,Agadir,2026-05-07 20:01:25.051957,30.4278,-9.5981,0.1788799702204982,19.74,-0.5357792049793273,-1.012904452604357,2.013583068026941,316.0,76.0,Clouds,broken clouds,3.0,1.06,-0.9567033516834886,-0.970804406015739,0.8606876106920986,-0.925954673637741,0.8378430278721632,20.0,3.0,7.0,5.0,0
148,Casablanca,2026-05-07 20:01:09.066658,33.5731,-7.5898,-0.33870094514712556,17.78,-1.0515119976226894,-0.405801798899561,0.16953503939178555,0.0,75.0,Clouds,broken clouds,3.0,2.75,-0.3647298197335629,0.44267342015504385,1.035783797693035,1.9727649243168934,0.3045162924243054,20.0,3.0,7.0,5.0,1
148,Fes,2026-05-07 20:01:18.617785,34.0181,-5.0078,-0.8147475895284599,16.58,0.20098192736833292,-1.012904452604357,-1.0711832912202583,0.0,40.0,Clouds,scattered clouds,2.0,2.46,-0.8998844635722234,-0.10322146443505169,-0.7280527919487526,-0.8067432616006457,-1.034501188260693,20.0,3.0,7.0,5.0,2
148,Marrakech,2026-05-07 20:01:15.400017,31.6295,-7.9811,0.7923092032487945,21.36,-1.9356253564398818,-1.316455779456755,-0.32188673077220054,250.0,75.0,Clouds,broken clouds,3.0,3.44,-0.03306607750268925,-0.46390201318207896,0.8465254190964346,-0.4051890315809561,-0.5113089275956939,20.0,3.0,7.0,5.0,3
148,Rabat,2026-05-07 20:01:12.240458,34.0209,-6.8416,-0.6805599448035197,16.91,-0.16739863880549719,-0.405801798899561,0.17926616355344865,330.0,40.0,Clouds,scattered clouds,3.0,2.71,-0.6699661721452433,1.1932788864664254,0.9694789915860628,1.3892564338195321,0.7060948556950197,20.0,3.0,7.0,5.0,4
148,Tanger,2026-05-07 20:01:21.833786,35.7595,-5.834,-0.88184141189093,16.22,-0.16739863880549719,-0.709353125751959,-0.06887750256896022,280.0,0.0,Clear,clear sky,3.0,1.29,-0.9210263754275779,-0.3274282920345551,1.33962718101819,-0.5871432920586279,0.8935826391778773,20.0,3.0,7.0,5.0,5
149,Agadir,2026-05-07 21:01:47.930962,30.4278,-9.5981,-0.4601088141839766,17.67,-0.16739863880549719,-0.709353125751959,1.9600618851377936,321.0,64.0,Clouds,broken clouds,3.0,1.01,-0.9646315686292466,-0.9805525289548479,0.8381568513353608,-0.925954673637741,0.8543115493943055,21.0,3.0,7.0,5.0,0
149,Casablanca,2026-05-07 21:01:30.032909,33.5731,-7.5898,-0.8211374773725045,16.27,-0.6094553182140934,-0.405801798899561,0.057627111532660036,359.0,100.0,Clouds,overcast clouds,3.0,2.57,-0.3607657112606839,0.7351171083283093,0.7834392928975675,1.9727649243168934,0.5870147769964487,21.0,3.0,7.0,5.0,1
149,Fes,2026-05-07 21:01:39.583727,34.0181,-5.0078,-0.8147475895284599,16.71,0.5693624935421631,-0.709353125751959,-1.0711832912202583,80.0,40.0,Clouds,scattered clouds,2.0,2.55,-0.8760998127349496,0.38418468252039073,-1.2636411286575004,-0.8443889706649916,-1.0028309545642644,21.0,3.0,7.0,5.0,2
149,Marrakech,2026-05-07 21:01:36.406848,31.6295,-7.9811,0.47281481104655715,20.49,-1.2725403373269875,-1.012904452604357,-0.32188673077220054,180.0,75.0,Clouds,broken clouds,3.0,3.35,-0.030423338520769994,-0.2981839232172286,0.7351590942759857,-0.41146331642501377,-0.3478905217221217,21.0,3.0,7.0,5.0,3
149,Rabat,2026-05-07 21:01:33.223609,34.0209,-6.8416,-0.6805599448035197,16.91,-0.16739863880549719,-0.405801798899561,-0.32188673077220054,330.0,40.0,Clouds,scattered clouds,3.0,2.34,-0.7188568433107506,1.524715066396126,0.7068347110846579,1.3453364399111283,0.9125847793957333,21.0,3.0,7.0,5.0,4
149,Tanger,2026-05-07 21:01:44.042519,35.7595,-5.834,-0.88184141189093,16.22,-0.16739863880549719,-0.405801798899561,-0.32188673077220054,260.0,75.0,Clouds,broken clouds,3.0,1.27,-0.9315973313552552,-0.1909545708870312,1.2050863608593827,-0.6185147162789161,0.9391877757007343,21.0,3.0,7.0,5.0,5
150,Agadir,2026-05-07 23:33:57.087333,30.4278,-9.5981,-1.0990975985884515,15.65,0.348334153837865,-0.405801798899561,-0.647879390187914,67.0,62.0,Clouds,broken clouds,3.0,1.03,-0.9355614398281341,-1.0292931436503923,0.8986680336077432,-0.9196803887936833,0.8188408876543054,23.0,3.0,7.0,5.0,0
150,Casablanca,2026-05-07 23:33:39.345193,33.5731,-7.5898,-0.8498919726707058,16.22,-0.46210309174456127,-0.405801798899561,-0.5700303968946092,80.0,100.0,Clouds,overcast clouds,2.0,2.54,-0.23523560961951673,1.0373089194406837,-0.02509310001852153,0.88731364629492,1.0341984767900199,23.0,3.0,7.0,5.0,1
150,Fes,2026-05-07 23:33:49.795627,34.0181,-5.0078,-1.4537363739329348,14.51,0.5693624935421631,-0.405801798899561,0.43227539175668894,310.0,75.0,Clouds,broken clouds,1.0,2.35,-0.8800639212078286,1.144538271770881,-2.1397657996438046,-0.9196803887936833,-1.0421020443478362,23.0,3.0,7.0,5.0,2
150,Marrakech,2026-05-07 23:33:46.046217,31.6295,-7.9811,-0.8051627577623924,16.07,-1.3462164505617535,-0.10225047204716294,-0.06887750256896022,300.0,75.0,Clouds,broken clouds,2.0,2.95,-0.11631235543314766,-0.15196207913059576,0.3418364095054994,-0.5934175769026856,-0.23261087106712222,23.0,3.0,7.0,5.0,3
150,Rabat,2026-05-07 23:33:42.510977,34.0209,-6.8416,-1.6390431214102323,14.0,0.9377430597159931,-0.10225047204716294,-0.8230396250978494,80.0,40.0,Clouds,scattered clouds,2.0,2.09,-0.7228209517836296,1.6806850334218677,0.1525780309088989,1.3390621550670707,1.0772699946171633,23.0,3.0,7.0,5.0,4
150,Tanger,2026-05-07 23:33:53.250229,35.7595,-5.834,-0.88184141189093,16.11,-0.46210309174456127,-0.10225047204716294,-1.0711832912202583,230.0,75.0,Clouds,broken clouds,3.0,1.34,-0.9104554194999007,0.501162157789697,0.6051244259885257,-0.6310632859670314,0.9873265309193051,23.0,3.0,7.0,5.0,5
151,Agadir,2026-05-08 00:34:15.408478,30.4278,-9.5981,-1.0990975985884515,15.81,0.7903908332464611,-0.10225047204716294,-0.8619641217445019,35.0,51.0,Clouds,broken clouds,3.0,1.06,-0.9117767889908603,-1.039041266589501,0.9173363770747552,-0.925954673637741,0.8251749343935908,0.0,4.0,8.0,5.0,0
151,Casablanca,2026-05-08 00:33:59.497458,33.5731,-7.5898,-0.8498919726707058,16.22,-0.46210309174456127,-0.405801798899561,-0.5700303968946092,80.0,100.0,Clouds,overcast clouds,2.0,2.72,-0.0978131825597124,0.9788201818060305,-0.26585035714481003,0.6237936828444984,1.0772699946171633,0.0,4.0,8.0,5.0,1
151,Fes,2026-05-08 00:34:09.056725,34.0181,-5.0078,-1.773230766135172,13.54,0.9377430597159931,-0.405801798899561,-0.06887750256896022,270.0,75.0,Clouds,broken clouds,1.0,2.21,-0.9038485720451025,1.1835307635273162,-2.3998351362187256,-0.9698746675461446,-1.016765857390693,0.0,4.0,8.0,5.0,2
151,Marrakech,2026-05-08 00:34:05.864500,31.6295,-7.9811,-1.1246571499646298,15.07,-1.0515119976226894,-0.405801798899561,0.17926616355344865,300.0,75.0,Clouds,broken clouds,2.0,2.9,-0.1348115283065829,-0.2104508167652489,0.31415576229579295,-0.6498861404992045,-0.14393421671712192,0.0,4.0,8.0,5.0,3
151,Rabat,2026-05-08 00:34:02.693162,34.0209,-6.8416,-2.278031905814707,12.12,1.8218564185331854,-0.405801798899561,-1.5723361855459073,0.0,40.0,Clouds,scattered clouds,2.0,2.19,-0.6963935619644365,1.5052188205179085,0.06631740937167253,1.2323993127180908,1.1013393722264486,0.0,4.0,8.0,5.0,4
151,Tanger,2026-05-08 00:34:12.235949,35.7595,-5.834,-1.2013358040931668,15.25,0.20098192736833292,-0.405801798899561,-1.3241925194234985,0.0,75.0,Clouds,broken clouds,2.0,1.38,-0.9025272025541426,0.5791471413025678,0.3765981525130387,-0.656160425343262,0.9923937683107344,0.0,4.0,8.0,5.0,5
152,Agadir,2026-05-08 01:34:34.408387,30.4278,-9.5981,-1.0990975985884515,15.81,0.7903908332464611,-0.405801798899561,-0.3462145411763582,81.0,100.0,Clouds,overcast clouds,3.0,1.06,-0.8985630940812638,-1.0585375124677188,0.934073512596903,-0.9385032433258563,0.79477151004502,1.0,4.0,8.0,5.0,0
152,Casablanca,2026-05-08 01:34:17.851564,33.5731,-7.5898,-0.8498919726707058,16.22,-0.46210309174456127,-0.405801798899561,-0.8230396250978494,60.0,100.0,Clouds,overcast clouds,2.0,2.96,0.06207252584640581,0.8910870753540511,-0.5233447497932463,0.47321084658711504,1.0608014730950193,1.0,4.0,8.0,5.0,1
152,Fes,2026-05-08 01:34:27.881514,34.0181,-5.0078,-1.773230766135172,13.54,0.9377430597159931,-0.405801798899561,-0.32188673077220054,230.0,75.0,Clouds,broken clouds,1.0,2.08,-0.9223477449185375,1.0860495341362277,-2.669560512517962,-1.0075203766104905,-1.1801842632642652,1.0,4.0,8.0,5.0,2
152,Marrakech,2026-05-08 01:34:24.685009,31.6295,-7.9811,-1.1246571499646298,15.07,-1.0515119976226894,-0.405801798899561,-0.32188673077220054,300.0,75.0,Clouds,broken clouds,2.0,2.92,-0.14538248423426017,-0.268939554399902,0.0733985051695045,-0.7314518434719539,-0.17940487845712202,1.0,4.0,8.0,5.0,3
152,Rabat,2026-05-08 01:34:21.499931,34.0209,-6.8416,-2.278031905814707,12.12,1.8218564185331854,-0.405801798899561,-1.5723361855459073,0.0,40.0,Clouds,scattered clouds,2.0,2.34,-0.659395216217566,1.3589969764312757,-0.18216467953406842,0.8496679372305741,1.0975389441828771,1.0,4.0,8.0,5.0,4
152,Tanger,2026-05-08 01:34:31.227480,35.7595,-5.834,-1.2013358040931668,15.25,0.20098192736833292,-0.709353125751959,-0.8230396250978494,70.0,75.0,Clouds,broken clouds,2.0,1.42,-0.8945989856083848,0.46216966603326154,0.17253384633915286,-0.674983279875435,0.950589059831449,1.0,4.0,8.0,5.0,5
153,Agadir,2026-05-08 09:11:35.596639,30.4278,-9.5981,-1.0990975985884515,15.65,0.348334153837865,-0.405801798899561,-0.4289290965504944,119.0,73.0,Clouds,broken clouds,3.0,0.82,-1.0161649787766731,-0.9513081601375214,1.114319587450808,-0.9761489523902023,0.619951820040735,9.0,4.0,8.0,5.0,0
153,Casablanca,2026-05-08 09:11:18.785157,33.5731,-7.5898,-0.5655419636107144,17.2,-0.46210309174456127,-0.405801798899561,-1.1003766637052474,135.0,0.0,Clear,clear sky,2.0,5.17,1.2565905456739344,2.5677642208807727,-2.1146600963605824,-0.3989147467368985,1.4332434213650187,9.0,4.0,8.0,5.0,1
153,Fes,2026-05-08 09:11:28.730124,34.0181,-5.0078,-1.4537363739329348,14.51,0.5693624935421631,-0.709353125751959,-0.5700303968946092,360.0,40.0,Clouds,scattered clouds,1.0,2.15,-0.8721357042620707,0.39393280545949955,-3.414363043253564,-1.032617515986721,-1.5994981574049794,9.0,4.0,8.0,5.0,2
153,Marrakech,2026-05-08 09:11:25.452574,31.6295,-7.9811,-1.4441515421668671,14.28,-0.16739863880549719,-0.405801798899561,-0.8230396250978494,260.0,20.0,Clouds,few clouds,2.0,3.57,-0.03967292495748762,2.0803580739253302,-1.481223890445429,-0.8318404009768763,0.015683761112876855,9.0,4.0,8.0,5.0,3
153,Rabat,2026-05-08 09:11:22.042561,34.0209,-6.8416,-1.319548729207995,15.57,2.2639130979417814,-0.405801798899561,-1.5723361855459073,0.0,40.0,Clouds,scattered clouds,1.0,3.68,-0.16916713507153394,5.053535570353529,-3.1208194356343464,-0.656160425343262,1.5269873131064484,9.0,4.0,8.0,5.0,4
153,Tanger,2026-05-08 09:11:31.922799,35.7595,-5.834,-0.5623470196886926,17.35,-0.09372252557073117,-0.405801798899561,-0.32188673077220054,350.0,40.0,Clouds,scattered clouds,2.0,2.55,-0.6065404365791799,2.791971048480276,0.019324682713333576,0.41674228299059624,1.6726703881100187,9.0,4.0,8.0,5.0,5
154,Agadir,2026-05-08 10:11:54.084919,30.4278,-9.5981,-0.4601088141839766,17.8,0.20098192736833292,-0.10225047204716294,-0.6770727626729032,139.0,71.0,Clouds,broken clouds,3.0,0.77,-1.0465564770687452,-0.9903006518939568,1.141356498678894,-0.9824232372342598,0.5794139209093054,10.0,4.0,8.0,5.0,0
154,Casablanca,2026-05-08 10:11:37.528824,33.5731,-7.5898,-0.19173352473409722,18.15,-1.4198925637965196,-0.405801798899561,-1.0711832912202583,0.0,0.0,Clear,clear sky,2.0,5.62,1.442903643899246,1.963380598656024,-1.850728343895935,-0.20441191657111127,1.3268314361450202,10.0,4.0,8.0,5.0,1
154,Fes,2026-05-08 10:11:47.386304,34.0181,-5.0078,-0.8147475895284599,16.45,-0.16739863880549719,-0.709353125751959,-0.5700303968946092,320.0,0.0,Clear,clear sky,1.0,2.36,-0.8073885992050476,-0.034984603861289695,-2.725565542918997,-0.9949718069223752,-1.503220646967836,10.0,4.0,8.0,5.0,2
154,Marrakech,2026-05-08 10:11:44.086735,31.6295,-7.9811,-0.16617397335791764,18.37,-1.0515119976226894,-0.709353125751959,-1.0711832912202583,0.0,0.0,Clear,clear sky,2.0,3.69,-0.023816491065971623,1.3784932223094934,-1.1896114907710746,-0.8506632555090492,-0.0413226595406949,10.0,4.0,8.0,5.0,3
154,Rabat,2026-05-08 10:11:40.782974,34.0209,-6.8416,-0.041571160399044876,19.01,-0.46210309174456127,-0.405801798899561,-1.5723361855459073,0.0,40.0,Clouds,scattered clouds,1.0,4.02,-0.030423338520769994,4.390663210494127,-2.959241704247453,-0.5934175769026856,1.4978506981057336,10.0,4.0,8.0,5.0,4
154,Tanger,2026-05-08 10:11:50.768651,35.7595,-5.834,-0.5623470196886926,17.35,-0.09372252557073117,-0.405801798899561,-0.5700303968946092,30.0,40.0,Clouds,scattered clouds,2.0,2.83,-0.5536856569407936,2.470282991489684,0.20343317345696546,0.47948513143117255,1.6790044348493058,10.0,4.0,8.0,5.0,5
155,Agadir,2026-05-08 11:12:12.093785,30.4278,-9.5981,0.1788799702204982,19.9,-0.09372252557073117,-0.10225047204716294,-1.0419899187352688,184.0,77.0,Clouds,broken clouds,3.0,0.74,-1.0663770194331401,-1.039041266589501,1.1831993374842653,-0.9886975220783175,0.5718130648221623,11.0,4.0,8.0,5.0,0
155,Casablanca,2026-05-08 11:11:55.936109,33.5731,-7.5898,0.14373558707825226,19.1,-2.009301469674648,-0.405801798899561,-1.0906455395435846,317.0,0.0,Clear,clear sky,3.0,6.15,1.325301759203837,-0.3469245379127728,0.5272323722123741,1.7970849486832796,0.5515441152564485,11.0,4.0,8.0,5.0,1
155,Fes,2026-05-08 11:12:05.658208,34.0181,-5.0078,0.14373558707825226,19.54,-0.7568075446836253,-0.709353125751959,-0.32188673077220054,330.0,0.0,Clear,clear sky,2.0,3.15,-0.5206514196668023,-0.8343306848682153,-0.6456545863012529,-0.8130175464447034,-1.0636378032614078,11.0,4.0,8.0,5.0,2
155,Marrakech,2026-05-08 11:12:02.439987,31.6295,-7.9811,-0.15339419766982842,18.41,-1.0515119976226894,-0.709353125751959,-0.8230396250978494,0.0,0.0,Clear,clear sky,3.0,2.37,-0.42154870784482806,-0.7271013325380179,1.2675287510766284,-0.8883089645733951,-0.207274684109979,11.0,4.0,8.0,5.0,3
155,Rabat,2026-05-08 11:11:59.226125,34.0209,-6.8416,0.5974176240054299,20.92,-1.2725403373269875,-0.405801798899561,-0.06887750256896022,300.0,40.0,Clouds,scattered clouds,3.0,4.52,-3.184022869785629e-05,0.15997785492088723,0.6373112250695803,1.3014164460027247,0.4463989393843059,11.0,4.0,8.0,5.0,4
155,Tanger,2026-05-08 11:12:08.870721,35.7595,-5.834,0.07664176471578214,19.34,-0.6831314314488593,-0.405801798899561,-0.32188673077220054,50.0,40.0,Clouds,scattered clouds,3.0,2.4,-0.6818584975638802,-0.18120644794792232,1.2520790875177217,0.24733659220103968,0.8948494485257332,11.0,4.0,8.0,5.0,5
156,Agadir,2026-05-08 12:12:30.441740,30.4278,-9.5981,0.817868754624973,22.04,-0.2410747520402632,-0.10225047204716294,-0.4921814036013044,235.0,77.0,Clouds,broken clouds,3.0,0.73,-1.0756266058698576,-1.0877818812850453,1.1638872580356328,-0.9949718069223752,0.5287415469950191,12.0,4.0,8.0,5.0,0
156,Casablanca,2026-05-08 12:12:14.090087,33.5731,-7.5898,0.4823996428126246,20.29,-1.9356253564398818,-0.709353125751959,-0.32188673077220054,10.0,0.0,Clear,clear sky,3.0,5.39,0.920962694970182,-0.785590070172671,0.8104762041256535,1.1571078945893989,0.2538439185100208,12.0,4.0,8.0,5.0,1
156,Fes,2026-05-08 12:12:23.933959,34.0181,-5.0078,0.46322997928048965,20.56,-0.9778358843879235,-0.709353125751959,-0.32188673077220054,340.0,20.0,Clouds,few clouds,2.0,3.65,-0.3805862536250788,-1.0097968977721745,-0.29996836417072786,-0.781646122224415,-1.1333123173935502,12.0,4.0,8.0,5.0,2
156,Marrakech,2026-05-08 12:12:20.647229,31.6295,-7.9811,0.7923092032487945,21.43,-1.7145970167355837,-0.709353125751959,-0.06887750256896022,0.0,0.0,Clear,clear sky,3.0,2.07,-0.5721848298142289,-0.9513081601375214,1.5295292955964117,-0.9196803887936833,-0.4568361256378359,12.0,4.0,8.0,5.0,3
156,Rabat,2026-05-08 12:12:17.366829,34.0209,-6.8416,0.5974176240054299,20.92,-1.2725403373269875,-0.709353125751959,0.43227539175668894,350.0,40.0,Clouds,scattered clouds,3.0,4.93,-0.029101969029810364,-0.48339825906029665,1.1471501225134841,1.370433579287359,0.09169232198430646,12.0,4.0,8.0,5.0,4
156,Tanger,2026-05-08 12:12:27.216933,35.7595,-5.834,0.7156305491202569,21.35,-1.1988642240922216,-0.709353125751959,-0.5700303968946092,70.0,40.0,Clouds,scattered clouds,3.0,2.59,-0.6726089111271627,-0.6003757343296029,1.458718337618092,0.08420518625554063,0.7821034165664476,12.0,4.0,8.0,5.0,5
157,Agadir,2026-05-08 13:12:52.714116,30.4278,-9.5981,0.817868754624973,22.04,-0.2410747520402632,-0.10225047204716294,0.4225442675950256,261.0,81.0,Clouds,broken clouds,3.0,0.72,-1.080912083833696,-1.107278127163263,1.1291255150280934,-1.0012460917664328,0.4501993674278775,13.0,4.0,8.0,5.0,0
157,Casablanca,2026-05-08 13:12:36.252235,33.5731,-7.5898,0.16290525061038724,19.35,-1.4935686770312857,-0.709353125751959,0.17926616355344865,350.0,0.0,Clear,clear sky,3.0,5.03,0.7174717933623952,-0.8928194225028683,0.8362256433904974,0.8433936523865163,0.03468590133073471,13.0,4.0,8.0,5.0,1
157,Fes,2026-05-08 13:12:46.112759,34.0181,-5.0078,0.782724371482727,21.48,-1.4935686770312857,-1.012904452604357,-0.06887750256896022,340.0,20.0,Clouds,few clouds,2.0,4.08,-0.2590202604567905,-1.04878938952861,-0.2169264225416068,-0.7690975525362997,-1.2245225904392643,13.0,4.0,8.0,5.0,2
157,Marrakech,2026-05-08 13:12:42.656170,31.6295,-7.9811,0.7923092032487945,21.36,-1.9356253564398818,-1.012904452604357,0.17926616355344865,0.0,0.0,Clear,clear sky,3.0,2.11,-0.5774703077780675,-1.0000487748330655,1.4677306413607876,-0.9008575342615105,-0.6392566717292659,13.0,4.0,8.0,5.0,3
157,Rabat,2026-05-08 13:12:39.457787,34.0209,-6.8416,0.5974176240054299,20.92,-1.2725403373269875,-0.709353125751959,0.6804190578790976,350.0,40.0,Clouds,scattered clouds,3.0,5.75,0.09642813261135683,-0.6101238572687117,1.3010030221209248,1.771987809307049,-0.08692779606355196,13.0,4.0,8.0,5.0,4
157,Tanger,2026-05-08 13:12:49.281413,35.7595,-5.834,0.7156305491202569,21.25,-1.4935686770312857,-0.709353125751959,-0.5700303968946092,80.0,40.0,Clouds,scattered clouds,3.0,2.88,-0.6342891958893326,-0.7758419472335621,1.5745908143098883,0.002639483282791245,0.7276306146085914,13.0,4.0,8.0,5.0,5
158,Agadir,2026-05-08 14:13:14.464506,30.4278,-9.5981,1.1373631468272103,23.14,-0.2410747520402632,-0.405801798899561,0.6317634370707823,261.0,100.0,Clouds,overcast clouds,3.0,0.8,-1.035985521141068,-1.107278127163263,0.9875035990714534,-0.9886975220783175,0.36785675981716254,14.0,4.0,8.0,5.0,0
158,Casablanca,2026-05-08 14:12:56.876320,33.5731,-7.5898,0.15651536276634148,19.32,-1.4935686770312857,-1.012904452604357,0.16953503939178555,350.0,100.0,Clouds,overcast clouds,3.0,5.34,0.7016153594708792,-0.9123156683810859,1.0917888280940704,0.937507925047381,0.03975313872216227,14.0,4.0,8.0,5.0,1
158,Fes,2026-05-08 14:13:07.179148,34.0181,-5.0078,1.4217131558872018,23.52,-1.9356253564398818,-1.316455779456755,-0.8230396250978494,0.0,40.0,Clouds,scattered clouds,2.0,4.35,-0.1308474198337038,-1.039041266589501,0.1796149421369848,-0.7063547040957233,-1.081373134131408,14.0,4.0,8.0,5.0,2
158,Marrakech,2026-05-08 14:13:03.933900,31.6295,-7.9811,1.111803595451032,22.33,-2.3040059226137117,-1.012904452604357,0.43227539175668894,280.0,0.0,Clear,clear sky,3.0,1.91,-0.6620379551994855,-0.9805525289548479,1.5321042395228965,-0.8318404009768763,-0.5594476828142647,14.0,4.0,8.0,5.0,3
158,Rabat,2026-05-08 14:13:00.348493,34.0209,-6.8416,0.5974176240054299,21.13,-0.6831314314488593,-1.012904452604357,0.6804190578790976,340.0,40.0,Clouds,scattered clouds,3.0,6.77,0.26820616643611217,-0.6881088407815824,1.639608148453619,1.9288449304084903,-0.051457134323551826,14.0,4.0,8.0,5.0,4
158,Tanger,2026-05-08 14:13:10.697178,35.7595,-5.834,1.0351249413224943,22.45,-1.1988642240922216,-0.709353125751959,1.1815719522047468,40.0,40.0,Clouds,scattered clouds,3.0,3.21,-0.5840771552328657,-0.658864471964256,1.798610935914028,-0.12284621359836173,0.7542336109135905,14.0,4.0,8.0,5.0,5
159,Agadir,2026-05-08 15:13:33.144506,30.4278,-9.5981,0.817868754624973,22.04,-0.2410747520402632,-0.405801798899561,0.7777302994957286,263.0,100.0,Clouds,overcast clouds,3.0,0.81,-1.0346641516501083,-1.107278127163263,0.9546730640087784,-0.9886975220783175,0.2931150082935907,15.0,4.0,8.0,5.0,0
159,Casablanca,2026-05-08 15:13:16.897233,33.5731,-7.5898,0.32265244671150595,19.9,-1.4935686770312857,-1.012904452604357,-0.2683655478830534,20.0,100.0,Clouds,overcast clouds,3.0,4.21,0.23781466814404004,-0.9318119142593037,1.0538084051784258,0.4543879920549419,-0.1946065906314083,15.0,4.0,8.0,5.0,1
159,Fes,2026-05-08 15:13:26.685959,34.0181,-5.0078,1.1022187636849645,22.5,-1.7145970167355837,-1.620007106309153,-0.8230396250978494,0.0,75.0,Clouds,broken clouds,2.0,4.41,-0.10838413848738966,-1.0195450207112833,0.28647511508608564,-0.7000804192516655,-1.1637157417421229,15.0,4.0,8.0,5.0,2
159,Marrakech,2026-05-08 15:13:23.431216,31.6295,-7.9811,1.4312979876532692,23.35,-2.5250342623180098,-1.316455779456755,-0.06887750256896022,270.0,0.0,Clear,clear sky,3.0,2.04,-0.6171113925068572,-0.970804406015739,1.5636473026223296,-0.781646122224415,-0.7000635204264074,15.0,4.0,8.0,5.0,3
159,Rabat,2026-05-08 15:13:20.170404,34.0209,-6.8416,0.5974176240054299,21.02,-0.9778358843879235,-1.012904452604357,0.17926616355344865,340.0,40.0,Clouds,scattered clouds,3.0,6.9,0.25895657999939453,-0.6686125949033649,1.6647138517368414,2.1296220454183348,-0.23134406171926622,15.0,4.0,8.0,5.0,4
159,Tanger,2026-05-08 15:13:29.963833,35.7595,-5.834,1.0638794366206956,22.55,-1.1988642240922216,-1.012904452604357,1.1815719522047468,30.0,40.0,Clouds,scattered clouds,3.0,2.96,-0.629003717925494,-0.6978569637206913,1.721362618119497,-0.2546061953235725,0.694693571564305,15.0,4.0,8.0,5.0,5
160,Agadir,2026-05-08 16:13:57.805466,30.4278,-9.5981,0.817868754624973,22.02,-0.3147508652750292,-0.405801798899561,1.069664024345621,269.0,100.0,Clouds,overcast clouds,3.0,0.82,-1.0373068906320277,-1.107278127163263,0.907036601368817,-0.9949718069223752,0.21964006611787668,16.0,4.0,8.0,5.0,0
160,Casablanca,2026-05-08 16:13:35.664950,33.5731,-7.5898,0.4823996428126246,20.29,-1.9356253564398818,-1.012904452604357,0.17926616355344865,360.0,0.0,Clear,clear sky,3.0,3.31,-0.0898849656139544,-0.9220637913201948,0.9971596387957701,0.12812518016394422,-0.4289663199849789,16.0,4.0,8.0,5.0,1
160,Fes,2026-05-08 16:13:50.943305,34.0181,-5.0078,1.1022187636849645,22.5,-1.7145970167355837,-1.9235584331615512,-0.32188673077220054,50.0,75.0,Clouds,broken clouds,2.0,4.48,-0.0898849656139544,-0.9903006518939568,0.3450550894136056,-0.6875318495635503,-1.24479154000498,16.0,4.0,8.0,5.0,2
160,Marrakech,2026-05-08 16:13:47.443431,31.6295,-7.9811,1.7507923798555067,24.47,-2.451358149083244,-1.620007106309153,0.17926616355344865,0.0,0.0,Clear,clear sky,3.0,2.26,-0.5378292230492777,-0.9415600371984125,1.5385415993391072,-0.7251775586278961,-0.8077423149942655,16.0,4.0,8.0,5.0,3
160,Rabat,2026-05-08 16:13:41.536059,34.0209,-6.8416,0.2779232318031925,19.92,-0.9778358843879235,-1.316455779456755,0.17926616355344865,320.0,75.0,Clouds,broken clouds,3.0,6.96,0.24838562407171727,-0.5808794884513852,1.6518391321044195,2.336673445272237,-0.3453569030264079,16.0,4.0,8.0,5.0,4
160,Tanger,2026-05-08 16:13:54.593617,35.7595,-5.834,1.0351249413224943,22.45,-1.1988642240922216,-1.316455779456755,2.183877740856045,40.0,75.0,Clouds,broken clouds,3.0,2.62,-0.6858226060367592,-0.6978569637206913,1.6447580363065875,-0.3487204679844372,0.6706241939550196,16.0,4.0,8.0,5.0,5
161,Agadir,2026-05-08 17:14:22.749408,30.4278,-9.5981,0.4983743624227356,20.84,-0.5357792049793273,-0.709353125751959,1.2886143179830407,277.0,100.0,Clouds,overcast clouds,3.0,0.82,-1.0386282601229875,-1.0780337583459365,0.8890119938834264,-0.9949718069223752,0.17910216698644899,17.0,4.0,8.0,5.0,0
161,Casablanca,2026-05-08 17:14:04.833980,33.5731,-7.5898,0.15971030668836436,19.41,-1.2725403373269875,-1.316455779456755,0.43227539175668894,330.0,0.0,Clear,clear sky,3.0,2.6,-0.32508873500477325,-0.8733231766246506,0.9907222789795587,-0.04755479546967,-0.47963869389926533,17.0,4.0,8.0,5.0,1
161,Fes,2026-05-08 17:14:15.382612,34.0181,-5.0078,1.4217131558872018,23.6,-1.7145970167355837,-1.9235584331615512,-0.06887750256896022,360.0,75.0,Clouds,broken clouds,2.0,4.63,-0.051565250376124507,-0.8830712995637595,0.41844099131840995,-0.6624347101873197,-1.1548480763071218,17.0,4.0,8.0,5.0,2
161,Marrakech,2026-05-08 17:14:11.798444,31.6295,-7.9811,1.4312979876532692,23.43,-2.3040059226137117,-1.620007106309153,0.6804190578790976,270.0,0.0,Clear,clear sky,3.0,2.59,-0.40701364344427193,-0.8733231766246506,1.5211607278353378,-0.6310632859670314,-0.6772609521649797,17.0,4.0,8.0,5.0,3
161,Rabat,2026-05-08 17:14:08.204417,34.0209,-6.8416,0.5910277361613853,20.9,-1.2725403373269875,-1.316455779456755,0.17926616355344865,330.0,75.0,Clouds,broken clouds,3.0,6.82,0.18892399697853288,-0.2981839232172286,1.6576327559390094,2.5750962693464277,-0.2604806767199792,17.0,4.0,8.0,5.0,4
161,Tanger,2026-05-08 17:14:19.066026,35.7595,-5.834,1.0351249413224943,22.45,-1.1988642240922216,-1.316455779456755,1.682724846530396,40.0,40.0,Clouds,scattered clouds,3.0,2.26,-0.7466056026209034,-0.6393682260860383,1.5346791834493805,-0.4177376012690713,0.6718910033028773,17.0,4.0,8.0,5.0,5
162,Agadir,2026-05-08 21:15:18.318022,30.4278,-9.5981,-0.7796032063862139,16.81,0.49568638030739703,0.5048521816576331,0.26198071892758484,280.0,100.0,Clouds,overcast clouds,3.0,0.79,-1.074305236378898,-0.9805525289548479,0.8188447718867282,-1.013794661454548,0.12082893698501944,21.0,4.0,8.0,5.0,0
162,Casablanca,2026-05-08 21:15:01.995268,33.5731,-7.5898,-0.5144228608583563,17.51,-0.09372252557073117,-0.405801798899561,-0.06887750256896022,290.0,100.0,Clouds,overcast clouds,3.0,1.44,-0.5616138738865516,-0.4346576443647525,0.6456797928306541,-0.21696048625922656,-0.2744155795464077,21.0,4.0,8.0,5.0,1
162,Fes,2026-05-08 21:15:11.819647,34.0181,-5.0078,-0.4952531973262225,17.55,-0.16739863880549719,-1.316455779456755,0.9285627240015063,310.0,40.0,Clouds,scattered clouds,2.0,5.62,0.0818930682108007,-0.23969518558257547,0.11459760799325433,-0.4177376012690713,-1.0002973358685507,21.0,4.0,8.0,5.0,2
162,Marrakech,2026-05-08 21:15:08.415982,31.6295,-7.9811,-0.485668365560155,17.27,-1.0515119976226894,-0.405801798899561,1.1815719522047468,310.0,40.0,Clouds,scattered clouds,3.0,2.25,-0.36208708075164353,0.07224474846890773,0.619930353565811,-0.5557718678383397,-0.5455127799878362,21.0,4.0,8.0,5.0,3
162,Rabat,2026-05-08 21:15:05.188081,34.0209,-6.8416,-0.6805599448035197,17.04,0.20098192736833292,-0.709353125751959,-1.5723361855459073,0.0,75.0,Clouds,broken clouds,2.0,3.37,-0.4638325315555371,1.4272338370050375,0.46993986984809705,1.9476677849406627,-0.31875390672140874,21.0,4.0,8.0,5.0,4
162,Tanger,2026-05-08 21:15:15.086909,35.7595,-5.834,-0.24285262748645525,18.45,-0.09372252557073117,-1.012904452604357,-0.32188673077220054,110.0,0.0,Clear,clear sky,3.0,2.54,-0.6765730196000417,-0.22994706264346662,1.088570148185965,-0.26715476501168767,0.6338867228671635,21.0,4.0,8.0,5.0,5
163,Agadir,2026-05-08 22:15:40.047830,30.4278,-9.5981,-0.7796032063862139,16.88,0.7167147200116951,0.5048521816576331,-0.3024244824488743,280.0,88.0,Clouds,overcast clouds,3.0,0.75,-1.0994112567071315,-1.0097968977721745,0.856825194802372,-1.020068946298606,0.10182679676716339,22.0,4.0,8.0,5.0,0
163,Casablanca,2026-05-08 22:15:21.020663,33.5731,-7.5898,-0.8498919726707058,16.33,-0.16739863880549719,-0.405801798899561,-0.5700303968946092,260.0,100.0,Clouds,overcast clouds,3.0,1.51,-0.47440348748321437,-0.4541538902429701,0.6102743138414943,-0.3173490437641489,-0.105929936281408,22.0,4.0,8.0,5.0,1
163,Fes,2026-05-08 22:15:31.215133,34.0181,-5.0078,-0.8147475895284599,16.58,0.20098192736833292,-0.709353125751959,0.9285627240015063,280.0,40.0,Clouds,scattered clouds,2.0,6.19,0.12285552243055009,-0.08372521855683399,0.03219940234575557,-0.23578334079139954,-0.7988746495592647,22.0,4.0,8.0,5.0,2
163,Marrakech,2026-05-08 22:15:27.721278,31.6295,-7.9811,-0.8051627577623924,16.17,-1.0515119976226894,-0.10225047204716294,0.43227539175668894,280.0,40.0,Clouds,scattered clouds,2.0,2.02,-0.4109777519171508,0.2574590843119758,0.46543371797674893,-0.6247890011229738,-0.4289663199849789,22.0,4.0,8.0,5.0,3
163,Rabat,2026-05-08 22:15:24.480393,34.0209,-6.8416,-0.6805599448035197,17.17,0.5693624935421631,-0.405801798899561,-0.5700303968946092,240.0,75.0,Clouds,broken clouds,2.0,2.73,-0.5391505925402374,1.203027009405534,0.3675858487703434,1.7343421002427026,-0.261747486067837,22.0,4.0,8.0,5.0,4
163,Tanger,2026-05-08 22:15:34.374254,35.7595,-5.834,-0.24285262748645525,18.55,0.20098192736833292,-0.709353125751959,0.17926616355344865,100.0,0.0,Clear,clear sky,3.0,2.67,-0.6541097382537274,-0.3469245379127728,0.946948232229325,-0.1416690681305347,0.5604117806914476,22.0,4.0,8.0,5.0,5
164,Agadir,2026-05-08 23:16:10.397162,30.4278,-9.5981,-1.0990975985884515,15.78,0.7167147200116951,0.8084035085100311,-1.114973349947742,240.0,64.0,Clouds,broken clouds,3.0,0.73,-1.112624951616728,-0.9123156683810859,0.7570461176511031,-1.0263432311426635,0.1132280808978781,23.0,4.0,8.0,5.0,0
164,Casablanca,2026-05-08 23:15:42.449711,33.5731,-7.5898,-0.4760835337940876,17.41,-0.7568075446836253,-0.405801798899561,-1.0711832912202583,0.0,100.0,Clouds,overcast clouds,3.0,1.6,-0.37530077566124015,-0.5028945049385144,0.5150013885615735,-0.4553833103334172,-0.14900145410855126,23.0,4.0,8.0,5.0,1
164,Fes,2026-05-08 23:16:03.767097,34.0181,-5.0078,-1.1342419817306972,15.61,0.5693624935421631,-0.709353125751959,0.43227539175668894,270.0,20.0,Clouds,few clouds,2.0,6.57,0.11889141395767097,0.043000379651581155,-0.2252949903026807,-0.12912049844241938,-0.9230219656492651,23.0,4.0,8.0,5.0,2
164,Marrakech,2026-05-08 23:16:00.572621,31.6295,-7.9811,-1.1246571499646298,14.97,-1.3462164505617535,0.20130085480523507,0.17926616355344865,260.0,75.0,Clouds,broken clouds,2.0,1.83,-0.4598684230826581,0.3159478219466289,0.28647511508608564,-0.6812575647194927,-0.6253217689028374,23.0,4.0,8.0,5.0,3
164,Rabat,2026-05-08 23:15:45.630793,34.0209,-6.8416,-0.6805599448035197,17.17,0.5693624935421631,-0.405801798899561,-0.8230396250978494,220.0,75.0,Clouds,broken clouds,2.0,2.33,-0.5616138738865516,0.9203314441713774,0.24205733235423052,1.4582735671041664,-0.3770271367228365,23.0,4.0,8.0,5.0,4
164,Tanger,2026-05-08 23:16:07.010101,35.7595,-5.834,-0.24285262748645525,18.55,0.20098192736833292,-0.709353125751959,-0.32188673077220054,100.0,0.0,Clear,clear sky,3.0,2.55,-0.6831798670548399,-0.37616890673009934,0.8194885078683487,-0.028731940937497036,0.40459423090502045,23.0,4.0,8.0,5.0,5
165,Agadir,2026-05-09 00:16:32.325854,30.4278,-9.5981,-1.418591990790688,14.71,0.7903908332464611,0.8084035085100311,-0.9106197425528173,180.0,52.0,Clouds,broken clouds,3.0,0.75,-1.1046967346709702,-0.785590070172671,0.5948246502825885,-1.032617515986721,0.1905034511171637,0.0,5.0,9.0,5.0,0
165,Casablanca,2026-05-09 00:16:13.460278,33.5731,-7.5898,-0.6741700569594751,16.73,-0.7568075446836253,-0.405801798899561,-0.8230396250978494,200.0,100.0,Clouds,overcast clouds,2.0,1.73,-0.25637752147487125,-0.5711313655122763,0.4918268932232134,-0.5871432920586279,-0.12619888584712186,0.0,5.0,9.0,5.0,1
165,Fes,2026-05-09 00:16:23.342057,34.0181,-5.0078,-1.1342419817306972,15.35,-0.16739863880549719,-0.405801798899561,0.6804190578790976,260.0,40.0,Clouds,scattered clouds,2.0,6.99,0.15324702072262222,0.08199287140801659,-0.37335426607553224,-0.09774907422213125,-0.8242108365164078,0.0,5.0,9.0,5.0,2
165,Marrakech,2026-05-09 00:16:19.805899,31.6295,-7.9811,-1.1246571499646298,15.07,-1.0515119976226894,0.20130085480523507,-0.06887750256896022,230.0,75.0,Clouds,broken clouds,2.0,1.71,-0.4929026603566495,0.2574590843119758,0.24720722020719915,-0.7502746980041267,-0.6417902904249797,0.0,5.0,9.0,5.0,3
165,Rabat,2026-05-09 00:16:16.640250,34.0209,-6.8416,-0.6805599448035197,17.17,0.5693624935421631,-0.405801798899561,-0.5700303968946092,220.0,75.0,Clouds,broken clouds,2.0,2.15,-0.5153659417029636,0.5986433871807854,0.21759536505262939,1.1069136158369375,-0.33395561889569325,0.0,5.0,9.0,5.0,4
165,Tanger,2026-05-09 00:16:29.052757,35.7595,-5.834,-0.5623470196886926,17.58,0.5693624935421631,-0.709353125751959,-0.8230396250978494,210.0,0.0,Clear,clear sky,3.0,2.25,-0.7307491687293874,-0.2786876773390109,0.6965349353787207,0.07165661656742532,0.23484177829216296,0.0,5.0,9.0,5.0,5
166,Agadir,2026-05-09 08:40:17.686317,30.4278,-9.5981,-1.0990975985884515,15.58,0.1273058141335669,0.5048521816576331,-0.15159205794309644,125.0,33.0,Clouds,scattered clouds,2.0,2.96,0.5179450002274871,-0.5418869966949498,0.06631740937167253,-1.0012460917664328,0.22217368481359226,8.0,5.0,9.0,5.0,0
166,Casablanca,2026-05-09 08:40:01.647888,33.5731,-7.5898,-0.8626717483587951,16.29,-0.16739863880549719,-0.10225047204716294,-0.5700303968946092,230.0,20.0,Clouds,few clouds,2.0,2.44,0.0409306139910513,0.1892222237382138,-0.29417474033613783,-0.7314518434719539,-0.16673678497855132,8.0,5.0,9.0,5.0,1
166,Fes,2026-05-09 08:40:11.326972,34.0181,-5.0078,-1.4537363739329348,14.51,0.5693624935421631,-0.10225047204716294,-0.8230396250978494,210.0,0.0,Clear,clear sky,2.0,2.74,-0.4387265112273036,-0.47365013612118784,-0.7692518947725024,-0.8192918312887609,-1.1941191660906936,8.0,5.0,9.0,5.0,2
166,Marrakech,2026-05-09 08:40:08.040173,31.6295,-7.9811,-1.1246571499646298,15.17,-0.7568075446836253,0.20130085480523507,-0.5700303968946092,150.0,40.0,Clouds,scattered clouds,2.0,1.21,-0.7743543619310561,0.09174099434712545,-0.0675796748055142,-0.9886975220783175,-0.7798725093414086,8.0,5.0,9.0,5.0,3
166,Rabat,2026-05-09 08:40:04.848305,34.0209,-6.8416,-0.36106555260128226,17.91,-0.46210309174456127,-0.10225047204716294,0.9285627240015063,200.0,75.0,Clouds,broken clouds,2.0,2.45,0.10964182752095357,-0.034984603861289695,-0.13517195287572853,-0.4804804497096478,-0.3934956582449788,8.0,5.0,9.0,5.0,4
166,Tanger,2026-05-09 08:40:14.519299,35.7595,-5.834,-0.88184141189093,16.35,0.20098192736833292,-0.405801798899561,0.6804190578790976,180.0,40.0,Clouds,scattered clouds,2.0,2.09,-0.5061163552662461,0.2087184696164315,0.3057871945347191,0.47321084658711504,0.24370944372716208,8.0,5.0,9.0,5.0,5
167,Agadir,2026-05-09 09:40:36.343020,30.4278,-9.5981,-0.4601088141839766,17.67,-0.16739863880549719,0.8084035085100311,-0.4386602207121575,152.0,23.0,Clouds,few clouds,2.0,3.08,0.5892989527393084,-0.7758419472335621,0.1963520776591335,-0.9886975220783175,0.14109788655073507,9.0,5.0,9.0,5.0,0
167,Casablanca,2026-05-09 09:40:20.137546,33.5731,-7.5898,0.16290525061038724,19.53,-0.9778358843879235,-0.10225047204716294,0.9285627240015063,260.0,40.0,Dust,dust,2.0,2.05,-0.2391997180923956,-0.22994706264346662,-0.10362888977629543,-0.7126289889397808,-0.28835048237283617,9.0,5.0,9.0,5.0,1
167,Fes,2026-05-09 09:40:29.928208,34.0181,-5.0078,-0.4952531973262225,17.34,-0.7568075446836253,-0.10225047204716294,-1.0711832912202583,0.0,0.0,Clear,clear sky,2.0,2.27,-0.46515390104649673,-0.7465975784162355,-0.4139096329176607,-0.8569375403531069,-1.2865962484842655,9.0,5.0,9.0,5.0,2
167,Marrakech,2026-05-09 09:40:26.735242,31.6295,-7.9811,-0.485668365560155,17.27,-1.0515119976226894,0.20130085480523507,-0.5700303968946092,130.0,40.0,Clouds,scattered clouds,2.0,1.19,-0.7756757314220158,-0.2591914314607932,-0.09654779397846255,-0.9949718069223752,-0.9103538721706944,9.0,5.0,9.0,5.0,3
167,Rabat,2026-05-09 09:40:23.546559,34.0209,-6.8416,0.2779232318031925,19.92,-0.9778358843879235,-0.10225047204716294,2.183877740856045,190.0,75.0,Clouds,broken clouds,2.0,2.19,-0.13745426728850216,-0.268939554399902,-0.044405179467154984,-0.32989761345226426,-0.44923526955069454,9.0,5.0,9.0,5.0,4
167,Tanger,2026-05-09 09:40:33.123512,35.7595,-5.834,-0.21409813218825394,18.41,-0.46210309174456127,-0.405801798899561,1.1815719522047468,190.0,40.0,Clouds,scattered clouds,2.0,1.97,-0.5695420908323096,-0.04473272680039855,0.4280970310427258,0.4418394223668269,0.3171843859028779,9.0,5.0,9.0,5.0,5
