cycle_index,city,timestamp,lat,lon,temp,feels_like,humidity,pressure,wind_speed,wind_deg,clouds,weather_main,weather_description,aqi,pm2_5,pm10,no2,o3,so2,co,hour,day_of_week,day_of_month,month,city_encoded
0,Agadir,2026-04-25 23:31:05.569939,30.4278,-9.5981,17.06,17.07,86.0,1010.0,5.81,133.0,53.0,Clouds,broken clouds,3.0,5.44,17.76,0.3,103.89,0.98,115.77,23.0,5.0,25.0,4.0,0
0,Casablanca,2026-04-25 23:30:49.327951,33.5731,-7.5898,17.89,18.03,88.0,1014.0,2.06,40.0,10.0,Clear,clear sky,3.0,8.76,15.59,1.87,102.31,3.43,116.73,23.0,5.0,25.0,4.0,1
0,Fes,2026-04-25 23:30:59.033251,34.0181,-5.0078,14.95,14.96,94.0,1013.0,1.54,120.0,0.0,Clear,clear sky,2.0,2.7,4.81,1.41,60.17,0.24,98.77,23.0,5.0,25.0,4.0,2
0,Marrakech,2026-04-25 23:30:55.811733,31.6295,-7.9811,19.98,19.81,68.0,1012.0,4.63,40.0,75.0,Clouds,broken clouds,2.0,5.77,14.95,1.8,79.55,0.59,106.71,23.0,5.0,25.0,4.0,3
0,Rabat,2026-04-25 23:30:52.557303,34.0209,-6.8416,17.37,17.77,100.0,1013.0,2.06,340.0,40.0,Clouds,scattered clouds,3.0,9.59,15.19,2.35,100.55,3.27,119.22,23.0,5.0,25.0,4.0,4
0,Tanger,2026-04-25 23:31:02.241601,35.7595,-5.834,17.74,17.58,77.0,1015.0,9.26,70.0,20.0,Clouds,few clouds,2.0,3.97,8.4,1.73,93.86,1.23,124.46,23.0,5.0,25.0,4.0,5
1,Agadir,2026-04-26 00:31:23.892541,30.4278,-9.5981,17.06,17.01,84.0,1010.0,4.86,125.0,61.0,Clouds,broken clouds,3.0,6.07,19.76,0.27,104.38,1.01,114.71,0.0,6.0,26.0,4.0,0
1,Casablanca,2026-04-26 00:31:07.658254,33.5731,-7.5898,17.89,18.03,88.0,1013.0,3.09,50.0,12.0,Clouds,few clouds,3.0,9.41,16.85,1.66,101.59,2.8,119.75,0.0,6.0,26.0,4.0,1
1,Fes,2026-04-26 00:31:17.447490,34.0181,-5.0078,12.95,12.91,100.0,1013.0,1.03,140.0,0.0,Clear,clear sky,1.0,2.73,4.96,1.43,51.2,0.12,98.5,0.0,6.0,26.0,4.0,2
1,Marrakech,2026-04-26 00:31:14.207429,31.6295,-7.9811,18.98,18.71,68.0,1012.0,3.6,50.0,75.0,Clouds,broken clouds,2.0,5.49,13.73,1.86,73.88,0.51,107.87,0.0,6.0,26.0,4.0,3
1,Rabat,2026-04-26 00:31:10.859992,34.0209,-6.8416,15.37,15.57,100.0,1013.0,0.0,0.0,40.0,Clouds,scattered clouds,3.0,8.78,14.56,2.15,100.79,2.94,120.82,0.0,6.0,26.0,4.0,4
1,Tanger,2026-04-26 00:31:20.668949,35.7595,-5.834,17.74,17.58,77.0,1014.0,9.77,80.0,20.0,Clouds,few clouds,2.0,4.05,8.49,1.94,82.37,0.98,124.86,0.0,6.0,26.0,4.0,5
2,Agadir,2026-04-26 01:31:44.554412,30.4278,-9.5981,16.06,15.97,86.0,1010.0,3.46,122.0,0.0,Clear,clear sky,3.0,6.38,19.42,0.26,104.82,1.08,113.6,1.0,6.0,26.0,4.0,0
2,Casablanca,2026-04-26 01:31:26.131602,33.5731,-7.5898,17.89,18.03,88.0,1012.0,2.06,40.0,39.0,Clouds,scattered clouds,3.0,9.02,16.52,1.51,100.63,2.45,119.95,1.0,6.0,26.0,4.0,1
2,Fes,2026-04-26 01:31:37.294732,34.0181,-5.0078,13.95,14.01,100.0,1013.0,1.54,110.0,0.0,Clear,clear sky,1.0,2.78,5.37,1.17,53.87,0.11,98.59,1.0,6.0,26.0,4.0,2
2,Marrakech,2026-04-26 01:31:33.288123,31.6295,-7.9811,17.98,17.71,72.0,1011.0,3.6,50.0,75.0,Clouds,broken clouds,2.0,5.36,13.3,1.75,73.08,0.48,107.21,1.0,6.0,26.0,4.0,3
2,Rabat,2026-04-26 01:31:29.393095,34.0209,-6.8416,14.37,14.47,100.0,1012.0,0.0,0.0,40.0,Clouds,scattered clouds,2.0,8.25,13.93,2.01,98.5,2.68,121.2,1.0,6.0,26.0,4.0,4
2,Tanger,2026-04-26 01:31:40.878573,35.7595,-5.834,17.74,17.58,77.0,1014.0,11.32,80.0,20.0,Clouds,few clouds,2.0,3.99,8.22,1.87,76.41,0.9,124.28,1.0,6.0,26.0,4.0,5
3,Agadir,2026-04-26 09:30:31.986114,30.4278,-9.5981,17.06,16.83,77.0,1010.0,2.38,240.0,19.0,Clouds,few clouds,3.0,6.44,16.03,0.45,101.32,1.25,112.79,9.0,6.0,26.0,4.0,0
3,Casablanca,2026-04-26 09:30:14.911435,33.5731,-7.5898,18.95,18.91,77.0,1012.0,0.51,0.0,75.0,Clouds,broken clouds,2.0,7.52,17.69,1.95,83.15,1.57,118.97,9.0,6.0,26.0,4.0,1
3,Fes,2026-04-26 09:30:25.149990,34.0181,-5.0078,17.95,17.94,82.0,1012.0,4.12,70.0,0.0,Clear,clear sky,1.0,2.76,7.9,0.64,55.72,0.13,99.09,9.0,6.0,26.0,4.0,2
3,Marrakech,2026-04-26 09:30:21.475585,31.6295,-7.9811,18.98,18.81,72.0,1011.0,1.03,0.0,40.0,Clouds,scattered clouds,2.0,5.92,17.65,3.02,66.0,0.62,107.35,9.0,6.0,26.0,4.0,3
3,Rabat,2026-04-26 09:30:18.173893,34.0209,-6.8416,17.37,17.62,94.0,1012.0,0.0,0.0,40.0,Mist,mist,2.0,6.81,11.59,3.25,66.05,1.69,117.36,9.0,6.0,26.0,4.0,4
3,Tanger,2026-04-26 09:30:28.691879,35.7595,-5.834,18.74,18.55,72.0,1014.0,9.26,80.0,40.0,Clouds,scattered clouds,1.0,3.04,6.06,2.14,58.34,0.92,123.61,9.0,6.0,26.0,4.0,5
4,Agadir,2026-04-26 10:30:49.837762,30.4278,-9.5981,20.06,20.13,77.0,1010.0,3.21,254.0,15.0,Clouds,few clouds,3.0,6.96,17.19,0.43,101.04,1.18,113.55,10.0,6.0,26.0,4.0,0
4,Casablanca,2026-04-26 10:30:33.710149,33.5731,-7.5898,19.96,19.97,75.0,1012.0,0.51,0.0,75.0,Clouds,broken clouds,2.0,7.44,18.02,1.08,93.42,2.28,115.86,10.0,6.0,26.0,4.0,1
4,Fes,2026-04-26 10:30:43.376593,34.0181,-5.0078,19.95,19.88,72.0,1012.0,4.63,70.0,0.0,Clear,clear sky,2.0,3.85,15.12,0.28,70.01,0.09,98.82,10.0,6.0,26.0,4.0,2
4,Marrakech,2026-04-26 10:30:40.176188,31.6295,-7.9811,20.98,20.8,64.0,1011.0,1.54,360.0,40.0,Clouds,scattered clouds,2.0,6.82,27.25,0.97,87.68,0.37,105.22,10.0,6.0,26.0,4.0,3
4,Rabat,2026-04-26 10:30:36.967480,34.0209,-6.8416,19.37,19.82,94.0,1012.0,1.54,350.0,40.0,Clouds,scattered clouds,2.0,7.78,13.63,2.07,84.83,3.21,116.14,10.0,6.0,26.0,4.0,4
4,Tanger,2026-04-26 10:30:46.606191,35.7595,-5.834,20.74,20.54,64.0,1014.0,9.77,80.0,40.0,Clouds,scattered clouds,2.0,3.18,6.39,1.48,71.07,0.98,124.19,10.0,6.0,26.0,4.0,5
5,Agadir,2026-04-26 11:31:07.889114,30.4278,-9.5981,23.06,23.43,77.0,1010.0,3.21,254.0,15.0,Clouds,few clouds,3.0,7.69,18.88,0.38,100.05,1.13,113.75,11.0,6.0,26.0,4.0,0
5,Casablanca,2026-04-26 11:30:51.661205,33.5731,-7.5898,20.78,20.69,68.0,1012.0,2.06,10.0,89.0,Clouds,overcast clouds,2.0,8.01,18.62,0.75,98.37,2.91,113.03,11.0,6.0,26.0,4.0,1
5,Fes,2026-04-26 11:31:01.330388,34.0181,-5.0078,21.95,21.87,64.0,1012.0,4.63,80.0,0.0,Clear,clear sky,2.0,4.16,16.76,0.19,74.74,0.08,97.02,11.0,6.0,26.0,4.0,2
5,Marrakech,2026-04-26 11:30:58.128697,31.6295,-7.9811,22.98,22.9,60.0,1010.0,2.06,360.0,40.0,Clouds,scattered clouds,2.0,8.17,36.04,0.51,91.66,0.27,102.71,11.0,6.0,26.0,4.0,3
5,Rabat,2026-04-26 11:30:54.908370,34.0209,-6.8416,21.37,21.73,83.0,1011.0,2.57,280.0,40.0,Clouds,scattered clouds,2.0,10.39,16.91,1.46,95.45,4.28,115.45,11.0,6.0,26.0,4.0,4
5,Tanger,2026-04-26 11:31:04.611992,35.7595,-5.834,21.74,21.54,60.0,1014.0,9.77,80.0,40.0,Clouds,scattered clouds,2.0,3.69,6.9,1.0,80.2,0.95,124.1,11.0,6.0,26.0,4.0,5
6,Agadir,2026-04-26 12:31:25.842218,30.4278,-9.5981,24.06,24.48,75.0,1010.0,4.49,263.0,11.0,Clouds,few clouds,2.0,8.62,20.91,0.31,99.3,1.11,113.95,12.0,6.0,26.0,4.0,0
6,Casablanca,2026-04-26 12:31:09.740950,33.5731,-7.5898,21.01,21.07,73.0,1011.0,1.54,40.0,80.0,Clouds,broken clouds,3.0,9.22,19.79,0.61,103.01,3.67,111.52,12.0,6.0,26.0,4.0,1
6,Fes,2026-04-26 12:31:19.403726,34.0181,-5.0078,22.95,22.87,60.0,1011.0,4.63,70.0,0.0,Clear,clear sky,2.0,4.25,16.94,0.17,76.47,0.08,95.63,12.0,6.0,26.0,4.0,2
6,Marrakech,2026-04-26 12:31:16.201426,31.6295,-7.9811,24.98,24.92,53.0,1010.0,1.54,0.0,40.0,Clouds,scattered clouds,2.0,9.27,42.58,0.36,93.11,0.21,100.48,12.0,6.0,26.0,4.0,3
6,Rabat,2026-04-26 12:31:12.982148,34.0209,-6.8416,21.37,21.73,83.0,1011.0,3.09,280.0,40.0,Clouds,scattered clouds,3.0,13.7,20.61,1.08,104.71,5.55,115.79,12.0,6.0,26.0,4.0,4
6,Tanger,2026-04-26 12:31:22.599905,35.7595,-5.834,21.74,21.54,60.0,1014.0,11.83,80.0,40.0,Clouds,scattered clouds,2.0,4.03,7.23,0.67,89.68,0.94,124.55,12.0,6.0,26.0,4.0,5
7,Agadir,2026-04-26 13:47:51.223700,30.4278,-9.5981,24.06,24.4,72.0,1009.0,4.28,253.0,7.0,Clear,clear sky,2.0,9.61,22.89,0.28,99.3,1.12,114.76,13.0,6.0,26.0,4.0,0
7,Casablanca,,33.5731,-7.5898,21.01,21.07,73.0,1010.5,2.5700000000000003,45.0,60.0,Clouds,broken clouds,3.0,8.495000000000001,16.689999999999998,0.55,105.945,3.5949999999999998,109.52,14.555891238670695,2.881168177240685,13.362537764350453,4.628398791540786,1
7,Fes,2026-04-26 13:47:44.747968,34.0181,-5.0078,24.95,24.81,50.0,1010.0,4.63,60.0,20.0,Clouds,few clouds,2.0,4.55,18.73,0.15,81.36,0.07,95.47,13.0,6.0,26.0,4.0,2
7,Marrakech,2026-04-26 13:47:41.550470,31.6295,-7.9811,25.98,25.98,47.0,1009.0,3.6,40.0,40.0,Clouds,scattered clouds,3.0,11.22,54.65,0.23,96.53,0.15,101.46,13.0,6.0,26.0,4.0,3
7,Rabat,2026-04-26 13:47:38.319382,34.0209,-6.8416,21.37,21.6,78.0,1010.0,3.6,320.0,40.0,Clouds,scattered clouds,3.0,12.38,18.49,0.71,108.01,5.29,114.84,13.0,6.0,26.0,4.0,4
7,Tanger,2026-04-26 13:47:47.968614,35.7595,-5.834,22.75,22.54,56.0,1013.0,11.83,80.0,40.0,Clouds,scattered clouds,2.0,4.12,7.41,0.54,98.44,1.0,126.18,13.0,6.0,26.0,4.0,5
8,Agadir,2026-04-26 16:18:01.742941,30.4278,-9.5981,23.06,23.28,71.0,1008.0,4.18,235.0,9.0,Clear,clear sky,2.0,10.69,24.53,0.33,99.35,0.96,118.08,16.0,6.0,26.0,4.0,0
8,Casablanca,2026-04-26 16:17:44.454621,33.5731,-7.5898,21.01,21.07,73.0,1010.0,3.6,50.0,40.0,Clouds,scattered clouds,3.0,7.77,13.59,0.49,108.88,3.52,107.52,16.0,6.0,26.0,4.0,1
8,Fes,2026-04-26 16:17:54.794429,34.0181,-5.0078,25.95,25.95,47.0,1009.0,4.63,80.0,20.0,Clouds,few clouds,2.0,4.24,17.06,0.26,81.87,0.08,94.42,16.0,6.0,26.0,4.0,2
8,Marrakech,2026-04-26 16:17:51.542472,31.6295,-7.9811,30.98,30.48,37.0,1007.0,2.06,0.0,40.0,Clouds,scattered clouds,3.0,11.02,54.42,0.21,99.58,0.14,100.75,16.0,6.0,26.0,4.0,3
8,Rabat,2026-04-26 16:17:47.676441,34.0209,-6.8416,24.37,24.43,60.0,1010.0,3.09,320.0,40.0,Clouds,scattered clouds,3.0,9.94,14.68,0.67,105.31,4.28,112.01,16.0,6.0,26.0,4.0,4
8,Tanger,2026-04-26 16:17:58.476021,35.7595,-5.834,21.74,21.54,60.0,1013.0,13.89,80.0,40.0,Clouds,scattered clouds,3.0,5.04,10.28,0.54,108.2,1.22,127.39,16.0,6.0,26.0,4.0,5
9,Agadir,2026-04-26 17:18:20.073763,30.4278,-9.5981,24.06,24.4,72.0,1008.0,3.07,223.0,5.0,Clear,clear sky,3.0,11.21,25.08,0.42,101.92,1.0,120.26,17.0,6.0,26.0,4.0,0
9,Casablanca,2026-04-26 17:18:03.813706,33.5731,-7.5898,22.01,21.83,60.0,1010.0,3.09,60.0,40.0,Clouds,scattered clouds,3.0,8.21,14.42,0.67,109.62,3.78,109.4,17.0,6.0,26.0,4.0,1
9,Fes,2026-04-26 17:18:13.572014,34.0181,-5.0078,26.95,27.2,47.0,1009.0,4.12,80.0,20.0,Clouds,few clouds,2.0,4.07,15.04,0.5,76.52,0.11,94.51,17.0,6.0,26.0,4.0,2
9,Marrakech,2026-04-26 17:18:10.343646,31.6295,-7.9811,29.98,29.15,35.0,1007.0,2.57,60.0,40.0,Clouds,scattered clouds,3.0,11.52,55.3,0.31,99.8,0.24,101.46,17.0,6.0,26.0,4.0,3
9,Rabat,2026-04-26 17:18:07.049503,34.0209,-6.8416,23.37,23.33,60.0,1010.0,4.12,340.0,40.0,Clouds,scattered clouds,3.0,9.82,14.82,0.95,106.15,4.4,113.74,17.0,6.0,26.0,4.0,4
9,Tanger,2026-04-26 17:18:16.803027,35.7595,-5.834,21.74,21.54,60.0,1012.0,13.38,80.0,40.0,Clouds,scattered clouds,3.0,5.27,10.88,0.67,108.74,1.24,127.58,17.0,6.0,26.0,4.0,5
10,Agadir,2026-04-26 18:18:39.348319,30.4278,-9.5981,23.06,23.35,74.0,1008.0,2.44,194.0,9.0,Clear,clear sky,3.0,10.94,24.51,0.52,104.53,1.03,121.4,18.0,6.0,26.0,4.0,0
10,Casablanca,2026-04-26 18:18:22.090226,33.5731,-7.5898,21.84,21.65,60.0,1010.0,3.6,20.0,40.0,Clouds,scattered clouds,3.0,8.57,15.13,0.86,108.97,4.09,110.97,18.0,6.0,26.0,4.0,1
10,Fes,2026-04-26 18:18:32.156186,34.0181,-5.0078,25.95,25.95,47.0,1009.0,4.12,70.0,20.0,Clouds,few clouds,2.0,3.9,13.06,0.87,69.67,0.14,94.67,18.0,6.0,26.0,4.0,2
10,Marrakech,2026-04-26 18:18:28.930937,31.6295,-7.9811,29.98,29.15,35.0,1007.0,1.54,0.0,40.0,Clouds,scattered clouds,3.0,12.2,56.36,0.53,99.98,0.34,102.92,18.0,6.0,26.0,4.0,3
10,Rabat,2026-04-26 18:18:25.624177,34.0209,-6.8416,23.35,23.2,56.0,1010.0,3.6,340.0,40.0,Clouds,scattered clouds,3.0,9.56,14.91,1.44,106.38,4.55,115.92,18.0,6.0,26.0,4.0,4
10,Tanger,2026-04-26 18:18:35.710158,35.7595,-5.834,20.83,20.64,64.0,1012.0,13.89,80.0,40.0,Clouds,scattered clouds,3.0,5.59,11.61,0.92,108.73,1.27,127.57,18.0,6.0,26.0,4.0,5
11,Agadir,2026-04-26 19:18:58.131519,30.4278,-9.5981,21.06,21.23,77.0,1008.0,3.12,178.0,14.0,Clouds,few clouds,3.0,10.29,23.85,0.56,106.43,1.01,122.0,19.0,6.0,26.0,4.0,0
11,Casablanca,2026-04-26 19:18:41.519052,33.5731,-7.5898,20.01,19.97,73.0,1010.0,3.6,30.0,75.0,Clouds,broken clouds,3.0,8.76,15.6,1.05,108.24,4.27,112.55,19.0,6.0,26.0,4.0,1
11,Fes,2026-04-26 19:18:51.491845,34.0181,-5.0078,24.95,24.88,53.0,1009.0,3.09,60.0,20.0,Clouds,few clouds,2.0,3.76,11.82,1.19,66.75,0.17,94.91,19.0,6.0,26.0,4.0,2
11,Marrakech,2026-04-26 19:18:48.197902,31.6295,-7.9811,28.98,28.33,37.0,1007.0,2.06,90.0,40.0,Rain,light rain,3.0,12.45,55.44,0.75,99.51,0.42,104.14,19.0,6.0,26.0,4.0,3
11,Rabat,2026-04-26 19:18:44.758053,34.0209,-6.8416,22.37,22.23,60.0,1010.0,3.09,340.0,40.0,Clouds,scattered clouds,3.0,8.78,14.43,2.06,104.8,4.51,117.69,19.0,6.0,26.0,4.0,4
11,Tanger,2026-04-26 19:18:54.874631,35.7595,-5.834,19.74,19.44,64.0,1012.0,12.35,80.0,40.0,Clouds,scattered clouds,3.0,5.87,12.19,1.28,107.49,1.32,127.83,19.0,6.0,26.0,4.0,5
12,Agadir,2026-04-26 20:19:16.437724,30.4278,-9.5981,19.06,19.19,83.0,1009.0,2.53,149.0,75.0,Clouds,broken clouds,3.0,9.24,22.64,0.51,107.43,0.98,121.81,20.0,6.0,26.0,4.0,0
12,Casablanca,2026-04-26 20:19:00.109669,33.5731,-7.5898,18.95,19.04,82.0,1011.0,2.57,30.0,75.0,Clouds,broken clouds,3.0,8.86,16.17,1.47,105.31,4.32,114.43,20.0,6.0,26.0,4.0,1
12,Fes,2026-04-26 20:19:09.875862,34.0181,-5.0078,21.95,21.87,64.0,1010.0,1.03,0.0,20.0,Clouds,few clouds,2.0,3.65,11.23,1.36,65.71,0.2,94.63,20.0,6.0,26.0,4.0,2
12,Marrakech,2026-04-26 20:19:06.608826,31.6295,-7.9811,27.98,27.58,39.0,1009.0,2.06,90.0,40.0,Rain,light rain,3.0,12.24,51.19,1.13,94.34,0.47,104.31,20.0,6.0,26.0,4.0,3
12,Rabat,2026-04-26 20:19:03.365268,34.0209,-6.8416,21.37,21.34,68.0,1011.0,2.06,340.0,40.0,Clouds,scattered clouds,2.0,7.97,13.87,2.95,99.76,4.32,118.6,20.0,6.0,26.0,4.0,4
12,Tanger,2026-04-26 20:19:13.158065,35.7595,-5.834,18.74,18.45,68.0,1013.0,10.8,80.0,40.0,Clouds,scattered clouds,3.0,6.0,12.55,1.79,103.47,1.32,128.43,20.0,6.0,26.0,4.0,5
13,Agadir,2026-04-26 21:19:35.084277,30.4278,-9.5981,18.06,18.17,86.0,1010.0,3.48,137.0,92.0,Clouds,overcast clouds,3.0,8.22,21.59,0.43,107.98,0.93,121.63,21.0,6.0,26.0,4.0,0
13,Casablanca,2026-04-26 21:19:18.140893,33.5731,-7.5898,18.95,19.04,82.0,1012.0,1.03,0.0,57.0,Clouds,broken clouds,3.0,9.0,17.07,1.86,102.38,4.13,118.15,21.0,6.0,26.0,4.0,1
13,Fes,2026-04-26 21:19:28.009721,34.0181,-5.0078,19.95,19.88,72.0,1011.0,1.03,0.0,40.0,Clouds,scattered clouds,2.0,3.66,11.04,1.41,62.3,0.19,95.25,21.0,6.0,26.0,4.0,2
13,Marrakech,2026-04-26 21:19:24.767338,31.6295,-7.9811,25.98,25.98,50.0,1010.0,5.14,150.0,75.0,Rain,light rain,2.0,12.14,47.5,1.55,88.71,0.47,106.18,21.0,6.0,26.0,4.0,3
13,Rabat,2026-04-26 21:19:21.469634,34.0209,-6.8416,18.37,18.4,82.0,1011.0,0.0,0.0,40.0,Clouds,scattered clouds,2.0,7.61,13.85,3.48,94.65,4.01,121.11,21.0,6.0,26.0,4.0,4
13,Tanger,2026-04-26 21:19:31.849861,35.7595,-5.834,18.74,18.55,72.0,1013.0,10.8,80.0,40.0,Clouds,scattered clouds,2.0,6.05,12.83,2.05,97.95,1.25,129.19,21.0,6.0,26.0,4.0,5
14,Agadir,2026-04-26 22:19:55.147853,30.4278,-9.5981,18.06,18.22,88.0,1011.0,4.33,138.0,71.0,Clouds,broken clouds,3.0,7.95,22.35,0.37,108.06,0.88,121.45,22.0,6.0,26.0,4.0,0
14,Casablanca,2026-04-26 22:19:37.757509,33.5731,-7.5898,18.95,19.04,82.0,1012.0,0.51,0.0,50.0,Clouds,scattered clouds,3.0,9.03,17.92,2.1,100.43,3.76,121.83,22.0,6.0,26.0,4.0,1
14,Fes,2026-04-26 22:19:48.338069,34.0181,-5.0078,18.97,19.06,82.0,1012.0,1.03,0.0,0.0,Clear,clear sky,1.0,3.68,10.65,1.41,58.71,0.16,95.94,22.0,6.0,26.0,4.0,2
14,Marrakech,2026-04-26 22:19:44.812571,31.6295,-7.9811,24.98,24.92,53.0,1010.0,0.51,0.0,40.0,Rain,light rain,2.0,12.04,45.35,1.82,84.36,0.47,107.9,22.0,6.0,26.0,4.0,3
14,Rabat,2026-04-26 22:19:41.429753,34.0209,-6.8416,15.37,15.57,100.0,1012.0,0.0,0.0,40.0,Clouds,scattered clouds,2.0,7.52,13.99,3.63,90.81,3.7,123.47,22.0,6.0,26.0,4.0,4
14,Tanger,2026-04-26 22:19:51.775599,35.7595,-5.834,18.74,18.55,72.0,1014.0,10.29,80.0,40.0,Clouds,scattered clouds,2.0,6.05,12.98,2.12,93.12,1.17,130.04,22.0,6.0,26.0,4.0,5
15,Agadir,2026-04-26 23:20:17.592166,30.4278,-9.5981,18.06,18.25,89.0,1011.0,5.36,137.0,77.0,Clouds,broken clouds,3.0,7.4,21.79,0.33,107.87,0.84,121.22,23.0,6.0,26.0,4.0,0
15,Casablanca,2026-04-26 23:19:58.384463,33.5731,-7.5898,18.95,19.04,82.0,1012.0,1.54,320.0,57.0,Clouds,broken clouds,2.0,8.86,18.3,2.2,96.45,3.27,122.16,23.0,6.0,26.0,4.0,1
15,Fes,2026-04-26 23:20:10.893859,34.0181,-5.0078,18.95,19.04,82.0,1012.0,1.03,0.0,0.0,Clear,clear sky,1.0,3.61,9.69,1.48,53.61,0.12,94.78,23.0,6.0,26.0,4.0,2
15,Marrakech,2026-04-26 23:20:07.311055,31.6295,-7.9811,23.98,23.92,57.0,1010.0,2.57,10.0,40.0,Clouds,scattered clouds,2.0,11.73,43.09,2.03,80.05,0.49,106.99,23.0,6.0,26.0,4.0,3
15,Rabat,2026-04-26 23:20:02.322482,34.0209,-6.8416,15.37,15.57,100.0,1012.0,0.0,0.0,40.0,Clouds,scattered clouds,2.0,7.37,13.78,3.64,85.09,3.29,122.97,23.0,6.0,26.0,4.0,4
15,Tanger,2026-04-26 23:20:14.392442,35.7595,-5.834,18.74,18.45,68.0,1014.0,9.77,80.0,40.0,Clouds,scattered clouds,2.0,6.01,12.83,2.22,87.53,1.06,130.01,23.0,6.0,26.0,4.0,5
16,Agadir,2026-04-27 00:20:35.623444,30.4278,-9.5981,18.06,18.25,89.0,1011.0,5.75,138.0,68.0,Clouds,broken clouds,3.0,7.01,21.09,0.3,106.93,0.8,120.95,0.0,0.0,27.0,4.0,0
16,Casablanca,2026-04-27 00:20:19.453476,33.5731,-7.5898,17.89,18.03,88.0,1012.0,2.06,320.0,62.0,Clouds,broken clouds,2.0,8.87,18.85,2.25,93.35,2.81,123.69,0.0,0.0,27.0,4.0,1
16,Fes,2026-04-27 00:20:29.165776,34.0181,-5.0078,17.95,18.1,88.0,1012.0,2.57,80.0,0.0,Clear,clear sky,1.0,3.56,8.79,1.6,48.4,0.09,94.65,0.0,0.0,27.0,4.0,2
16,Marrakech,2026-04-27 00:20:25.914450,31.6295,-7.9811,22.98,22.9,60.0,1010.0,1.54,30.0,40.0,Clouds,scattered clouds,2.0,11.7,41.86,2.21,79.1,0.51,107.35,0.0,0.0,27.0,4.0,3
16,Rabat,2026-04-27 00:20:22.692245,34.0209,-6.8416,16.37,16.67,100.0,1011.0,1.54,230.0,40.0,Clouds,scattered clouds,2.0,7.38,13.64,3.64,80.2,2.94,123.58,0.0,0.0,27.0,4.0,4
16,Tanger,2026-04-27 00:20:32.389986,35.7595,-5.834,17.74,17.58,77.0,1014.0,9.26,80.0,0.0,Clear,clear sky,2.0,5.97,12.46,2.31,81.43,0.91,129.81,0.0,0.0,27.0,4.0,5
17,Agadir,2026-04-27 16:00:33.091502,30.4278,-9.5981,25.06,25.58,75.0,1010.0,3.44,264.0,84.0,Clouds,broken clouds,3.0,4.61,6.93,0.36,100.22,0.47,119.1,16.0,0.0,27.0,4.0,0
17,Casablanca,2026-04-27 16:00:16.109167,33.5731,-7.5898,22.01,22.17,73.0,1007.0,4.12,310.0,40.0,Clouds,scattered clouds,3.0,10.77,23.78,0.74,109.53,4.89,113.45,16.0,0.0,27.0,4.0,1
17,Fes,2026-04-27 16:00:26.237039,34.0181,-5.0078,25.95,25.95,50.0,1005.0,3.09,60.0,75.0,Thunderstorm,thunderstorm,2.0,9.38,48.14,0.16,93.28,0.05,91.33,16.0,0.0,27.0,4.0,2
17,Marrakech,2026-04-27 16:00:22.742603,31.6295,-7.9811,27.98,28.52,51.0,1006.0,4.63,270.0,40.0,Clouds,scattered clouds,3.0,6.75,27.57,0.24,102.74,0.41,102.19,16.0,0.0,27.0,4.0,3
17,Rabat,2026-04-27 16:00:19.331703,34.0209,-6.8416,24.37,24.53,64.0,1007.0,3.09,300.0,88.0,Clouds,overcast clouds,3.0,14.07,29.25,1.22,109.21,5.5,113.18,16.0,0.0,27.0,4.0,4
17,Tanger,2026-04-27 16:00:29.526883,35.7595,-5.834,21.74,21.64,64.0,1010.0,12.86,80.0,75.0,Clouds,broken clouds,2.0,6.58,13.47,1.07,99.89,1.62,126.16,16.0,0.0,27.0,4.0,5
18,Agadir,,30.4278,-9.5981,24.56,24.95,72.0,1010.0,3.685,268.0,72.0,Clouds,broken clouds,3.0,4.615,7.445,0.4,101.06,0.48,119.4,14.555891238670695,2.881168177240685,13.362537764350453,4.628398791540786,0
18,Casablanca,2026-04-27 17:00:35.293509,33.5731,-7.5898,22.01,22.04,68.0,1007.0,4.12,320.0,40.0,Clouds,scattered clouds,3.0,10.08,22.58,0.93,107.43,4.69,114.36,17.0,0.0,27.0,4.0,1
18,Fes,2026-04-27 17:00:45.074830,34.0181,-5.0078,26.95,27.37,50.0,1006.0,4.12,90.0,75.0,Thunderstorm,thunderstorm,2.0,8.66,41.08,0.43,87.44,0.09,91.42,17.0,0.0,27.0,4.0,2
18,Marrakech,2026-04-27 17:00:41.739071,31.6295,-7.9811,28.02,28.56,51.0,1006.0,6.17,260.0,40.0,Clouds,scattered clouds,3.0,6.87,25.92,0.36,101.53,0.59,103.91,17.0,0.0,27.0,4.0,3
18,Rabat,2026-04-27 17:00:38.514189,34.0209,-6.8416,23.37,23.54,68.0,1007.0,3.09,300.0,92.0,Clouds,overcast clouds,3.0,14.53,28.17,1.9,106.62,6.23,115.08,17.0,0.0,27.0,4.0,4
18,Tanger,2026-04-27 17:00:48.292480,35.7595,-5.834,20.74,20.65,68.0,1009.0,13.38,80.0,75.0,Clouds,broken clouds,3.0,6.59,13.34,1.27,100.78,1.49,126.57,17.0,0.0,27.0,4.0,5
19,Agadir,2026-04-27 18:03:10.136511,30.4278,-9.5981,24.06,24.32,69.0,1010.0,3.93,272.0,60.0,Clouds,broken clouds,3.0,4.62,7.96,0.44,101.9,0.49,119.7,18.0,0.0,27.0,4.0,0
19,Casablanca,2026-04-27 18:02:52.890374,33.5731,-7.5898,22.01,22.3,78.0,1007.0,3.09,340.0,40.0,Clouds,scattered clouds,3.0,9.89,23.01,1.1,105.11,4.41,115.88,18.0,0.0,27.0,4.0,1
19,Fes,2026-04-27 18:03:03.115475,34.0181,-5.0078,26.95,27.37,50.0,1005.0,3.09,100.0,75.0,Thunderstorm,thunderstorm,2.0,8.29,35.59,0.93,78.58,0.14,92.23,18.0,0.0,27.0,4.0,2
19,Marrakech,2026-04-27 18:02:59.794418,31.6295,-7.9811,24.98,25.02,57.0,1006.0,9.26,270.0,75.0,Clouds,broken clouds,2.0,7.36,25.63,0.58,99.69,0.79,106.73,18.0,0.0,27.0,4.0,3
19,Rabat,2026-04-27 18:02:56.259988,34.0209,-6.8416,24.37,24.43,60.0,1007.0,3.6,330.0,90.0,Clouds,overcast clouds,3.0,15.57,28.2,2.77,103.45,6.96,118.84,18.0,0.0,27.0,4.0,4
19,Tanger,2026-04-27 18:03:06.552196,35.7595,-5.834,19.74,19.68,73.0,1009.0,12.86,80.0,75.0,Clouds,broken clouds,2.0,7.0,13.74,1.8,98.98,1.41,127.42,18.0,0.0,27.0,4.0,5
20,Agadir,2026-04-27 19:03:28.681915,30.4278,-9.5981,23.06,23.3,72.0,1010.0,4.26,266.0,51.0,Clouds,broken clouds,3.0,5.34,10.11,0.43,102.4,0.52,119.19,19.0,0.0,27.0,4.0,0
20,Casablanca,2026-04-27 19:03:12.346694,33.5731,-7.5898,20.78,20.95,78.0,1007.0,3.09,340.0,40.0,Clouds,scattered clouds,3.0,9.77,23.62,1.2,102.91,4.0,117.33,19.0,0.0,27.0,4.0,1
20,Fes,2026-04-27 19:03:22.114261,34.0181,-5.0078,25.97,25.97,53.0,1005.0,2.06,80.0,75.0,Thunderstorm,thunderstorm,2.0,7.89,31.61,1.38,72.3,0.19,93.26,19.0,0.0,27.0,4.0,2
20,Marrakech,2026-04-27 19:03:18.865813,31.6295,-7.9811,23.98,24.0,60.0,1007.0,8.23,290.0,75.0,Rain,moderate rain,2.0,7.3,23.4,0.86,97.24,0.92,109.23,19.0,0.0,27.0,4.0,3
20,Rabat,2026-04-27 19:03:15.599859,34.0209,-6.8416,24.37,24.35,57.0,1006.0,3.6,350.0,80.0,Clouds,broken clouds,2.0,15.83,28.06,3.43,99.66,6.93,121.94,19.0,0.0,27.0,4.0,4
20,Tanger,2026-04-27 19:03:25.389357,35.7595,-5.834,19.74,19.68,73.0,1009.0,12.86,80.0,75.0,Clouds,broken clouds,2.0,7.57,14.48,2.51,95.11,1.39,128.46,19.0,0.0,27.0,4.0,5
21,Agadir,2026-04-27 20:03:48.163027,30.4278,-9.5981,21.06,21.23,77.0,1011.0,3.53,266.0,0.0,Clear,clear sky,3.0,6.38,12.85,0.4,102.68,0.53,118.15,20.0,0.0,27.0,4.0,0
21,Casablanca,2026-04-27 20:03:30.949467,33.5731,-7.5898,21.01,21.2,78.0,1008.0,1.54,310.0,40.0,Clouds,scattered clouds,2.0,9.66,23.79,1.32,99.48,3.45,117.52,20.0,0.0,27.0,4.0,1
21,Fes,2026-04-27 20:03:41.496780,34.0181,-5.0078,22.95,23.21,73.0,1006.0,3.09,90.0,75.0,Thunderstorm,thunderstorm,2.0,7.16,26.97,1.75,66.18,0.22,92.88,20.0,0.0,27.0,4.0,2
21,Marrakech,2026-04-27 20:03:38.063874,31.6295,-7.9811,21.98,21.9,64.0,1009.0,6.17,290.0,75.0,Rain,moderate rain,2.0,6.93,20.62,1.14,92.53,0.94,109.73,20.0,0.0,27.0,4.0,3
21,Rabat,2026-04-27 20:03:34.548580,34.0209,-6.8416,22.37,22.44,68.0,1007.0,2.06,320.0,8.0,Clear,clear sky,2.0,15.35,26.86,3.9,94.25,6.62,123.3,20.0,0.0,27.0,4.0,4
21,Tanger,2026-04-27 20:03:44.729982,35.7595,-5.834,18.74,18.55,72.0,1009.0,10.8,90.0,75.0,Clouds,broken clouds,2.0,8.0,15.18,3.13,89.61,1.36,128.67,20.0,0.0,27.0,4.0,5
22,Agadir,2026-04-27 21:04:06.810389,30.4278,-9.5981,18.06,18.09,83.0,1012.0,3.2,266.0,0.0,Clear,clear sky,3.0,7.23,15.06,0.34,102.74,0.53,117.41,21.0,0.0,27.0,4.0,0
22,Casablanca,2026-04-27 21:03:50.361412,33.5731,-7.5898,20.01,20.23,83.0,1009.0,3.6,300.0,40.0,Rain,light rain,2.0,9.85,24.56,1.41,96.77,2.93,118.77,21.0,0.0,27.0,4.0,1
22,Fes,2026-04-27 21:04:00.255102,34.0181,-5.0078,21.95,22.11,73.0,1007.0,3.09,120.0,75.0,Thunderstorm,thunderstorm,2.0,6.6,23.28,1.98,61.62,0.21,94.29,21.0,0.0,27.0,4.0,2
22,Marrakech,2026-04-27 21:03:57.003836,31.6295,-7.9811,19.98,19.94,73.0,1010.0,4.63,260.0,75.0,Rain,moderate rain,2.0,6.64,18.75,1.31,89.9,0.91,111.61,21.0,0.0,27.0,4.0,3
22,Rabat,2026-04-27 21:03:53.713948,34.0209,-6.8416,20.37,20.63,83.0,1008.0,1.54,250.0,6.0,Clear,clear sky,2.0,15.05,26.21,3.86,90.91,5.67,125.63,21.0,0.0,27.0,4.0,4
22,Tanger,2026-04-27 21:04:03.532526,35.7595,-5.834,18.74,18.55,72.0,1009.0,12.35,80.0,75.0,Clouds,broken clouds,2.0,8.26,15.75,3.26,84.16,1.31,129.3,21.0,0.0,27.0,4.0,5
23,Agadir,2026-04-27 22:04:25.975647,30.4278,-9.5981,18.06,18.19,87.0,1012.0,3.08,270.0,0.0,Clear,clear sky,3.0,7.58,15.94,0.3,102.1,0.51,116.66,22.0,0.0,27.0,4.0,0
23,Casablanca,2026-04-27 22:04:09.002799,33.5731,-7.5898,20.0,20.22,83.0,1009.0,3.09,260.0,18.0,Clouds,few clouds,2.0,10.07,25.4,1.44,94.64,2.56,119.86,22.0,0.0,27.0,4.0,1
23,Fes,2026-04-27 22:04:19.190047,34.0181,-5.0078,20.95,21.01,73.0,1007.0,4.12,100.0,75.0,Thunderstorm,thunderstorm,2.0,6.18,20.31,2.11,58.8,0.19,95.63,22.0,0.0,27.0,4.0,2
23,Marrakech,2026-04-27 22:04:15.712184,31.6295,-7.9811,18.98,18.81,72.0,1012.0,3.6,290.0,75.0,Rain,moderate rain,2.0,6.47,17.77,1.39,88.13,0.86,113.17,22.0,0.0,27.0,4.0,3
23,Rabat,2026-04-27 22:04:12.423666,34.0209,-6.8416,20.37,20.76,88.0,1008.0,2.06,220.0,4.0,Clear,clear sky,2.0,14.84,25.98,3.5,89.66,4.56,127.72,22.0,0.0,27.0,4.0,4
23,Tanger,2026-04-27 22:04:22.579516,35.7595,-5.834,18.74,18.55,72.0,1009.0,13.38,80.0,20.0,Clouds,few clouds,2.0,8.39,16.12,3.23,79.31,1.23,129.85,22.0,0.0,27.0,4.0,5
24,Agadir,2026-04-27 23:04:45.470150,30.4278,-9.5981,18.06,18.19,87.0,1013.0,2.23,276.0,0.0,Clear,clear sky,3.0,7.23,15.17,0.26,100.97,0.45,116.17,23.0,0.0,27.0,4.0,0
24,Casablanca,2026-04-27 23:04:28.184479,33.5731,-7.5898,20.0,20.22,83.0,1012.0,2.06,210.0,38.0,Rain,moderate rain,2.0,10.15,25.46,1.44,91.88,2.35,119.11,23.0,0.0,27.0,4.0,1
24,Fes,2026-04-27 23:04:38.816830,34.0181,-5.0078,21.95,21.98,68.0,1007.0,3.6,350.0,75.0,Thunderstorm,thunderstorm,1.0,6.0,18.69,2.21,55.24,0.16,94.93,23.0,0.0,27.0,4.0,2
24,Marrakech,2026-04-27 23:04:34.896728,31.6295,-7.9811,17.98,17.84,77.0,1012.0,4.63,280.0,75.0,Rain,moderate rain,2.0,6.28,16.91,1.36,86.11,0.8,112.99,23.0,0.0,27.0,4.0,3
24,Rabat,2026-04-27 23:04:31.565652,34.0209,-6.8416,20.37,20.92,94.0,1009.0,5.66,210.0,3.0,Rain,light rain,2.0,14.14,23.84,3.09,87.29,4.14,126.42,23.0,0.0,27.0,4.0,4
24,Tanger,2026-04-27 23:04:42.177560,35.7595,-5.834,18.77,18.58,72.0,1009.0,12.86,70.0,20.0,Clouds,few clouds,2.0,8.51,16.38,3.16,74.95,1.21,129.91,23.0,0.0,27.0,4.0,5
25,Agadir,2026-04-28 00:05:07.209497,30.4278,-9.5981,18.06,18.19,87.0,1013.0,2.44,272.0,11.0,Clouds,few clouds,3.0,6.66,13.86,0.23,100.3,0.4,115.66,0.0,1.0,28.0,4.0,0
25,Casablanca,2026-04-28 00:04:47.396818,33.5731,-7.5898,20.0,20.07,77.0,1011.0,2.06,250.0,50.0,Rain,moderate rain,2.0,10.25,25.61,1.35,90.61,2.1,119.57,0.0,1.0,28.0,4.0,1
25,Fes,2026-04-28 00:04:58.925922,34.0181,-5.0078,19.95,20.14,82.0,1007.0,1.54,110.0,75.0,Thunderstorm,thunderstorm,1.0,6.18,18.64,2.26,51.89,0.13,95.39,0.0,1.0,28.0,4.0,2
25,Marrakech,2026-04-28 00:04:55.579437,31.6295,-7.9811,17.97,17.83,77.0,1012.0,4.63,270.0,75.0,Rain,light rain,2.0,6.05,16.02,1.26,85.48,0.75,113.83,0.0,1.0,28.0,4.0,3
25,Rabat,2026-04-28 00:04:50.798306,34.0209,-6.8416,21.37,21.6,78.0,1009.0,5.66,210.0,75.0,Rain,moderate rain,2.0,13.29,21.58,2.71,84.93,3.87,125.07,0.0,1.0,28.0,4.0,4
25,Tanger,2026-04-28 00:05:02.608757,35.7595,-5.834,18.74,18.55,72.0,1008.0,14.92,70.0,75.0,Clouds,broken clouds,2.0,9.03,17.54,2.92,74.06,1.34,129.83,0.0,1.0,28.0,4.0,5
26,Agadir,2026-04-28 10:31:54.143332,30.4278,-9.5981,19.06,19.08,79.0,1013.0,2.6,262.0,96.0,Clouds,overcast clouds,2.0,1.87,4.07,0.23,97.01,0.16,114.82,10.0,1.0,28.0,4.0,0
26,Casablanca,2026-04-28 10:31:37.518560,33.5731,-7.5898,20.0,19.96,73.0,1011.0,1.54,260.0,75.0,Clouds,broken clouds,2.0,4.64,12.45,0.79,95.45,0.94,115.8,10.0,1.0,28.0,4.0,1
26,Fes,2026-04-28 10:31:47.400406,34.0181,-5.0078,18.95,18.91,77.0,1011.0,4.63,270.0,40.0,Rain,light rain,2.0,4.6,9.36,0.72,77.29,0.36,104.28,10.0,1.0,28.0,4.0,2
26,Marrakech,2026-04-28 10:31:44.119304,31.6295,-7.9811,14.98,14.83,88.0,1012.0,1.03,0.0,75.0,Rain,light rain,2.0,3.58,8.82,1.01,86.25,0.43,110.53,10.0,1.0,28.0,4.0,3
26,Rabat,2026-04-28 10:31:40.809089,34.0209,-6.8416,21.35,21.58,78.0,1010.0,3.09,210.0,75.0,Clouds,broken clouds,2.0,4.08,10.48,1.54,89.66,2.09,115.2,10.0,1.0,28.0,4.0,4
26,Tanger,2026-04-28 10:31:50.895435,35.7595,-5.834,20.74,20.78,73.0,1011.0,2.06,130.0,75.0,Clouds,broken clouds,2.0,7.41,12.96,2.53,96.16,4.24,126.16,10.0,1.0,28.0,4.0,5
27,Agadir,2026-04-28 11:32:15.940099,30.4278,-9.5981,20.06,20.13,77.0,1013.0,2.69,266.0,97.0,Clouds,overcast clouds,2.0,1.91,4.22,0.18,96.71,0.16,114.46,11.0,1.0,28.0,4.0,0
27,Casablanca,2026-04-28 11:31:57.008573,33.5731,-7.5898,21.84,21.75,64.0,1011.0,2.06,280.0,75.0,Clouds,broken clouds,2.0,4.66,12.42,0.63,96.66,1.01,114.5,11.0,1.0,28.0,4.0,1
27,Fes,2026-04-28 11:32:08.514174,34.0181,-5.0078,20.95,20.88,68.0,1011.0,2.57,280.0,40.0,Rain,light rain,2.0,4.23,7.94,0.52,79.66,0.32,104.42,11.0,1.0,28.0,4.0,2
27,Marrakech,2026-04-28 11:32:04.564134,31.6295,-7.9811,14.98,14.99,94.0,1012.0,1.54,260.0,75.0,Clouds,broken clouds,2.0,3.32,7.97,0.95,86.85,0.45,109.65,11.0,1.0,28.0,4.0,3
27,Rabat,2026-04-28 11:32:01.192915,34.0209,-6.8416,22.37,22.7,78.0,1010.0,3.09,260.0,75.0,Clouds,broken clouds,2.0,3.68,9.43,1.32,91.28,2.08,113.79,11.0,1.0,28.0,4.0,4
27,Tanger,2026-04-28 11:32:12.313312,35.7595,-5.834,22.74,22.85,68.0,1010.0,2.57,170.0,75.0,Clouds,broken clouds,3.0,6.76,12.67,1.96,100.25,4.04,124.53,11.0,1.0,28.0,4.0,5
28,Agadir,2026-04-28 12:32:34.185377,30.4278,-9.5981,22.06,22.31,76.0,1013.0,3.54,268.0,97.0,Clouds,overcast clouds,2.0,2.03,4.52,0.14,95.94,0.16,114.11,12.0,1.0,28.0,4.0,0
28,Casablanca,2026-04-28 12:32:17.942056,33.5731,-7.5898,21.84,21.86,68.0,1011.0,2.57,300.0,75.0,Clouds,broken clouds,2.0,4.6,12.16,0.53,97.63,1.06,113.38,12.0,1.0,28.0,4.0,1
28,Fes,2026-04-28 12:32:27.686631,34.0181,-5.0078,21.95,21.87,64.0,1010.0,2.57,50.0,40.0,Clouds,scattered clouds,2.0,3.78,6.67,0.4,79.89,0.28,104.0,12.0,1.0,28.0,4.0,2
28,Marrakech,2026-04-28 12:32:24.463983,31.6295,-7.9811,17.98,17.97,82.0,1011.0,2.06,240.0,75.0,Clouds,broken clouds,2.0,3.08,7.29,0.87,87.37,0.49,109.12,12.0,1.0,28.0,4.0,3
28,Rabat,2026-04-28 12:32:21.184590,34.0209,-6.8416,22.37,22.7,78.0,1010.0,2.57,260.0,75.0,Clouds,broken clouds,2.0,3.58,8.99,1.18,92.81,2.19,112.63,12.0,1.0,28.0,4.0,4
28,Tanger,2026-04-28 12:32:30.918342,35.7595,-5.834,22.74,22.85,68.0,1010.0,3.09,200.0,75.0,Clouds,broken clouds,3.0,6.9,13.76,1.39,105.26,3.91,123.53,12.0,1.0,28.0,4.0,5
29,Agadir,2026-04-28 13:49:53.431796,30.4278,-9.5981,23.06,23.35,74.0,1012.0,4.81,268.0,38.0,Clouds,scattered clouds,2.0,2.22,4.97,0.13,95.43,0.16,114.05,13.0,1.0,28.0,4.0,0
29,Casablanca,2026-04-28 13:49:35.552871,33.5731,-7.5898,22.01,22.04,68.0,1010.0,3.6,320.0,75.0,Clouds,broken clouds,2.0,4.1,10.63,0.45,99.07,1.01,113.26,13.0,1.0,28.0,4.0,1
29,Fes,2026-04-28 13:49:46.165732,34.0181,-5.0078,21.95,22.11,73.0,1009.0,3.6,330.0,40.0,Clouds,scattered clouds,2.0,3.08,6.05,0.27,85.22,0.2,103.87,13.0,1.0,28.0,4.0,2
29,Marrakech,2026-04-28 13:49:42.781125,31.6295,-7.9811,19.98,19.94,73.0,1011.0,2.57,280.0,75.0,Clouds,broken clouds,2.0,2.96,7.34,0.67,90.3,0.52,108.75,13.0,1.0,28.0,4.0,3
29,Rabat,2026-04-28 13:49:39.253180,34.0209,-6.8416,22.37,22.7,78.0,1010.0,3.6,270.0,0.0,Clear,clear sky,2.0,3.41,7.93,0.95,96.26,2.16,112.65,13.0,1.0,28.0,4.0,4
29,Tanger,2026-04-28 13:49:49.950405,35.7595,-5.834,20.74,20.78,73.0,1010.0,4.63,270.0,75.0,Clouds,broken clouds,3.0,7.83,15.86,0.93,110.48,3.67,122.94,13.0,1.0,28.0,4.0,5
30,Agadir,2026-04-28 15:28:43.554925,30.4278,-9.5981,23.06,23.22,69.0,1011.0,6.02,272.0,32.0,Clouds,scattered clouds,2.0,3.2,5.13,0.18,98.47,0.19,115.7,15.0,1.0,28.0,4.0,0
30,Casablanca,2026-04-28 15:28:26.556177,33.5731,-7.5898,20.01,20.08,77.0,1010.0,4.12,330.0,75.0,Clouds,broken clouds,3.0,3.06,7.61,0.45,100.05,0.99,112.77,15.0,1.0,28.0,4.0,1
30,Fes,2026-04-28 15:28:36.692299,34.0181,-5.0078,22.95,22.97,64.0,1008.0,3.09,320.0,75.0,Clouds,broken clouds,2.0,4.48,10.14,0.17,89.34,0.22,99.81,15.0,1.0,28.0,4.0,2
30,Marrakech,2026-04-28 15:28:33.313671,31.6295,-7.9811,20.98,20.91,68.0,1010.0,2.57,310.0,75.0,Clouds,broken clouds,2.0,3.37,8.2,0.5,91.45,0.56,107.29,15.0,1.0,28.0,4.0,3
30,Rabat,2026-04-28 15:28:29.932914,34.0209,-6.8416,22.37,22.57,73.0,1010.0,4.12,270.0,75.0,Clouds,broken clouds,2.0,2.78,6.55,0.81,96.68,1.99,110.92,15.0,1.0,28.0,4.0,4
30,Tanger,2026-04-28 15:28:39.970432,35.7595,-5.834,20.74,20.91,78.0,1010.0,3.09,240.0,75.0,Clouds,broken clouds,3.0,8.04,14.81,0.83,112.74,3.59,123.7,15.0,1.0,28.0,4.0,5
31,Agadir,2026-04-28 16:29:02.352102,30.4278,-9.5981,22.06,22.04,66.0,1010.0,6.88,275.0,30.0,Clouds,scattered clouds,2.0,3.49,5.58,0.19,98.9,0.2,115.66,16.0,1.0,28.0,4.0,0
31,Casablanca,2026-04-28 16:28:45.660768,33.5731,-7.5898,19.01,19.11,82.0,1010.0,4.63,330.0,75.0,Clouds,broken clouds,3.0,3.61,8.23,0.44,100.55,1.1,112.24,16.0,1.0,28.0,4.0,1
31,Fes,2026-04-28 16:28:55.662790,34.0181,-5.0078,22.95,22.87,60.0,1007.0,3.09,340.0,75.0,Rain,light rain,2.0,4.15,9.05,0.19,88.58,0.22,99.96,16.0,1.0,28.0,4.0,2
31,Marrakech,2026-04-28 16:28:52.212329,31.6295,-7.9811,21.98,21.9,64.0,1009.0,2.57,250.0,75.0,Clouds,broken clouds,2.0,3.51,8.49,0.44,91.45,0.61,106.27,16.0,1.0,28.0,4.0,3
31,Rabat,2026-04-28 16:28:48.925143,34.0209,-6.8416,21.37,21.6,78.0,1009.0,3.6,300.0,75.0,Clouds,broken clouds,2.0,3.24,7.01,0.95,97.69,2.52,110.4,16.0,1.0,28.0,4.0,4
31,Tanger,2026-04-28 16:28:59.073379,35.7595,-5.834,19.74,19.94,83.0,1009.0,3.09,260.0,75.0,Clouds,broken clouds,3.0,8.71,16.72,0.67,113.98,3.05,122.9,16.0,1.0,28.0,4.0,5
32,Agadir,2026-04-28 17:19:54.269928,30.4278,-9.5981,21.06,20.92,65.0,1010.0,8.05,289.0,23.0,Clouds,few clouds,2.0,3.65,5.76,0.21,99.82,0.2,115.64,17.0,1.0,28.0,4.0,0
32,Casablanca,2026-04-28 17:19:37.016055,33.5731,-7.5898,18.95,18.91,77.0,1010.0,3.09,330.0,75.0,Clouds,broken clouds,3.0,4.72,9.5,0.58,101.28,1.36,112.82,17.0,1.0,28.0,4.0,1
32,Fes,2026-04-28 17:19:47.572215,34.0181,-5.0078,22.97,22.99,64.0,1007.0,4.12,330.0,75.0,Rain,light rain,2.0,3.75,7.81,0.27,88.25,0.22,100.92,17.0,1.0,28.0,4.0,2
32,Marrakech,2026-04-28 17:19:44.164609,31.6295,-7.9811,20.97,20.9,68.0,1008.0,3.09,210.0,75.0,Clouds,broken clouds,2.0,3.6,8.33,0.52,92.75,0.66,107.7,17.0,1.0,28.0,4.0,3
32,Rabat,2026-04-28 17:19:40.935026,34.0209,-6.8416,20.37,20.76,88.0,1009.0,3.6,300.0,75.0,Clouds,broken clouds,2.0,4.37,8.2,1.47,98.48,3.15,111.92,17.0,1.0,28.0,4.0,4
32,Tanger,2026-04-28 17:19:51.046966,35.7595,-5.834,18.74,18.97,88.0,1009.0,2.06,250.0,75.0,Clouds,broken clouds,3.0,8.91,18.42,0.65,113.26,2.32,121.97,17.0,1.0,28.0,4.0,5
33,Agadir,2026-04-28 18:20:13.564077,30.4278,-9.5981,22.06,22.02,65.0,1010.0,7.44,293.0,18.0,Clouds,few clouds,3.0,3.85,6.05,0.24,100.52,0.21,115.64,18.0,1.0,28.0,4.0,0
33,Casablanca,2026-04-28 18:19:56.599408,33.5731,-7.5898,18.95,18.91,77.0,1010.0,3.6,320.0,75.0,Clouds,broken clouds,3.0,6.21,11.57,0.81,101.05,1.67,113.49,18.0,1.0,28.0,4.0,1
33,Fes,2026-04-28 18:20:07.124533,34.0181,-5.0078,22.95,22.97,64.0,1008.0,4.12,340.0,75.0,Rain,light rain,2.0,3.38,6.72,0.41,86.87,0.23,101.74,18.0,1.0,28.0,4.0,2
33,Marrakech,2026-04-28 18:20:03.697763,31.6295,-7.9811,20.98,20.8,64.0,1008.0,2.57,240.0,75.0,Clouds,broken clouds,2.0,3.48,7.68,0.72,92.4,0.67,108.31,18.0,1.0,28.0,4.0,3
33,Rabat,2026-04-28 18:19:59.829622,34.0209,-6.8416,19.37,19.82,94.0,1009.0,3.09,300.0,75.0,Clouds,broken clouds,2.0,5.96,10.37,2.07,98.18,3.54,113.52,18.0,1.0,28.0,4.0,4
33,Tanger,2026-04-28 18:20:10.341589,35.7595,-5.834,19.74,19.94,83.0,1009.0,2.06,260.0,75.0,Clouds,broken clouds,3.0,9.08,19.97,0.77,111.19,1.78,121.34,18.0,1.0,28.0,4.0,5
34,Agadir,2026-04-28 19:20:43.743168,30.4278,-9.5981,20.06,19.87,67.0,1010.0,6.73,292.0,14.0,Clouds,few clouds,3.0,4.11,6.55,0.25,101.68,0.22,115.91,19.0,1.0,28.0,4.0,0
34,Casablanca,2026-04-28 19:20:17.657223,33.5731,-7.5898,18.95,18.91,77.0,1010.0,3.09,330.0,75.0,Clouds,broken clouds,3.0,7.47,13.49,1.05,100.08,1.94,114.25,19.0,1.0,28.0,4.0,1
34,Fes,2026-04-28 19:20:27.665902,34.0181,-5.0078,20.95,21.01,73.0,1009.0,4.12,340.0,75.0,Rain,light rain,2.0,3.08,5.9,0.58,85.2,0.24,102.57,19.0,1.0,28.0,4.0,2
34,Marrakech,2026-04-28 19:20:24.267559,31.6295,-7.9811,19.98,19.81,68.0,1009.0,3.09,240.0,75.0,Clouds,broken clouds,2.0,3.24,7.02,0.95,91.25,0.64,108.92,19.0,1.0,28.0,4.0,3
34,Rabat,2026-04-28 19:20:20.934856,34.0209,-6.8416,19.35,19.64,88.0,1010.0,2.57,280.0,100.0,Clouds,overcast clouds,2.0,7.35,12.6,2.49,97.66,3.62,114.7,19.0,1.0,28.0,4.0,4
34,Tanger,2026-04-28 19:20:31.044846,35.7595,-5.834,18.74,18.97,88.0,1009.0,1.54,250.0,75.0,Clouds,broken clouds,3.0,9.53,21.44,0.94,109.27,1.53,120.72,19.0,1.0,28.0,4.0,5
35,Agadir,2026-04-28 20:21:03.163607,30.4278,-9.5981,19.06,18.9,72.0,1010.0,5.93,292.0,0.0,Clear,clear sky,3.0,4.32,6.94,0.25,102.19,0.23,116.5,20.0,1.0,28.0,4.0,0
35,Casablanca,2026-04-28 20:20:46.002527,33.5731,-7.5898,18.44,18.43,80.0,1011.0,2.68,330.0,75.0,Clouds,broken clouds,2.0,8.19,14.96,1.28,97.7,2.13,113.72,20.0,1.0,28.0,4.0,1
35,Fes,2026-04-28 20:20:56.631316,34.0181,-5.0078,19.97,20.03,77.0,1010.0,3.6,330.0,75.0,Rain,moderate rain,2.0,2.92,5.33,1.15,74.82,0.26,102.01,20.0,1.0,28.0,4.0,2
35,Marrakech,2026-04-28 20:20:53.279475,31.6295,-7.9811,19.97,19.8,68.0,1009.0,2.06,250.0,75.0,Clouds,broken clouds,2.0,2.91,6.57,1.15,88.88,0.59,108.72,20.0,1.0,28.0,4.0,3
35,Rabat,2026-04-28 20:20:50.008832,34.0209,-6.8416,18.37,18.72,94.0,1010.0,1.54,260.0,100.0,Clouds,overcast clouds,2.0,8.13,14.43,2.71,95.17,3.5,114.3,20.0,1.0,28.0,4.0,4
35,Tanger,2026-04-28 20:20:59.861122,35.7595,-5.834,18.74,18.97,88.0,1009.0,1.54,270.0,75.0,Clouds,broken clouds,3.0,9.93,22.29,1.13,106.81,1.44,120.18,20.0,1.0,28.0,4.0,5
36,Agadir,2026-04-28 21:38:39.469258,30.4278,-9.5981,19.06,19.14,81.0,1012.0,4.85,307.0,0.0,Clear,clear sky,3.0,4.53,7.69,0.24,101.88,0.26,116.4,21.0,1.0,28.0,4.0,0
36,Casablanca,,33.5731,-7.5898,19.185000000000002,19.015,71.0,1011.0,3.24,321.5,70.0,Clouds,broken clouds,2.0,6.275,13.305,0.845,96.93,1.9649999999999999,111.4,14.555891238670695,2.881168177240685,13.362537764350453,4.628398791540786,1
36,Fes,2026-04-28 21:38:33.035686,34.0181,-5.0078,18.95,19.2,88.0,1011.0,2.57,320.0,75.0,Clouds,broken clouds,1.0,2.88,4.94,2.01,54.47,0.27,103.02,21.0,1.0,28.0,4.0,2
36,Marrakech,2026-04-28 21:38:29.799983,31.6295,-7.9811,19.98,19.81,68.0,1011.0,2.06,240.0,75.0,Clouds,broken clouds,2.0,3.13,7.57,1.38,86.47,0.57,110.84,21.0,1.0,28.0,4.0,3
36,Rabat,2026-04-28 21:38:26.265516,34.0209,-6.8416,18.37,18.72,94.0,1011.0,2.06,270.0,100.0,Clouds,overcast clouds,2.0,8.32,16.18,2.58,91.42,3.12,115.57,21.0,1.0,28.0,4.0,4
36,Tanger,2026-04-28 21:38:36.248571,35.7595,-5.834,18.83,19.07,88.0,1010.0,2.06,250.0,75.0,Clouds,broken clouds,3.0,10.29,22.67,1.24,102.78,1.32,120.55,21.0,1.0,28.0,4.0,5
37,Agadir,2026-04-29 14:13:04.500721,30.4278,-9.5981,24.06,24.32,69.0,1011.0,4.94,282.0,62.0,Clouds,broken clouds,2.0,3.59,7.93,0.13,95.55,0.28,114.75,14.0,2.0,29.0,4.0,0
37,Casablanca,2026-04-29 14:12:47.795559,33.5731,-7.5898,19.93,19.6,62.0,1011.0,3.8,313.0,65.0,Clouds,broken clouds,2.0,4.36,11.65,0.41,96.16,1.8,109.08,14.0,2.0,29.0,4.0,1
37,Fes,2026-04-29 14:12:57.943960,34.0181,-5.0078,18.95,19.36,94.0,1010.0,1.54,360.0,75.0,Rain,light rain,2.0,2.33,3.53,0.27,79.73,0.25,102.67,14.0,2.0,29.0,4.0,2
37,Marrakech,2026-04-29 14:12:54.657074,31.6295,-7.9811,19.98,19.94,73.0,1010.0,3.09,320.0,75.0,Clouds,broken clouds,2.0,2.74,7.62,0.24,93.16,0.25,105.82,14.0,2.0,29.0,4.0,3
37,Rabat,2026-04-29 14:12:51.212089,34.0209,-6.8416,20.37,20.47,77.0,1011.0,2.57,290.0,75.0,Clouds,broken clouds,2.0,4.62,7.72,0.79,99.98,3.66,109.21,14.0,2.0,29.0,4.0,4
37,Tanger,2026-04-29 14:13:01.207154,35.7595,-5.834,18.74,18.68,77.0,1011.0,3.09,260.0,75.0,Clouds,broken clouds,3.0,3.2,6.95,0.4,101.13,0.92,116.53,14.0,2.0,29.0,4.0,5
38,Agadir,2026-04-29 15:13:22.794783,30.4278,-9.5981,26.06,26.06,66.0,1010.0,6.3,281.0,46.0,Clouds,scattered clouds,2.0,2.86,6.17,0.13,95.98,0.31,113.88,15.0,2.0,29.0,4.0,0
38,Casablanca,2026-04-29 15:13:06.259124,33.5731,-7.5898,19.93,19.81,70.0,1012.0,4.44,322.0,76.0,Clouds,broken clouds,2.0,3.99,9.42,0.54,96.46,2.14,108.14,15.0,2.0,29.0,4.0,1
38,Fes,2026-04-29 15:13:16.199799,34.0181,-5.0078,19.95,20.14,82.0,1010.0,3.6,330.0,75.0,Rain,light rain,2.0,3.03,4.74,0.27,82.54,0.39,102.07,15.0,2.0,29.0,4.0,2
38,Marrakech,2026-04-29 15:13:12.964941,31.6295,-7.9811,20.98,20.91,68.0,1009.0,2.06,310.0,75.0,Clouds,broken clouds,2.0,2.35,6.51,0.22,94.75,0.19,103.33,15.0,2.0,29.0,4.0,3
38,Rabat,2026-04-29 15:13:09.746028,34.0209,-6.8416,20.37,20.63,83.0,1012.0,2.06,300.0,75.0,Clouds,broken clouds,2.0,4.3,6.84,1.1,97.38,3.51,109.32,15.0,2.0,29.0,4.0,4
38,Tanger,2026-04-29 15:13:19.509746,35.7595,-5.834,18.74,18.68,77.0,1011.0,3.6,270.0,75.0,Clouds,broken clouds,3.0,3.16,5.5,0.36,100.92,0.72,117.37,15.0,2.0,29.0,4.0,5
39,Agadir,2026-04-29 16:13:41.464005,30.4278,-9.5981,25.06,25.34,66.0,1010.0,7.45,285.0,29.0,Clouds,scattered clouds,2.0,2.77,6.12,0.13,95.71,0.3,113.84,16.0,2.0,29.0,4.0,0
39,Casablanca,2026-04-29 16:13:24.882897,33.5731,-7.5898,20.01,19.84,68.0,1011.0,2.57,20.0,40.0,Clouds,scattered clouds,2.0,3.82,9.17,0.57,96.34,2.25,106.98,16.0,2.0,29.0,4.0,1
39,Fes,2026-04-29 16:13:34.794211,34.0181,-5.0078,19.95,20.14,82.0,1010.0,4.12,310.0,75.0,Clouds,broken clouds,2.0,3.36,4.85,0.28,83.76,0.5,102.23,16.0,2.0,29.0,4.0,2
39,Marrakech,2026-04-29 16:13:31.501656,31.6295,-7.9811,21.98,21.9,64.0,1009.0,2.06,330.0,75.0,Clouds,broken clouds,2.0,2.56,6.87,0.25,93.85,0.26,102.14,16.0,2.0,29.0,4.0,3
39,Rabat,2026-04-29 16:13:28.250138,34.0209,-6.8416,21.37,21.6,78.0,1012.0,2.57,310.0,75.0,Clouds,broken clouds,2.0,4.38,6.94,1.12,98.33,3.46,108.9,16.0,2.0,29.0,4.0,4
39,Tanger,2026-04-29 16:13:38.090447,35.7595,-5.834,18.74,18.68,77.0,1011.0,3.09,280.0,75.0,Clouds,broken clouds,2.0,2.78,5.01,0.36,99.96,0.67,115.63,16.0,2.0,29.0,4.0,5
40,Agadir,2026-04-29 17:14:01.390825,30.4278,-9.5981,25.06,25.32,65.0,1009.0,7.48,290.0,20.0,Clouds,few clouds,2.0,2.53,5.86,0.14,95.47,0.28,113.56,17.0,2.0,29.0,4.0,0
40,Casablanca,2026-04-29 17:13:44.185338,33.5731,-7.5898,19.99,19.82,68.0,1011.0,2.24,20.0,72.0,Clouds,broken clouds,2.0,3.81,9.37,0.71,96.94,2.61,106.99,17.0,2.0,29.0,4.0,1
40,Fes,2026-04-29 17:13:54.428255,34.0181,-5.0078,19.97,20.16,82.0,1010.0,4.12,310.0,75.0,Clouds,broken clouds,2.0,3.87,5.13,0.41,83.63,0.66,103.03,17.0,2.0,29.0,4.0,2
40,Marrakech,2026-04-29 17:13:51.044732,31.6295,-7.9811,21.98,21.9,64.0,1009.0,2.06,0.0,75.0,Clouds,broken clouds,2.0,3.0,7.83,0.34,94.78,0.38,103.89,17.0,2.0,29.0,4.0,3
40,Rabat,2026-04-29 17:13:47.441033,34.0209,-6.8416,20.35,20.45,77.0,1011.0,3.09,300.0,40.0,Clouds,scattered clouds,2.0,4.38,7.28,1.42,97.84,3.51,108.92,17.0,2.0,29.0,4.0,4
40,Tanger,2026-04-29 17:13:57.890947,35.7595,-5.834,18.74,18.68,77.0,1011.0,3.6,300.0,40.0,Clouds,scattered clouds,2.0,2.46,4.65,0.39,98.97,0.64,114.02,17.0,2.0,29.0,4.0,5
41,Agadir,2026-04-29 18:14:20.563662,30.4278,-9.5981,24.06,24.22,65.0,1010.0,7.59,291.0,15.0,Clouds,few clouds,2.0,2.31,5.62,0.17,95.02,0.27,113.04,18.0,2.0,29.0,4.0,0
41,Casablanca,2026-04-29 18:14:03.447677,33.5731,-7.5898,19.99,19.82,68.0,1011.0,2.68,30.0,72.0,Clouds,broken clouds,2.0,3.91,9.96,0.93,97.15,3.17,107.05,18.0,2.0,29.0,4.0,1
41,Fes,2026-04-29 18:14:13.686162,34.0181,-5.0078,18.95,19.2,88.0,1010.0,3.6,290.0,75.0,Clouds,broken clouds,2.0,4.4,5.5,0.68,81.33,0.79,103.99,18.0,2.0,29.0,4.0,2
41,Marrakech,2026-04-29 18:14:10.313483,31.6295,-7.9811,21.96,21.78,60.0,1008.0,2.06,330.0,75.0,Clouds,broken clouds,2.0,3.58,9.25,0.5,95.11,0.56,105.34,18.0,2.0,29.0,4.0,3
41,Rabat,2026-04-29 18:14:06.766471,34.0209,-6.8416,20.37,20.47,77.0,1011.0,2.57,330.0,40.0,Clouds,scattered clouds,2.0,4.32,7.77,2.04,95.73,3.69,109.37,18.0,2.0,29.0,4.0,4
41,Tanger,2026-04-29 18:14:17.067403,35.7595,-5.834,18.74,18.55,72.0,1011.0,1.54,280.0,40.0,Clouds,scattered clouds,2.0,2.27,4.5,0.48,98.33,0.64,112.91,18.0,2.0,29.0,4.0,5
42,Agadir,2026-04-29 19:14:38.774118,30.4278,-9.5981,21.06,20.97,67.0,1010.0,6.66,295.0,12.0,Clouds,few clouds,2.0,2.15,5.4,0.19,94.81,0.27,112.52,19.0,2.0,29.0,4.0,0
42,Casablanca,2026-04-29 19:14:22.492536,33.5731,-7.5898,18.95,18.78,72.0,1012.0,2.57,30.0,40.0,Clouds,scattered clouds,2.0,3.96,10.41,1.21,96.62,3.66,107.36,19.0,2.0,29.0,4.0,1
42,Fes,2026-04-29 19:14:32.299946,34.0181,-5.0078,17.95,18.26,94.0,1011.0,3.6,300.0,75.0,Clouds,broken clouds,2.0,4.62,5.65,0.99,78.82,0.82,104.64,19.0,2.0,29.0,4.0,2
42,Marrakech,2026-04-29 19:14:29.076425,31.6295,-7.9811,21.98,21.9,64.0,1009.0,2.06,90.0,75.0,Clouds,broken clouds,2.0,4.04,10.63,0.69,94.5,0.74,106.29,19.0,2.0,29.0,4.0,3
42,Rabat,2026-04-29 19:14:25.811442,34.0209,-6.8416,19.37,19.5,82.0,1012.0,2.57,350.0,40.0,Clouds,scattered clouds,2.0,4.2,8.09,2.6,93.25,3.78,109.82,19.0,2.0,29.0,4.0,4
42,Tanger,2026-04-29 19:14:35.521666,35.7595,-5.834,17.74,17.58,77.0,1012.0,3.09,290.0,20.0,Clouds,few clouds,2.0,2.17,4.5,0.59,97.46,0.68,112.43,19.0,2.0,29.0,4.0,5
43,Agadir,2026-04-29 20:14:59.413948,30.4278,-9.5981,19.06,18.88,71.0,1010.0,6.07,295.0,1.0,Clear,clear sky,2.0,2.03,5.46,0.2,94.41,0.27,111.78,20.0,2.0,29.0,4.0,0
43,Casablanca,2026-04-29 20:14:41.783422,33.5731,-7.5898,18.44,18.3,75.0,1013.0,2.57,40.0,40.0,Clouds,scattered clouds,2.0,3.95,10.83,1.71,94.0,4.0,107.85,20.0,2.0,29.0,4.0,1
43,Fes,2026-04-29 20:14:52.429349,34.0181,-5.0078,16.95,17.31,100.0,1011.0,2.57,280.0,75.0,Clouds,broken clouds,2.0,4.64,5.67,1.51,73.7,0.79,104.83,20.0,2.0,29.0,4.0,2
43,Marrakech,2026-04-29 20:14:48.944927,31.6295,-7.9811,20.98,20.91,68.0,1009.0,4.12,120.0,75.0,Clouds,broken clouds,2.0,4.2,11.48,0.98,91.16,0.84,105.6,20.0,2.0,29.0,4.0,3
43,Rabat,2026-04-29 20:14:45.387056,34.0209,-6.8416,18.37,18.56,88.0,1012.0,2.57,350.0,40.0,Clouds,scattered clouds,2.0,4.09,8.26,3.05,90.4,3.82,110.21,20.0,2.0,29.0,4.0,4
43,Tanger,2026-04-29 20:14:56.113958,35.7595,-5.834,16.74,16.61,82.0,1012.0,2.57,280.0,20.0,Clouds,few clouds,2.0,2.14,4.61,0.85,95.45,0.74,112.27,20.0,2.0,29.0,4.0,5
44,Agadir,2026-04-29 21:15:22.689301,30.4278,-9.5981,18.06,17.88,75.0,1011.0,4.23,302.0,50.0,Clouds,scattered clouds,2.0,2.03,5.78,0.2,94.53,0.28,111.65,21.0,2.0,29.0,4.0,0
44,Casablanca,2026-04-29 21:15:03.433332,33.5731,-7.5898,17.89,17.88,82.0,1014.0,2.06,40.0,97.0,Clouds,overcast clouds,2.0,4.01,11.48,2.12,90.99,4.15,109.56,21.0,2.0,29.0,4.0,1
44,Fes,2026-04-29 21:15:14.599022,34.0181,-5.0078,16.95,17.31,100.0,1013.0,3.09,280.0,75.0,Clouds,broken clouds,2.0,4.6,5.67,1.92,69.57,0.77,105.59,21.0,2.0,29.0,4.0,2
44,Marrakech,2026-04-29 21:15:11.321757,31.6295,-7.9811,19.98,19.81,68.0,1011.0,4.12,130.0,75.0,Clouds,broken clouds,2.0,4.24,12.12,1.19,89.07,0.84,106.56,21.0,2.0,29.0,4.0,3
44,Rabat,2026-04-29 21:15:07.944789,34.0209,-6.8416,18.37,18.56,88.0,1014.0,2.57,340.0,40.0,Clouds,scattered clouds,2.0,4.06,8.42,3.33,87.91,3.89,111.65,21.0,2.0,29.0,4.0,4
44,Tanger,2026-04-29 21:15:17.983771,35.7595,-5.834,15.74,15.67,88.0,1013.0,1.03,260.0,0.0,Clear,clear sky,2.0,2.15,4.77,1.0,93.25,0.77,112.78,21.0,2.0,29.0,4.0,5
45,Agadir,2026-04-29 22:15:43.484567,30.4278,-9.5981,18.06,18.01,80.0,1013.0,2.43,310.0,64.0,Clouds,broken clouds,2.0,2.02,5.91,0.19,94.88,0.29,111.52,22.0,2.0,29.0,4.0,0
45,Casablanca,2026-04-29 22:15:24.785813,33.5731,-7.5898,17.77,17.74,82.0,1014.0,1.79,40.0,96.0,Clouds,overcast clouds,2.0,4.1,12.01,2.29,88.84,4.24,111.45,22.0,2.0,29.0,4.0,1
45,Fes,2026-04-29 22:15:36.073231,34.0181,-5.0078,15.95,16.21,100.0,1014.0,2.06,280.0,75.0,Rain,light rain,2.0,4.53,5.68,2.19,67.07,0.75,106.35,22.0,2.0,29.0,4.0,2
45,Marrakech,2026-04-29 22:15:32.413470,31.6295,-7.9811,19.98,19.94,73.0,1012.0,3.6,120.0,75.0,Clouds,broken clouds,2.0,4.22,12.56,1.28,87.6,0.81,107.69,22.0,2.0,29.0,4.0,3
45,Rabat,2026-04-29 22:15:28.881664,34.0209,-6.8416,18.37,18.72,94.0,1014.0,2.57,330.0,40.0,Clouds,scattered clouds,2.0,4.03,8.49,3.44,86.0,3.98,112.85,22.0,2.0,29.0,4.0,4
45,Tanger,2026-04-29 22:15:39.923411,35.7595,-5.834,15.74,15.67,88.0,1014.0,0.51,0.0,0.0,Clear,clear sky,2.0,2.13,4.89,1.0,92.05,0.76,113.11,22.0,2.0,29.0,4.0,5
46,Agadir,2026-04-29 23:16:29.841742,30.4278,-9.5981,17.06,16.96,82.0,1014.0,1.47,319.0,74.0,Clouds,broken clouds,2.0,1.97,5.87,0.19,94.96,0.28,110.79,23.0,2.0,29.0,4.0,0
46,Casablanca,2026-04-29 23:15:50.726785,33.5731,-7.5898,17.77,17.74,82.0,1014.0,2.24,30.0,97.0,Clouds,overcast clouds,2.0,4.2,12.38,2.39,85.57,4.22,111.44,23.0,2.0,29.0,4.0,1
46,Fes,2026-04-29 23:16:03.780937,34.0181,-5.0078,16.95,17.31,100.0,1014.0,0.51,0.0,75.0,Clouds,broken clouds,2.0,4.45,5.67,2.4,63.96,0.7,106.02,23.0,2.0,29.0,4.0,2
46,Marrakech,2026-04-29 23:15:59.602029,31.6295,-7.9811,19.98,19.94,73.0,1012.0,2.57,120.0,75.0,Clouds,broken clouds,2.0,4.02,12.39,1.27,84.88,0.75,106.36,23.0,2.0,29.0,4.0,3
46,Rabat,2026-04-29 23:15:53.936489,34.0209,-6.8416,17.37,17.62,94.0,1015.0,2.06,360.0,40.0,Clouds,scattered clouds,2.0,3.97,8.39,3.42,83.37,4.0,112.59,23.0,2.0,29.0,4.0,4
46,Tanger,2026-04-29 23:16:07.689300,35.7595,-5.834,14.74,14.57,88.0,1015.0,1.03,0.0,0.0,Clear,clear sky,2.0,2.09,4.93,1.0,90.88,0.74,112.76,23.0,2.0,29.0,4.0,5
47,Agadir,2026-04-30 00:16:49.340804,30.4278,-9.5981,17.06,16.94,81.0,1014.0,1.27,350.0,67.0,Clouds,broken clouds,2.0,1.92,5.86,0.18,95.0,0.26,110.56,0.0,3.0,30.0,4.0,0
47,Casablanca,2026-04-30 00:16:32.273526,33.5731,-7.5898,16.84,16.88,88.0,1014.0,1.54,80.0,84.0,Clouds,broken clouds,2.0,4.4,12.92,2.42,83.44,3.91,112.42,0.0,3.0,30.0,4.0,1
47,Fes,2026-04-30 00:16:42.518801,34.0181,-5.0078,16.95,17.31,100.0,1014.0,2.06,280.0,75.0,Clouds,broken clouds,1.0,4.43,5.69,2.5,59.49,0.6,105.96,0.0,3.0,30.0,4.0,2
47,Marrakech,2026-04-30 00:16:39.310497,31.6295,-7.9811,17.98,17.84,77.0,1012.0,2.06,50.0,40.0,Clouds,scattered clouds,2.0,3.95,12.52,1.18,84.4,0.7,106.85,0.0,3.0,30.0,4.0,3
47,Rabat,2026-04-30 00:16:36.113108,34.0209,-6.8416,17.37,17.62,94.0,1015.0,0.0,0.0,40.0,Clouds,scattered clouds,2.0,4.01,8.37,3.35,81.51,4.08,113.14,0.0,3.0,30.0,4.0,4
47,Tanger,2026-04-30 00:16:45.733356,35.7595,-5.834,13.74,13.62,94.0,1015.0,1.03,0.0,0.0,Clear,clear sky,2.0,2.04,4.93,0.94,90.44,0.73,112.43,0.0,3.0,30.0,4.0,5
48,Agadir,2026-04-30 09:05:15.126786,30.4278,-9.5981,17.06,16.96,82.0,1016.0,0.62,62.0,100.0,Clouds,overcast clouds,2.0,1.56,4.9,0.3,94.41,0.28,110.69,9.0,3.0,30.0,4.0,0
48,Casablanca,2026-04-30 09:04:58.886555,33.5731,-7.5898,17.89,17.75,77.0,1016.0,2.57,90.0,75.0,Clouds,broken clouds,2.0,6.59,17.71,3.52,64.66,1.98,113.51,9.0,3.0,30.0,4.0,1
48,Fes,2026-04-30 09:05:08.530583,34.0181,-5.0078,16.95,17.31,100.0,1016.0,1.54,330.0,75.0,Clouds,broken clouds,1.0,3.03,5.44,1.93,43.63,0.18,100.52,9.0,3.0,30.0,4.0,2
48,Marrakech,2026-04-30 09:05:05.317879,31.6295,-7.9811,14.98,14.83,88.0,1015.0,2.57,250.0,100.0,Clouds,overcast clouds,2.0,4.2,13.72,2.75,69.68,0.46,108.83,9.0,3.0,30.0,4.0,3
48,Rabat,2026-04-30 09:05:02.109649,34.0209,-6.8416,16.37,16.67,100.0,1016.0,2.57,30.0,75.0,Clouds,broken clouds,2.0,4.57,9.13,5.24,61.88,3.54,111.79,9.0,3.0,30.0,4.0,4
48,Tanger,2026-04-30 09:05:11.774036,35.7595,-5.834,15.74,15.82,94.0,1017.0,1.03,0.0,0.0,Clear,clear sky,2.0,2.1,5.24,1.33,88.08,1.19,112.51,9.0,3.0,30.0,4.0,5
49,Agadir,2026-04-30 10:05:33.796145,30.4278,-9.5981,19.06,19.03,77.0,1016.0,1.35,133.0,100.0,Clouds,overcast clouds,2.0,1.48,4.65,0.27,93.71,0.27,110.7,10.0,3.0,30.0,4.0,0
49,Casablanca,2026-04-30 10:05:17.021087,33.5731,-7.5898,18.95,18.78,72.0,1016.0,2.57,90.0,75.0,Clouds,broken clouds,2.0,6.81,17.96,3.71,64.95,2.52,112.96,10.0,3.0,30.0,4.0,1
49,Fes,2026-04-30 10:05:27.251732,34.0181,-5.0078,16.95,17.31,100.0,1016.0,2.06,10.0,75.0,Clouds,broken clouds,1.0,2.95,5.61,1.76,47.77,0.19,99.94,10.0,3.0,30.0,4.0,2
49,Marrakech,2026-04-30 10:05:23.872336,31.6295,-7.9811,15.98,15.93,88.0,1015.0,2.57,250.0,100.0,Clouds,overcast clouds,2.0,4.2,13.55,2.89,70.72,0.5,108.94,10.0,3.0,30.0,4.0,3
49,Rabat,2026-04-30 10:05:20.596038,34.0209,-6.8416,18.37,18.56,88.0,1016.0,2.57,360.0,75.0,Clouds,broken clouds,2.0,4.72,9.4,5.26,63.09,4.37,111.61,10.0,3.0,30.0,4.0,4
49,Tanger,2026-04-30 10:05:30.505670,35.7595,-5.834,17.74,17.45,72.0,1016.0,3.09,330.0,0.0,Clear,clear sky,2.0,2.12,5.24,1.16,89.78,1.31,112.12,10.0,3.0,30.0,4.0,5
51,Agadir,2026-04-30 12:07:53.676812,30.4278,-9.5981,20.06,20.05,74.0,1016.0,2.36,283.0,100.0,Clouds,overcast clouds,2.0,1.67,5.16,0.19,91.3,0.31,109.8,12.0,3.0,30.0,4.0,0
51,Casablanca,2026-04-30 12:07:37.695656,33.5731,-7.5898,20.01,19.97,73.0,1016.0,3.09,50.0,40.0,Clouds,scattered clouds,2.0,7.74,18.92,2.82,79.16,5.83,110.12,12.0,3.0,30.0,4.0,1
51,Fes,2026-04-30 12:07:47.273881,34.0181,-5.0078,18.99,19.09,82.0,1015.0,2.06,60.0,75.0,Clouds,broken clouds,2.0,2.61,5.59,0.7,76.75,0.18,102.05,12.0,3.0,30.0,4.0,2
51,Marrakech,2026-04-30 12:07:44.066274,31.6295,-7.9811,17.98,17.84,77.0,1015.0,1.54,280.0,100.0,Clouds,overcast clouds,2.0,3.94,12.35,1.62,82.56,0.45,106.97,12.0,3.0,30.0,4.0,3
51,Rabat,2026-04-30 12:07:40.884071,34.0209,-6.8416,21.37,21.34,68.0,1016.0,2.57,360.0,75.0,Clouds,broken clouds,2.0,5.02,9.35,3.67,78.73,5.86,110.61,12.0,3.0,30.0,4.0,4
51,Tanger,2026-04-30 12:07:50.493328,35.7595,-5.834,19.77,19.26,56.0,1017.0,5.14,320.0,0.0,Clear,clear sky,2.0,2.18,5.16,0.73,96.71,1.41,111.01,12.0,3.0,30.0,4.0,5
52,Agadir,2026-04-30 13:18:11.850864,30.4278,-9.5981,22.06,22.2,72.0,1016.0,3.57,292.0,98.0,Clouds,overcast clouds,2.0,1.85,5.56,0.17,90.32,0.35,109.47,13.0,3.0,30.0,4.0,0
52,Casablanca,2026-04-30 13:17:55.191192,33.5731,-7.5898,22.93,23.0,66.0,1016.0,4.37,2.0,100.0,Clouds,overcast clouds,2.0,8.04,19.22,2.56,82.09,6.6,109.2,13.0,3.0,30.0,4.0,1
52,Fes,2026-04-30 13:18:05.199518,34.0181,-5.0078,19.95,20.14,82.0,1014.0,1.54,0.0,75.0,Rain,light rain,2.0,2.53,5.0,0.63,77.49,0.17,102.27,13.0,3.0,30.0,4.0,2
52,Marrakech,2026-04-30 13:18:01.981393,31.6295,-7.9811,16.98,17.03,88.0,1015.0,3.09,270.0,100.0,Clouds,overcast clouds,2.0,4.23,12.93,0.96,86.34,0.4,105.43,13.0,3.0,30.0,4.0,3
52,Rabat,2026-04-30 13:17:58.556201,34.0209,-6.8416,20.37,20.13,64.0,1016.0,4.63,340.0,75.0,Clouds,broken clouds,2.0,5.25,9.46,3.15,81.95,6.23,109.57,13.0,3.0,30.0,4.0,4
52,Tanger,2026-04-30 13:18:08.419331,35.7595,-5.834,19.74,19.23,56.0,1016.0,4.12,320.0,0.0,Clear,clear sky,3.0,2.32,5.33,0.63,100.38,1.48,110.64,13.0,3.0,30.0,4.0,5
53,Agadir,2026-04-30 14:36:10.191568,30.4278,-9.5981,24.06,24.35,70.0,1016.0,6.05,272.0,45.0,Clouds,scattered clouds,2.0,1.38,4.04,0.11,94.47,0.24,108.84,14.0,3.0,30.0,4.0,0
53,Casablanca,2026-04-30 14:35:53.410418,33.5731,-7.5898,20.78,20.48,60.0,1016.0,4.12,30.0,40.0,Clouds,scattered clouds,2.0,6.37,13.21,1.14,94.3,4.81,107.16,14.0,3.0,30.0,4.0,1
53,Fes,2026-04-30 14:36:03.615084,34.0181,-5.0078,19.95,20.14,82.0,1014.0,3.6,310.0,75.0,Clouds,broken clouds,2.0,1.99,3.64,0.53,80.66,0.2,101.09,14.0,3.0,30.0,4.0,2
53,Marrakech,2026-04-30 14:36:00.141351,31.6295,-7.9811,21.98,22.01,68.0,1014.0,1.54,0.0,75.0,Clouds,broken clouds,2.0,2.19,6.27,0.26,99.08,0.29,103.12,14.0,3.0,30.0,4.0,3
53,Rabat,2026-04-30 14:35:56.812766,34.0209,-6.8416,20.37,20.24,68.0,1016.0,5.14,350.0,75.0,Clouds,broken clouds,2.0,4.7,8.21,1.58,91.37,5.03,107.38,14.0,3.0,30.0,4.0,4
53,Tanger,2026-04-30 14:36:06.893226,35.7595,-5.834,19.74,19.44,64.0,1016.0,4.63,300.0,0.0,Clear,clear sky,3.0,2.75,6.01,0.5,109.42,1.63,109.99,14.0,3.0,30.0,4.0,5
54,Agadir,2026-04-30 15:36:29.586431,30.4278,-9.5981,24.06,24.43,73.0,1015.0,6.47,279.0,46.0,Clouds,scattered clouds,2.0,1.36,3.94,0.12,93.97,0.24,108.26,15.0,3.0,30.0,4.0,0
54,Casablanca,2026-04-30 15:36:12.739784,33.5731,-7.5898,21.01,20.73,60.0,1016.0,4.12,40.0,40.0,Clouds,scattered clouds,2.0,6.21,12.39,1.1,95.24,4.89,106.28,15.0,3.0,30.0,4.0,1
54,Fes,2026-04-30 15:36:22.955236,34.0181,-5.0078,19.95,20.01,77.0,1014.0,3.6,300.0,75.0,Clouds,broken clouds,2.0,1.91,3.26,0.51,80.75,0.22,101.2,15.0,3.0,30.0,4.0,2
54,Marrakech,2026-04-30 15:36:19.555637,31.6295,-7.9811,20.98,20.91,68.0,1014.0,1.54,50.0,75.0,Clouds,broken clouds,2.0,2.42,6.66,0.26,99.61,0.37,101.66,15.0,3.0,30.0,4.0,3
54,Rabat,2026-04-30 15:36:16.173041,34.0209,-6.8416,21.37,21.34,68.0,1016.0,4.63,350.0,40.0,Clouds,scattered clouds,2.0,4.48,7.81,1.54,92.41,4.82,106.69,15.0,3.0,30.0,4.0,4
54,Tanger,2026-04-30 15:36:26.312804,35.7595,-5.834,19.74,19.44,64.0,1016.0,4.63,290.0,0.0,Clear,clear sky,3.0,2.64,6.0,0.48,110.81,1.57,109.61,15.0,3.0,30.0,4.0,5
55,Agadir,2026-04-30 16:36:48.572343,30.4278,-9.5981,24.06,24.38,71.0,1015.0,7.27,288.0,42.0,Clouds,scattered clouds,2.0,1.29,3.72,0.13,94.2,0.23,108.26,16.0,3.0,30.0,4.0,0
55,Casablanca,2026-04-30 16:36:31.545822,33.5731,-7.5898,21.01,20.73,60.0,1016.0,4.12,40.0,40.0,Clouds,scattered clouds,2.0,5.81,10.9,1.3,95.29,5.01,106.16,16.0,3.0,30.0,4.0,1
55,Fes,2026-04-30 16:36:42.167395,34.0181,-5.0078,19.95,20.14,82.0,1014.0,2.57,310.0,75.0,Clouds,broken clouds,2.0,1.98,3.19,0.73,76.13,0.29,101.17,16.0,3.0,30.0,4.0,2
55,Marrakech,2026-04-30 16:36:38.955115,31.6295,-7.9811,22.98,22.9,60.0,1013.0,2.06,0.0,75.0,Clouds,broken clouds,2.0,3.02,7.84,0.36,99.59,0.51,102.56,16.0,3.0,30.0,4.0,3
55,Rabat,2026-04-30 16:36:35.360371,34.0209,-6.8416,20.35,20.22,68.0,1016.0,4.63,340.0,40.0,Clouds,scattered clouds,2.0,4.12,7.25,1.73,92.64,4.57,106.35,16.0,3.0,30.0,4.0,4
55,Tanger,2026-04-30 16:36:45.366343,35.7595,-5.834,20.74,20.44,60.0,1016.0,4.63,300.0,0.0,Clear,clear sky,3.0,2.51,5.95,0.51,111.61,1.5,109.45,16.0,3.0,30.0,4.0,5
56,Agadir,2026-04-30 17:37:08.430599,30.4278,-9.5981,23.06,23.22,69.0,1015.0,6.33,288.0,34.0,Clouds,scattered clouds,2.0,1.23,3.49,0.15,94.69,0.23,108.29,17.0,3.0,30.0,4.0,0
56,Casablanca,2026-04-30 17:36:51.018707,33.5731,-7.5898,20.01,19.63,60.0,1017.0,4.12,50.0,69.0,Clouds,broken clouds,2.0,5.25,9.65,1.66,94.22,5.0,106.11,17.0,3.0,30.0,4.0,1
56,Fes,2026-04-30 17:37:01.925317,34.0181,-5.0078,19.95,20.01,77.0,1014.0,2.57,310.0,75.0,Clouds,broken clouds,2.0,2.15,3.33,1.1,69.15,0.34,101.56,17.0,3.0,30.0,4.0,2
56,Marrakech,2026-04-30 17:36:58.704899,31.6295,-7.9811,24.27,23.8,40.0,1014.0,2.69,38.0,93.0,Clouds,overcast clouds,2.0,3.83,9.39,0.57,96.89,0.71,103.44,17.0,3.0,30.0,4.0,3
56,Rabat,2026-04-30 17:36:55.480781,34.0209,-6.8416,20.37,20.24,68.0,1017.0,3.6,350.0,40.0,Clouds,scattered clouds,2.0,3.73,6.69,2.12,92.94,4.42,106.96,17.0,3.0,30.0,4.0,4
56,Tanger,2026-04-30 17:37:05.153365,35.7595,-5.834,18.74,18.55,72.0,1016.0,3.09,310.0,0.0,Clear,clear sky,3.0,2.43,5.96,0.64,111.44,1.47,109.51,17.0,3.0,30.0,4.0,5
57,Agadir,2026-04-30 18:37:30.969626,30.4278,-9.5981,22.06,22.15,70.0,1015.0,6.24,296.0,26.0,Clouds,scattered clouds,2.0,1.2,3.38,0.17,95.42,0.23,108.59,18.0,3.0,30.0,4.0,0
57,Casablanca,2026-04-30 18:37:12.446024,33.5731,-7.5898,20.0,19.73,64.0,1017.0,3.6,60.0,20.0,Clouds,few clouds,2.0,4.68,8.84,1.99,93.14,4.94,106.83,18.0,3.0,30.0,4.0,1
57,Fes,2026-04-30 18:37:23.299060,34.0181,-5.0078,19.95,20.01,77.0,1015.0,2.57,320.0,75.0,Rain,light rain,2.0,2.25,3.46,1.37,64.11,0.36,102.11,18.0,3.0,30.0,4.0,2
57,Marrakech,2026-04-30 18:37:20.106448,31.6295,-7.9811,24.98,24.84,50.0,1014.0,2.06,0.0,75.0,Clouds,broken clouds,2.0,4.36,10.33,0.84,92.85,0.87,104.15,18.0,3.0,30.0,4.0,3
57,Rabat,2026-04-30 18:37:16.222673,34.0209,-6.8416,20.37,20.24,68.0,1017.0,3.6,320.0,40.0,Clouds,scattered clouds,2.0,3.26,6.03,2.49,92.65,4.3,108.01,18.0,3.0,30.0,4.0,4
57,Tanger,2026-04-30 18:37:26.513996,35.7595,-5.834,18.74,18.45,68.0,1016.0,3.6,320.0,0.0,Clear,clear sky,3.0,2.36,5.91,0.82,110.56,1.46,109.66,18.0,3.0,30.0,4.0,5
58,Agadir,2026-04-30 19:37:49.206214,30.4278,-9.5981,22.06,22.18,71.0,1016.0,3.6,293.0,0.0,Clear,clear sky,2.0,1.2,3.44,0.2,95.72,0.23,108.94,19.0,3.0,30.0,4.0,0
58,Casablanca,2026-04-30 19:37:32.868095,33.5731,-7.5898,18.95,18.68,68.0,1018.0,3.09,50.0,20.0,Clouds,few clouds,2.0,4.17,8.78,2.27,91.12,4.84,106.57,19.0,3.0,30.0,4.0,1
58,Fes,2026-04-30 19:37:42.673144,34.0181,-5.0078,19.95,20.01,77.0,1017.0,2.06,310.0,75.0,Clouds,broken clouds,1.0,2.26,3.48,1.71,58.29,0.38,101.12,19.0,3.0,30.0,4.0,2
58,Marrakech,2026-04-30 19:37:39.413122,31.6295,-7.9811,22.98,22.72,53.0,1015.0,1.03,0.0,40.0,Clouds,scattered clouds,2.0,4.49,10.53,1.23,86.73,0.93,103.42,19.0,3.0,30.0,4.0,3
58,Rabat,2026-04-30 19:37:36.116924,34.0209,-6.8416,19.37,19.14,68.0,1018.0,3.09,360.0,40.0,Clouds,scattered clouds,2.0,2.85,5.47,2.97,90.64,4.24,108.26,19.0,3.0,30.0,4.0,4
58,Tanger,2026-04-30 19:37:45.959761,35.7595,-5.834,18.74,18.45,68.0,1017.0,3.09,310.0,0.0,Clear,clear sky,3.0,2.35,5.94,1.32,106.19,1.38,110.38,19.0,3.0,30.0,4.0,5
59,Agadir,2026-04-30 20:38:07.674707,30.4278,-9.5981,20.06,20.16,78.0,1017.0,2.9,299.0,34.0,Clouds,scattered clouds,2.0,1.22,3.58,0.2,96.06,0.24,109.05,20.0,3.0,30.0,4.0,0
59,Casablanca,2026-04-30 20:37:51.344785,33.5731,-7.5898,17.89,17.61,72.0,1019.0,3.09,50.0,20.0,Clouds,few clouds,2.0,3.95,9.33,2.45,89.81,4.78,107.75,20.0,3.0,30.0,4.0,1
59,Fes,2026-04-30 20:38:01.184137,34.0181,-5.0078,18.95,19.04,82.0,1018.0,3.09,280.0,75.0,Clouds,broken clouds,1.0,2.29,3.52,1.96,53.56,0.38,100.84,20.0,3.0,30.0,4.0,2
59,Marrakech,2026-04-30 20:37:57.952491,31.6295,-7.9811,22.98,22.72,53.0,1017.0,2.57,150.0,40.0,Clouds,scattered clouds,2.0,4.48,10.65,1.53,82.56,0.91,104.42,20.0,3.0,30.0,4.0,3
59,Rabat,2026-04-30 20:37:54.666250,34.0209,-6.8416,17.37,17.17,77.0,1019.0,2.57,340.0,40.0,Clouds,scattered clouds,2.0,2.7,5.34,3.31,88.6,4.27,109.72,20.0,3.0,30.0,4.0,4
59,Tanger,2026-04-30 20:38:04.427031,35.7595,-5.834,17.74,17.35,68.0,1018.0,2.57,300.0,0.0,Clear,clear sky,3.0,2.38,6.04,1.73,101.6,1.3,111.68,20.0,3.0,30.0,4.0,5
60,Agadir,2026-04-30 21:38:26.495222,30.4278,-9.5981,18.06,18.01,80.0,1018.0,1.16,360.0,56.0,Clouds,broken clouds,2.0,1.23,3.71,0.19,96.86,0.25,109.17,21.0,3.0,30.0,4.0,0
60,Casablanca,2026-04-30 21:38:10.125978,33.5731,-7.5898,17.89,17.61,72.0,1020.0,3.09,70.0,35.0,Clouds,scattered clouds,2.0,3.86,9.76,2.52,88.94,4.57,109.13,21.0,3.0,30.0,4.0,1
60,Fes,2026-04-30 21:38:20.083643,34.0181,-5.0078,16.95,17.0,88.0,1018.0,3.6,300.0,75.0,Clouds,broken clouds,1.0,2.33,3.57,2.12,51.18,0.39,100.73,21.0,3.0,30.0,4.0,2
60,Marrakech,2026-04-30 21:38:16.552045,31.6295,-7.9811,21.98,21.7,56.0,1018.0,2.06,150.0,40.0,Clouds,scattered clouds,2.0,4.41,10.7,1.68,80.12,0.87,105.42,21.0,3.0,30.0,4.0,3
60,Rabat,2026-04-30 21:38:13.333364,34.0209,-6.8416,16.37,16.36,88.0,1019.0,1.54,10.0,40.0,Clouds,scattered clouds,2.0,2.69,5.44,3.38,87.14,4.28,110.66,21.0,3.0,30.0,4.0,4
60,Tanger,2026-04-30 21:38:23.296985,35.7595,-5.834,16.74,16.48,77.0,1019.0,2.06,290.0,0.0,Clear,clear sky,2.0,2.41,6.14,1.94,99.27,1.31,112.71,21.0,3.0,30.0,4.0,5
61,Agadir,2026-04-30 22:38:51.620187,30.4278,-9.5981,17.06,16.96,82.0,1018.0,1.17,112.0,58.0,Clouds,broken clouds,2.0,1.25,3.94,0.18,96.93,0.27,108.69,22.0,3.0,30.0,4.0,0
61,Casablanca,2026-04-30 22:38:35.024445,33.5731,-7.5898,17.89,17.61,72.0,1019.0,2.57,80.0,44.0,Clouds,scattered clouds,2.0,3.85,10.1,2.57,86.93,4.05,109.53,22.0,3.0,30.0,4.0,1
61,Fes,2026-04-30 22:38:44.766185,34.0181,-5.0078,16.95,16.84,82.0,1019.0,3.09,300.0,75.0,Clouds,broken clouds,1.0,2.36,3.63,2.25,48.49,0.35,99.86,22.0,3.0,30.0,4.0,2
61,Marrakech,2026-04-30 22:38:41.507843,31.6295,-7.9811,19.98,19.7,64.0,1018.0,4.63,20.0,40.0,Clouds,scattered clouds,2.0,4.31,10.67,1.75,77.75,0.81,104.85,22.0,3.0,30.0,4.0,3
61,Rabat,2026-04-30 22:38:38.271377,34.0209,-6.8416,14.37,14.16,88.0,1020.0,0.0,0.0,40.0,Clouds,scattered clouds,2.0,2.77,5.65,3.5,83.6,3.97,110.25,22.0,3.0,30.0,4.0,4
61,Tanger,2026-04-30 22:38:48.349103,35.7595,-5.834,15.74,15.51,82.0,1019.0,0.51,0.0,11.0,Clouds,few clouds,2.0,2.45,6.24,2.14,97.55,1.39,113.26,22.0,3.0,30.0,4.0,5
62,Agadir,2026-04-30 23:39:10.622531,30.4278,-9.5981,17.06,17.01,84.0,1018.0,2.59,110.0,67.0,Clouds,broken clouds,2.0,1.29,4.21,0.17,97.2,0.28,108.73,23.0,3.0,30.0,4.0,0
62,Casablanca,2026-04-30 23:38:54.511113,33.5731,-7.5898,16.84,16.59,77.0,1019.0,1.54,80.0,40.0,Clouds,scattered clouds,2.0,3.94,10.57,2.62,84.83,3.37,110.89,23.0,3.0,30.0,4.0,1
62,Fes,2026-04-30 23:39:04.181757,34.0181,-5.0078,16.95,16.84,82.0,1019.0,2.57,260.0,75.0,Clouds,broken clouds,1.0,2.39,3.66,2.28,44.67,0.26,99.69,23.0,3.0,30.0,4.0,2
62,Marrakech,2026-04-30 23:39:00.948439,31.6295,-7.9811,18.98,18.58,63.0,1018.0,2.57,20.0,40.0,Clouds,scattered clouds,2.0,4.32,10.77,1.77,76.71,0.77,105.4,23.0,3.0,30.0,4.0,3
62,Rabat,2026-04-30 23:38:57.734087,34.0209,-6.8416,12.37,12.12,94.0,1019.0,0.0,0.0,40.0,Clouds,scattered clouds,2.0,2.96,6.03,3.67,79.88,3.57,110.92,23.0,3.0,30.0,4.0,4
62,Tanger,2026-04-30 23:39:07.411504,35.7595,-5.834,14.74,14.41,82.0,1019.0,0.51,0.0,10.0,Clear,clear sky,2.0,2.47,6.3,2.18,95.73,1.33,113.06,23.0,3.0,30.0,4.0,5
63,Agadir,2026-05-01 00:39:28.560050,30.4278,-9.5981,17.06,17.01,84.0,1018.0,3.54,107.0,73.0,Clouds,broken clouds,2.0,1.31,4.4,0.16,97.23,0.3,108.77,0.0,4.0,1.0,5.0,0
63,Casablanca,2026-05-01 00:39:12.352987,33.5731,-7.5898,16.84,16.59,77.0,1019.0,1.54,90.0,34.0,Clouds,scattered clouds,2.0,4.04,11.04,2.53,82.63,2.88,112.09,0.0,4.0,1.0,5.0,1
63,Fes,2026-05-01 00:39:22.122383,34.0181,-5.0078,15.95,15.9,88.0,1019.0,0.51,0.0,75.0,Clouds,broken clouds,1.0,2.4,3.6,2.13,41.85,0.18,99.44,0.0,4.0,1.0,5.0,2
63,Marrakech,2026-05-01 00:39:18.922220,31.6295,-7.9811,16.98,16.61,72.0,1018.0,2.06,0.0,40.0,Clouds,scattered clouds,2.0,4.38,10.86,1.67,76.42,0.73,105.86,0.0,4.0,1.0,5.0,3
63,Rabat,2026-05-01 00:39:15.707561,34.0209,-6.8416,11.37,11.17,100.0,1019.0,0.0,0.0,40.0,Clouds,scattered clouds,2.0,3.19,6.49,3.55,77.28,3.31,111.07,0.0,4.0,1.0,5.0,4
63,Tanger,2026-05-01 00:39:25.346750,35.7595,-5.834,13.74,13.31,82.0,1019.0,1.03,30.0,25.0,Clouds,scattered clouds,2.0,2.47,6.29,1.99,93.9,1.24,112.76,0.0,4.0,1.0,5.0,5
64,Agadir,2026-05-01 09:31:37.759187,30.4278,-9.5981,18.06,17.96,78.0,1018.0,1.77,224.0,100.0,Clouds,overcast clouds,2.0,2.34,9.39,0.41,86.57,0.47,108.14,9.0,4.0,1.0,5.0,0
64,Casablanca,2026-05-01 09:31:21.199813,33.5731,-7.5898,16.66,16.39,77.0,1019.0,1.34,100.0,13.0,Clouds,few clouds,2.0,6.25,16.05,3.08,70.35,2.31,109.67,9.0,4.0,1.0,5.0,1
64,Fes,2026-05-01 09:31:31.274085,34.0181,-5.0078,17.95,17.94,82.0,1019.0,2.57,60.0,0.0,Clear,clear sky,1.0,2.59,3.47,1.66,32.77,0.12,94.18,9.0,4.0,1.0,5.0,2
64,Marrakech,2026-05-01 09:31:27.918871,31.6295,-7.9811,16.98,16.74,77.0,1018.0,1.54,0.0,40.0,Clouds,scattered clouds,2.0,5.1,11.64,4.42,60.27,0.75,107.06,9.0,4.0,1.0,5.0,3
64,Rabat,2026-05-01 09:31:24.472037,34.0209,-6.8416,17.37,17.62,94.0,1019.0,2.06,40.0,12.0,Clouds,few clouds,2.0,5.74,10.38,4.29,69.49,4.16,109.44,9.0,4.0,1.0,5.0,4
64,Tanger,2026-05-01 09:31:34.492561,35.7595,-5.834,15.74,15.67,88.0,1020.0,1.54,80.0,0.0,Clear,clear sky,2.0,2.81,6.71,2.33,83.56,1.32,112.15,9.0,4.0,1.0,5.0,5
65,Agadir,2026-05-01 10:31:56.945362,30.4278,-9.5981,20.06,20.08,75.0,1019.0,2.78,250.0,100.0,Clouds,overcast clouds,2.0,2.71,11.15,0.38,86.08,0.46,108.11,10.0,4.0,1.0,5.0,0
65,Casablanca,2026-05-01 10:31:40.250757,33.5731,-7.5898,18.95,18.55,63.0,1019.0,3.09,80.0,0.0,Clear,clear sky,2.0,6.95,17.84,1.58,87.3,3.32,107.98,10.0,4.0,1.0,5.0,1
65,Fes,2026-05-01 10:31:50.235508,34.0181,-5.0078,19.95,19.88,72.0,1018.0,2.57,60.0,0.0,Clear,clear sky,2.0,2.36,3.2,0.51,77.52,0.16,98.52,10.0,4.0,1.0,5.0,2
65,Marrakech,2026-05-01 10:31:46.912720,31.6295,-7.9811,18.98,18.81,72.0,1018.0,2.06,300.0,40.0,Clouds,scattered clouds,2.0,4.72,11.9,1.23,81.87,0.48,105.03,10.0,4.0,1.0,5.0,3
65,Rabat,2026-05-01 10:31:43.502419,34.0209,-6.8416,19.37,19.14,68.0,1019.0,2.06,50.0,12.0,Clouds,few clouds,2.0,6.33,10.95,2.75,87.66,5.22,108.69,10.0,4.0,1.0,5.0,4
65,Tanger,2026-05-01 10:31:53.566270,35.7595,-5.834,18.74,18.55,72.0,1020.0,3.09,260.0,75.0,Clouds,broken clouds,2.0,2.38,5.91,0.87,98.72,1.48,108.95,10.0,4.0,1.0,5.0,5
66,Agadir,2026-05-01 11:32:16.493863,30.4278,-9.5981,22.06,22.25,74.0,1018.0,3.4,245.0,100.0,Clouds,overcast clouds,2.0,3.32,13.77,0.34,85.33,0.5,108.06,11.0,4.0,1.0,5.0,0
66,Casablanca,2026-05-01 11:31:59.352396,33.5731,-7.5898,20.0,19.62,60.0,1019.0,3.09,30.0,0.0,Clear,clear sky,2.0,8.03,19.44,0.95,95.36,3.39,106.03,11.0,4.0,1.0,5.0,1
66,Fes,2026-05-01 11:32:09.422228,34.0181,-5.0078,20.95,21.01,73.0,1018.0,3.09,60.0,0.0,Clear,clear sky,2.0,2.48,3.32,0.3,83.29,0.15,97.41,11.0,4.0,1.0,5.0,2
66,Marrakech,2026-05-01 11:32:06.002566,31.6295,-7.9811,20.98,20.91,68.0,1018.0,1.03,0.0,40.0,Clouds,scattered clouds,2.0,4.82,11.84,0.65,87.19,0.42,102.74,11.0,4.0,1.0,5.0,3
66,Rabat,2026-05-01 11:32:02.625043,34.0209,-6.8416,21.37,21.13,60.0,1019.0,2.06,360.0,10.0,Clear,clear sky,2.0,7.82,12.35,1.8,97.15,5.34,107.13,11.0,4.0,1.0,5.0,4
66,Tanger,2026-05-01 11:32:12.866045,35.7595,-5.834,18.74,18.45,68.0,1020.0,2.57,250.0,75.0,Clouds,broken clouds,2.0,2.38,5.91,0.87,98.72,1.48,108.95,11.0,4.0,1.0,5.0,5
67,Agadir,2026-05-01 12:09:37.569032,30.4278,-9.5981,23.06,23.35,74.0,1018.0,3.4,245.0,100.0,Clouds,overcast clouds,2.0,3.32,13.77,0.34,85.33,0.5,108.06,12.0,4.0,1.0,5.0,0
67,Casablanca,2026-05-01 12:09:21.487587,33.5731,-7.5898,19.99,19.61,60.0,1019.0,2.68,30.0,25.0,Clouds,scattered clouds,2.0,8.03,19.44,0.95,95.36,3.39,106.03,12.0,4.0,1.0,5.0,1
67,Fes,2026-05-01 12:09:31.143739,34.0181,-5.0078,21.95,21.98,68.0,1018.0,3.09,60.0,0.0,Clear,clear sky,2.0,2.48,3.32,0.3,83.29,0.15,97.41,12.0,4.0,1.0,5.0,2
67,Marrakech,2026-05-01 12:09:27.945493,31.6295,-7.9811,21.98,21.8,60.0,1017.0,1.54,0.0,40.0,Clouds,scattered clouds,2.0,4.82,11.84,0.65,87.19,0.42,102.74,12.0,4.0,1.0,5.0,3
67,Rabat,2026-05-01 12:09:24.716990,34.0209,-6.8416,20.35,20.11,64.0,1019.0,4.12,320.0,0.0,Clear,clear sky,2.0,7.82,12.35,1.8,97.15,5.34,107.13,12.0,4.0,1.0,5.0,4
67,Tanger,2026-05-01 12:09:34.381771,35.7595,-5.834,19.74,19.44,64.0,1020.0,2.57,260.0,75.0,Clouds,broken clouds,3.0,2.33,5.65,0.57,101.93,1.31,108.22,12.0,4.0,1.0,5.0,5
68,Agadir,2026-05-01 13:09:55.543377,30.4278,-9.5981,25.06,25.55,74.0,1018.0,4.05,244.0,100.0,Clouds,overcast clouds,2.0,3.9,15.62,0.29,85.05,0.55,108.0,13.0,4.0,1.0,5.0,0
68,Casablanca,2026-05-01 13:09:39.314041,33.5731,-7.5898,20.55,20.12,56.0,1019.0,2.68,50.0,25.0,Clouds,scattered clouds,3.0,9.12,20.53,0.71,100.35,3.53,104.8,13.0,4.0,1.0,5.0,1
68,Fes,2026-05-01 13:09:49.016396,34.0181,-5.0078,22.95,22.87,60.0,1017.0,2.57,30.0,40.0,Clouds,scattered clouds,2.0,2.83,3.72,0.26,84.51,0.17,96.3,13.0,4.0,1.0,5.0,2
68,Marrakech,2026-05-01 13:09:45.769277,31.6295,-7.9811,22.98,22.8,56.0,1017.0,2.57,0.0,40.0,Clouds,scattered clouds,2.0,5.21,12.42,0.48,90.24,0.44,101.32,13.0,4.0,1.0,5.0,3
68,Rabat,2026-05-01 13:09:42.540025,34.0209,-6.8416,21.37,21.23,64.0,1019.0,3.6,330.0,10.0,Clear,clear sky,3.0,9.26,13.75,1.21,104.18,5.57,105.58,13.0,4.0,1.0,5.0,4
68,Tanger,2026-05-01 13:09:52.285387,35.7595,-5.834,19.74,19.44,64.0,1019.0,3.09,270.0,75.0,Clouds,broken clouds,3.0,2.33,5.51,0.43,103.72,1.24,107.76,13.0,4.0,1.0,5.0,5
69,Agadir,2026-05-01 14:10:13.493127,30.4278,-9.5981,25.06,25.55,74.0,1017.0,4.96,257.0,52.0,Clouds,broken clouds,2.0,4.44,16.28,0.26,85.23,0.64,108.48,14.0,4.0,1.0,5.0,0
69,Casablanca,2026-05-01 14:09:57.378894,33.5731,-7.5898,20.55,20.12,56.0,1019.0,3.58,40.0,51.0,Clouds,broken clouds,3.0,8.36,17.28,0.55,103.15,3.1,105.81,14.0,4.0,1.0,5.0,1
69,Fes,2026-05-01 14:10:07.042604,34.0181,-5.0078,23.95,23.86,56.0,1016.0,2.06,80.0,40.0,Clouds,scattered clouds,2.0,3.03,4.01,0.24,88.02,0.18,97.17,14.0,4.0,1.0,5.0,2
69,Marrakech,2026-05-01 14:10:03.799878,31.6295,-7.9811,24.97,24.91,53.0,1016.0,2.06,0.0,40.0,Clouds,scattered clouds,2.0,4.58,10.82,0.35,98.81,0.44,101.35,14.0,4.0,1.0,5.0,3
69,Rabat,2026-05-01 14:10:00.572634,34.0209,-6.8416,21.37,21.23,64.0,1018.0,5.66,340.0,78.0,Clouds,broken clouds,3.0,8.19,12.06,0.79,107.99,4.94,105.29,14.0,4.0,1.0,5.0,4
69,Tanger,2026-05-01 14:10:10.273996,35.7595,-5.834,19.75,19.45,64.0,1019.0,3.09,280.0,75.0,Clouds,broken clouds,3.0,2.29,5.33,0.38,104.58,1.2,107.49,14.0,4.0,1.0,5.0,5
70,Agadir,2026-05-01 15:10:32.821754,30.4278,-9.5981,25.06,25.53,73.0,1017.0,4.49,269.0,48.0,Clouds,scattered clouds,2.0,5.62,15.11,0.24,86.02,0.97,109.11,15.0,4.0,1.0,5.0,0
70,Casablanca,2026-05-01 15:10:15.887260,33.5731,-7.5898,19.99,19.72,64.0,1018.0,3.58,20.0,74.0,Clouds,broken clouds,3.0,7.89,14.07,0.56,108.22,4.47,103.97,15.0,4.0,1.0,5.0,1
70,Fes,2026-05-01 15:10:25.959672,34.0181,-5.0078,25.95,25.95,50.0,1016.0,2.06,0.0,40.0,Clouds,scattered clouds,2.0,2.8,3.85,0.25,90.83,0.21,96.17,15.0,4.0,1.0,5.0,2
70,Marrakech,2026-05-01 15:10:22.480495,31.6295,-7.9811,26.98,27.22,47.0,1015.0,3.09,310.0,40.0,Clouds,scattered clouds,3.0,4.3,10.6,0.32,102.85,0.53,99.95,15.0,4.0,1.0,5.0,3
70,Rabat,2026-05-01 15:10:19.135222,34.0209,-6.8416,21.37,21.13,60.0,1018.0,5.14,340.0,88.0,Clouds,overcast clouds,3.0,7.84,11.58,0.72,111.48,5.11,104.42,15.0,4.0,1.0,5.0,4
70,Tanger,2026-05-01 15:10:29.340751,35.7595,-5.834,20.74,20.44,60.0,1018.0,3.6,300.0,75.0,Clouds,broken clouds,3.0,2.35,5.5,0.41,105.64,1.26,107.12,15.0,4.0,1.0,5.0,5
71,Agadir,2026-05-01 16:10:52.721296,30.4278,-9.5981,25.06,25.4,68.0,1016.0,5.17,271.0,36.0,Clouds,scattered clouds,2.0,6.32,15.85,0.25,88.3,1.14,109.58,16.0,4.0,1.0,5.0,0
71,Casablanca,2026-05-01 16:10:35.875192,33.5731,-7.5898,20.01,19.74,64.0,1018.0,4.12,40.0,0.0,Clear,clear sky,3.0,8.14,14.02,0.66,110.28,5.09,102.6,16.0,4.0,1.0,5.0,1
71,Fes,2026-05-01 16:10:45.881218,34.0181,-5.0078,25.95,25.95,50.0,1015.0,3.6,20.0,40.0,Clouds,scattered clouds,2.0,2.94,4.11,0.26,91.77,0.26,95.41,16.0,4.0,1.0,5.0,2
71,Marrakech,2026-05-01 16:10:42.589184,31.6295,-7.9811,26.98,27.06,44.0,1014.0,2.06,0.0,40.0,Clouds,scattered clouds,3.0,5.07,12.84,0.35,103.35,0.66,99.32,16.0,4.0,1.0,5.0,3
71,Rabat,2026-05-01 16:10:39.211886,34.0209,-6.8416,21.37,21.23,64.0,1018.0,4.63,350.0,92.0,Clouds,overcast clouds,3.0,7.25,10.87,0.83,111.7,4.98,103.59,16.0,4.0,1.0,5.0,4
71,Tanger,2026-05-01 16:10:49.297319,35.7595,-5.834,20.74,20.44,60.0,1018.0,5.14,320.0,75.0,Clouds,broken clouds,3.0,2.33,5.59,0.44,105.68,1.27,106.62,16.0,4.0,1.0,5.0,5
72,Agadir,2026-05-01 17:11:11.291356,30.4278,-9.5981,24.06,24.22,65.0,1015.0,5.92,276.0,32.0,Clouds,scattered clouds,2.0,7.19,16.86,0.28,91.56,1.34,109.55,17.0,4.0,1.0,5.0,0
72,Casablanca,2026-05-01 17:10:55.135021,33.5731,-7.5898,19.99,19.72,64.0,1017.0,4.02,50.0,82.0,Clouds,broken clouds,3.0,8.24,14.03,0.87,113.33,5.9,103.23,17.0,4.0,1.0,5.0,1
72,Fes,2026-05-01 17:11:04.847224,34.0181,-5.0078,25.95,25.95,47.0,1015.0,2.57,0.0,40.0,Clouds,scattered clouds,2.0,3.17,4.55,0.32,93.33,0.34,95.73,17.0,4.0,1.0,5.0,2
72,Marrakech,2026-05-01 17:11:01.570508,31.6295,-7.9811,28.98,28.5,39.0,1014.0,2.06,0.0,40.0,Clouds,scattered clouds,3.0,6.84,17.51,0.53,104.35,0.92,100.88,17.0,4.0,1.0,5.0,3
72,Rabat,2026-05-01 17:10:58.355585,34.0209,-6.8416,20.37,20.13,64.0,1018.0,5.14,350.0,94.0,Clouds,overcast clouds,3.0,6.67,10.26,1.1,112.21,5.02,103.87,17.0,4.0,1.0,5.0,4
72,Tanger,2026-05-01 17:11:08.058410,35.7595,-5.834,20.74,20.44,60.0,1018.0,5.66,320.0,75.0,Clouds,broken clouds,3.0,2.4,5.95,0.52,105.9,1.29,106.24,17.0,4.0,1.0,5.0,5
73,Agadir,2026-05-01 18:11:29.319434,30.4278,-9.5981,23.06,23.04,62.0,1015.0,5.18,286.0,26.0,Clouds,scattered clouds,2.0,7.69,17.1,0.32,94.4,1.5,109.31,18.0,4.0,1.0,5.0,0
73,Casablanca,2026-05-01 18:11:12.947869,33.5731,-7.5898,19.99,19.72,64.0,1018.0,4.02,50.0,86.0,Clouds,overcast clouds,3.0,8.02,13.94,1.16,114.55,6.53,104.32,18.0,4.0,1.0,5.0,1
73,Fes,2026-05-01 18:11:22.892547,34.0181,-5.0078,25.95,25.95,47.0,1015.0,2.06,40.0,40.0,Clouds,scattered clouds,2.0,3.55,5.21,0.46,94.04,0.44,96.19,18.0,4.0,1.0,5.0,2
73,Marrakech,2026-05-01 18:11:19.660457,31.6295,-7.9811,28.98,28.33,37.0,1014.0,2.06,270.0,40.0,Clouds,scattered clouds,3.0,9.09,23.29,0.81,104.59,1.22,102.48,18.0,4.0,1.0,5.0,3
73,Rabat,2026-05-01 18:11:16.199027,34.0209,-6.8416,20.37,20.13,64.0,1017.0,4.63,350.0,95.0,Clouds,overcast clouds,3.0,6.04,9.68,1.59,111.53,5.07,104.77,18.0,4.0,1.0,5.0,4
73,Tanger,2026-05-01 18:11:26.109737,35.7595,-5.834,20.74,20.54,64.0,1018.0,4.63,330.0,75.0,Clouds,broken clouds,3.0,2.59,6.49,0.69,106.23,1.37,106.07,18.0,4.0,1.0,5.0,5
74,Agadir,2026-05-01 19:11:51.992641,30.4278,-9.5981,22.06,21.99,64.0,1015.0,4.16,293.0,23.0,Clouds,few clouds,2.0,7.65,16.51,0.35,97.0,1.59,109.07,19.0,4.0,1.0,5.0,0
74,Casablanca,2026-05-01 19:11:31.411899,33.5731,-7.5898,18.95,18.68,68.0,1018.0,4.12,50.0,0.0,Clear,clear sky,3.0,7.26,13.21,1.52,113.55,6.54,106.02,19.0,4.0,1.0,5.0,1
74,Fes,2026-05-01 19:11:42.672910,34.0181,-5.0078,24.95,24.88,53.0,1015.0,3.09,350.0,40.0,Clouds,scattered clouds,2.0,3.95,5.91,0.64,94.0,0.55,97.04,19.0,4.0,1.0,5.0,2
74,Marrakech,2026-05-01 19:11:37.964286,31.6295,-7.9811,28.98,28.33,37.0,1014.0,3.09,240.0,40.0,Clouds,scattered clouds,3.0,10.61,27.35,1.09,103.23,1.43,103.41,19.0,4.0,1.0,5.0,3
74,Rabat,2026-05-01 19:11:34.665597,34.0209,-6.8416,19.37,19.14,68.0,1018.0,4.63,350.0,96.0,Clouds,overcast clouds,3.0,5.08,8.65,2.14,107.52,4.91,105.84,19.0,4.0,1.0,5.0,4
74,Tanger,2026-05-01 19:11:47.281465,35.7595,-5.834,19.74,19.55,68.0,1018.0,2.57,320.0,0.0,Clear,clear sky,3.0,2.82,7.04,0.92,106.87,1.46,105.91,19.0,4.0,1.0,5.0,5
75,Agadir,2026-05-01 20:12:12.010095,30.4278,-9.5981,20.06,19.95,70.0,1015.0,2.75,300.0,5.0,Clear,clear sky,2.0,7.04,15.1,0.35,98.93,1.58,108.58,20.0,4.0,1.0,5.0,0
75,Casablanca,2026-05-01 20:11:54.089739,33.5731,-7.5898,18.95,18.68,68.0,1018.0,3.09,60.0,0.0,Clear,clear sky,3.0,6.2,12.08,2.12,107.97,6.07,106.14,20.0,4.0,1.0,5.0,1
75,Fes,2026-05-01 20:12:03.937130,34.0181,-5.0078,21.95,21.87,64.0,1016.0,3.6,310.0,40.0,Clouds,scattered clouds,2.0,4.22,6.37,1.13,84.58,0.55,96.38,20.0,4.0,1.0,5.0,2
75,Marrakech,2026-05-01 20:12:00.636902,31.6295,-7.9811,24.98,24.76,47.0,1014.0,5.14,360.0,40.0,Clouds,scattered clouds,2.0,11.46,29.56,1.51,98.65,1.53,102.72,20.0,4.0,1.0,5.0,3
75,Rabat,2026-05-01 20:11:57.316369,34.0209,-6.8416,18.35,18.25,77.0,1018.0,3.6,350.0,100.0,Clouds,overcast clouds,2.0,4.21,7.65,3.01,99.89,4.72,105.87,20.0,4.0,1.0,5.0,4
75,Tanger,2026-05-01 20:12:07.909712,35.7595,-5.834,18.74,18.55,72.0,1018.0,1.54,330.0,0.0,Clear,clear sky,3.0,3.07,7.59,1.26,106.78,1.52,106.34,20.0,4.0,1.0,5.0,5
76,Agadir,2026-05-01 21:12:30.631832,30.4278,-9.5981,18.06,17.88,75.0,1017.0,1.28,12.0,5.0,Clear,clear sky,2.0,6.06,13.26,0.34,99.71,1.41,108.94,21.0,4.0,1.0,5.0,0
76,Casablanca,2026-05-01 21:12:13.926175,33.5731,-7.5898,17.77,17.48,72.0,1019.0,2.68,30.0,58.0,Clouds,broken clouds,3.0,5.53,11.64,2.53,103.2,5.6,107.73,21.0,4.0,1.0,5.0,1
76,Fes,2026-05-01 21:12:23.611918,34.0181,-5.0078,19.95,19.88,72.0,1017.0,3.09,300.0,40.0,Clouds,scattered clouds,2.0,4.43,6.7,1.72,72.53,0.47,96.57,21.0,4.0,1.0,5.0,2
76,Marrakech,2026-05-01 21:12:20.389440,31.6295,-7.9811,22.97,22.71,53.0,1016.0,5.14,10.0,40.0,Clouds,scattered clouds,2.0,12.19,31.14,1.82,95.32,1.58,104.05,21.0,4.0,1.0,5.0,3
76,Rabat,2026-05-01 21:12:17.150020,34.0209,-6.8416,17.37,17.3,82.0,1019.0,2.57,350.0,100.0,Clouds,overcast clouds,2.0,3.7,7.11,3.62,93.82,4.66,107.36,21.0,4.0,1.0,5.0,4
76,Tanger,2026-05-01 21:12:27.420510,35.7595,-5.834,18.74,18.55,72.0,1018.0,2.06,10.0,0.0,Clear,clear sky,3.0,3.28,8.02,1.44,105.89,1.55,106.82,21.0,4.0,1.0,5.0,5
77,Agadir,2026-05-01 22:12:50.321928,30.4278,-9.5981,18.06,17.96,78.0,1018.0,2.24,87.0,4.0,Clear,clear sky,2.0,5.2,11.89,0.33,99.33,1.19,109.31,22.0,4.0,1.0,5.0,0
77,Casablanca,2026-05-01 22:12:32.893836,33.5731,-7.5898,17.77,17.48,72.0,1020.0,1.79,70.0,49.0,Clouds,scattered clouds,2.0,5.0,11.27,2.66,98.83,5.14,109.06,22.0,4.0,1.0,5.0,1
77,Fes,2026-05-01 22:12:43.142441,34.0181,-5.0078,16.95,17.16,94.0,1018.0,3.09,240.0,0.0,Clear,clear sky,2.0,4.52,6.92,2.16,65.15,0.43,96.68,22.0,4.0,1.0,5.0,2
77,Marrakech,2026-05-01 22:12:39.907521,31.6295,-7.9811,19.98,19.7,64.0,1018.0,2.57,320.0,0.0,Clear,clear sky,2.0,12.65,31.84,1.96,93.12,1.62,105.29,22.0,4.0,1.0,5.0,3
77,Rabat,2026-05-01 22:12:36.502003,34.0209,-6.8416,17.35,17.44,88.0,1020.0,1.54,350.0,100.0,Clouds,overcast clouds,2.0,3.44,6.88,3.68,89.72,4.61,108.87,22.0,4.0,1.0,5.0,4
77,Tanger,2026-05-01 22:12:46.633347,35.7595,-5.834,18.74,18.55,72.0,1019.0,1.54,130.0,0.0,Clear,clear sky,3.0,3.36,8.18,1.5,104.83,1.55,107.4,22.0,4.0,1.0,5.0,5
78,Agadir,2026-05-01 23:13:10.654476,30.4278,-9.5981,17.06,16.96,82.0,1018.0,3.44,110.0,4.0,Clear,clear sky,2.0,4.62,11.06,0.32,98.45,0.97,109.1,23.0,4.0,1.0,5.0,0
78,Casablanca,2026-05-01 23:12:53.458799,33.5731,-7.5898,17.77,17.48,72.0,1020.0,1.34,80.0,57.0,Clouds,broken clouds,2.0,4.6,10.95,2.74,93.31,4.47,108.25,23.0,4.0,1.0,5.0,1
78,Fes,2026-05-01 23:13:03.795926,34.0181,-5.0078,15.95,16.06,94.0,1018.0,2.06,230.0,0.0,Clear,clear sky,1.0,4.41,6.81,2.45,59.77,0.39,95.15,23.0,4.0,1.0,5.0,2
78,Marrakech,2026-05-01 23:13:00.413812,31.6295,-7.9811,18.98,18.58,63.0,1019.0,3.09,300.0,0.0,Clear,clear sky,2.0,12.7,31.44,2.07,89.29,1.54,104.43,23.0,4.0,1.0,5.0,3
78,Rabat,2026-05-01 23:12:57.040836,34.0209,-6.8416,14.37,14.32,94.0,1019.0,0.0,0.0,100.0,Clouds,overcast clouds,2.0,3.35,6.84,3.65,85.46,4.44,108.21,23.0,4.0,1.0,5.0,4
78,Tanger,2026-05-01 23:13:07.095288,35.7595,-5.834,17.74,17.45,72.0,1018.0,3.6,100.0,0.0,Clear,clear sky,3.0,3.36,8.12,1.62,102.15,1.51,107.38,23.0,4.0,1.0,5.0,5
79,Agadir,2026-05-02 07:55:17.020721,30.4278,-9.5981,14.06,13.82,88.0,1017.0,1.97,166.0,15.0,Clouds,few clouds,2.0,4.03,11.48,0.41,90.44,1.02,107.15,7.0,5.0,2.0,5.0,0
79,Casablanca,2026-05-02 07:55:00.101266,33.5731,-7.5898,16.84,16.59,77.0,1019.0,1.03,0.0,100.0,Clouds,overcast clouds,2.0,5.9,14.32,2.58,69.02,1.59,107.61,7.0,5.0,2.0,5.0,1
79,Fes,2026-05-02 07:55:10.159614,34.0181,-5.0078,14.95,14.96,94.0,1018.0,1.03,340.0,0.0,Clear,clear sky,1.0,3.58,5.96,3.08,40.3,0.21,92.08,7.0,5.0,2.0,5.0,2
79,Marrakech,2026-05-02 07:55:06.779027,31.6295,-7.9811,13.98,13.57,82.0,1018.0,3.09,260.0,89.0,Clouds,overcast clouds,2.0,14.29,31.06,2.99,61.52,0.69,105.37,7.0,5.0,2.0,5.0,3
79,Rabat,2026-05-02 07:55:03.385638,34.0209,-6.8416,15.37,15.57,100.0,1019.0,0.0,0.0,100.0,Clouds,overcast clouds,2.0,4.59,8.82,3.47,65.97,2.05,105.06,7.0,5.0,2.0,5.0,4
79,Tanger,2026-05-02 07:55:13.639553,35.7595,-5.834,16.74,16.77,88.0,1018.0,2.06,70.0,100.0,Clouds,overcast clouds,2.0,3.73,9.06,3.06,82.86,1.77,109.86,7.0,5.0,2.0,5.0,5
80,Agadir,2026-05-02 08:55:35.498900,30.4278,-9.5981,17.06,16.99,83.0,1017.0,2.25,156.0,23.0,Clouds,few clouds,2.0,4.47,12.8,0.47,89.49,1.06,107.15,8.0,5.0,2.0,5.0,0
80,Casablanca,2026-05-02 08:55:18.946235,33.5731,-7.5898,17.89,17.61,72.0,1019.0,2.06,20.0,75.0,Clouds,broken clouds,2.0,6.07,14.9,2.68,68.84,1.77,106.47,8.0,5.0,2.0,5.0,1
80,Fes,2026-05-02 08:55:28.838156,34.0181,-5.0078,15.95,16.21,100.0,1018.0,1.03,0.0,0.0,Clear,clear sky,1.0,3.31,5.82,2.56,37.75,0.19,90.51,8.0,5.0,2.0,5.0,2
80,Marrakech,2026-05-02 08:55:25.548578,31.6295,-7.9811,15.98,15.77,82.0,1018.0,3.09,260.0,83.0,Clouds,broken clouds,2.0,13.96,31.01,2.99,64.11,0.73,104.86,8.0,5.0,2.0,5.0,3
80,Rabat,2026-05-02 08:55:22.296901,34.0209,-6.8416,16.37,16.67,100.0,1019.0,1.54,310.0,100.0,Clouds,overcast clouds,2.0,4.77,9.18,3.55,66.11,2.36,104.62,8.0,5.0,2.0,5.0,4
80,Tanger,2026-05-02 08:55:32.218950,35.7595,-5.834,17.74,17.87,88.0,1018.0,1.03,0.0,40.0,Clouds,scattered clouds,2.0,3.88,9.34,3.6,81.93,1.79,110.77,8.0,5.0,2.0,5.0,5
82,Agadir,2026-05-02 10:57:57.591078,30.4278,-9.5981,21.06,21.15,74.0,1018.0,3.22,241.0,28.0,Clouds,scattered clouds,2.0,5.05,14.93,0.33,88.52,1.13,106.84,10.0,5.0,2.0,5.0,0
82,Casablanca,2026-05-02 10:57:39.755098,33.5731,-7.5898,17.89,17.61,72.0,1019.0,2.06,10.0,75.0,Clouds,broken clouds,2.0,6.57,15.68,1.37,89.04,3.99,103.79,10.0,5.0,2.0,5.0,1
82,Fes,2026-05-02 10:57:50.321976,34.0181,-5.0078,17.95,17.94,82.0,1018.0,3.6,300.0,75.0,Clouds,broken clouds,2.0,4.33,8.08,0.61,76.49,0.37,94.01,10.0,5.0,2.0,5.0,2
82,Marrakech,2026-05-02 10:57:46.841167,31.6295,-7.9811,16.98,16.74,77.0,1018.0,2.57,260.0,52.0,Clouds,broken clouds,2.0,10.75,26.29,0.7,93.0,0.73,102.69,10.0,5.0,2.0,5.0,3
82,Rabat,2026-05-02 10:57:43.149184,34.0209,-6.8416,19.37,19.37,77.0,1019.0,2.57,310.0,100.0,Clouds,overcast clouds,2.0,5.7,10.45,1.89,89.71,4.19,103.79,10.0,5.0,2.0,5.0,4
82,Tanger,2026-05-02 10:57:54.008280,35.7595,-5.834,18.74,18.68,77.0,1018.0,3.6,280.0,40.0,Clouds,scattered clouds,2.0,3.57,8.59,1.3,99.56,2.12,108.03,10.0,5.0,2.0,5.0,5
83,Agadir,2026-05-02 11:58:17.294913,30.4278,-9.5981,24.06,24.38,71.0,1017.0,3.55,249.0,30.0,Clouds,scattered clouds,2.0,5.75,16.78,0.25,88.93,1.23,106.76,11.0,5.0,2.0,5.0,0
83,Casablanca,2026-05-02 11:58:00.642635,33.5731,-7.5898,18.95,18.68,68.0,1019.0,2.06,20.0,75.0,Clouds,broken clouds,2.0,7.12,15.95,0.89,96.71,4.33,101.75,11.0,5.0,2.0,5.0,1
83,Fes,2026-05-02 11:58:10.748655,34.0181,-5.0078,18.95,19.04,82.0,1017.0,4.63,280.0,75.0,Clouds,broken clouds,2.0,4.82,8.99,0.35,82.25,0.39,93.66,11.0,5.0,2.0,5.0,2
83,Marrakech,2026-05-02 11:58:07.473356,31.6295,-7.9811,20.97,20.79,64.0,1017.0,1.54,0.0,75.0,Clouds,broken clouds,2.0,9.82,24.45,0.39,97.11,0.66,100.83,11.0,5.0,2.0,5.0,3
83,Rabat,2026-05-02 11:58:04.091715,34.0209,-6.8416,19.37,19.37,77.0,1019.0,2.06,320.0,100.0,Clouds,overcast clouds,2.0,6.26,10.83,1.28,97.26,4.55,102.4,11.0,5.0,2.0,5.0,4
83,Tanger,2026-05-02 11:58:14.025227,35.7595,-5.834,19.74,19.78,77.0,1018.0,1.54,0.0,40.0,Clouds,scattered clouds,3.0,3.64,8.42,0.91,104.1,1.96,107.67,11.0,5.0,2.0,5.0,5
84,Agadir,2026-05-02 12:58:35.676711,30.4278,-9.5981,24.06,24.3,68.0,1016.0,5.0,255.0,28.0,Clouds,scattered clouds,2.0,6.6,18.37,0.21,90.04,1.39,106.96,12.0,5.0,2.0,5.0,0
84,Casablanca,2026-05-02 12:58:19.364112,33.5731,-7.5898,19.01,18.74,68.0,1018.0,2.06,360.0,75.0,Clouds,broken clouds,3.0,7.73,16.13,0.66,101.23,4.74,100.17,12.0,5.0,2.0,5.0,1
84,Fes,2026-05-02 12:58:29.155732,34.0181,-5.0078,19.95,19.88,72.0,1016.0,4.63,300.0,40.0,Clouds,scattered clouds,2.0,5.22,9.5,0.31,82.89,0.41,92.91,12.0,5.0,2.0,5.0,2
84,Marrakech,2026-05-02 12:58:25.867406,31.6295,-7.9811,21.98,21.7,56.0,1016.0,2.06,0.0,40.0,Clouds,scattered clouds,2.0,10.19,25.39,0.32,98.56,0.68,99.58,12.0,5.0,2.0,5.0,3
84,Rabat,2026-05-02 12:58:22.640399,34.0209,-6.8416,19.37,19.37,77.0,1018.0,2.06,320.0,100.0,Clouds,overcast clouds,3.0,6.76,11.13,0.98,100.98,4.94,101.29,12.0,5.0,2.0,5.0,4
84,Tanger,2026-05-02 12:58:32.385992,35.7595,-5.834,20.73,20.76,73.0,1018.0,4.12,270.0,40.0,Clouds,scattered clouds,3.0,3.79,8.47,0.68,107.68,1.86,107.4,12.0,5.0,2.0,5.0,5
85,Agadir,2026-05-02 13:58:53.965105,30.4278,-9.5981,25.06,25.34,66.0,1016.0,5.47,270.0,31.0,Clouds,scattered clouds,2.0,7.31,19.02,0.18,91.15,1.56,107.7,13.0,5.0,2.0,5.0,0
85,Casablanca,2026-05-02 13:58:37.733200,33.5731,-7.5898,21.01,20.73,60.0,1018.0,2.06,20.0,40.0,Clouds,scattered clouds,3.0,7.19,14.0,0.52,105.07,4.63,100.76,13.0,5.0,2.0,5.0,1
85,Fes,2026-05-02 13:58:47.508719,34.0181,-5.0078,20.95,21.01,73.0,1016.0,4.63,300.0,75.0,Clouds,broken clouds,2.0,5.29,9.46,0.29,86.63,0.41,93.73,13.0,5.0,2.0,5.0,2
85,Marrakech,2026-05-02 13:58:44.275845,31.6295,-7.9811,23.98,23.82,53.0,1015.0,1.54,0.0,40.0,Clouds,scattered clouds,3.0,10.62,26.87,0.3,102.55,0.77,100.88,13.0,5.0,2.0,5.0,3
85,Rabat,2026-05-02 13:58:41.000518,34.0209,-6.8416,20.37,20.37,73.0,1018.0,2.57,320.0,100.0,Clouds,overcast clouds,3.0,6.33,10.21,0.73,103.98,4.63,101.75,13.0,5.0,2.0,5.0,4
85,Tanger,2026-05-02 13:58:50.745611,35.7595,-5.834,20.74,20.78,73.0,1017.0,3.09,250.0,40.0,Clouds,scattered clouds,3.0,3.88,8.43,0.56,110.9,1.76,107.33,13.0,5.0,2.0,5.0,5
86,Agadir,2026-05-02 14:59:12.297391,30.4278,-9.5981,25.06,25.14,58.0,1015.0,5.78,282.0,21.0,Clouds,few clouds,2.0,6.77,16.54,0.18,92.49,1.54,107.08,14.0,5.0,2.0,5.0,0
86,Casablanca,2026-05-02 14:58:55.980841,33.5731,-7.5898,21.01,20.73,60.0,1017.0,2.57,10.0,40.0,Clouds,scattered clouds,3.0,5.45,10.97,0.62,101.32,4.25,99.88,14.0,5.0,2.0,5.0,1
86,Fes,2026-05-02 14:59:05.794733,34.0181,-5.0078,21.95,21.87,64.0,1015.0,4.63,280.0,75.0,Clouds,broken clouds,2.0,5.72,9.84,0.31,87.73,0.54,94.91,14.0,5.0,2.0,5.0,2
86,Marrakech,2026-05-02 14:59:02.464124,31.6295,-7.9811,25.98,25.98,44.0,1015.0,1.03,0.0,40.0,Clouds,scattered clouds,3.0,10.77,27.9,0.28,101.76,0.91,99.98,14.0,5.0,2.0,5.0,3
86,Rabat,2026-05-02 14:58:59.217060,34.0209,-6.8416,21.37,21.23,64.0,1018.0,3.09,320.0,100.0,Clouds,overcast clouds,3.0,5.02,7.95,0.63,102.28,3.74,101.15,14.0,5.0,2.0,5.0,4
86,Tanger,2026-05-02 14:59:09.060795,35.7595,-5.834,21.74,21.88,73.0,1017.0,3.6,250.0,40.0,Clouds,scattered clouds,3.0,2.83,6.46,0.36,109.87,1.31,106.24,14.0,5.0,2.0,5.0,5
87,Agadir,2026-05-02 15:59:30.241206,30.4278,-9.5981,24.06,23.88,52.0,1013.0,7.2,300.0,23.0,Clouds,few clouds,2.0,6.16,14.42,0.19,92.89,1.35,107.01,15.0,5.0,2.0,5.0,0
87,Casablanca,2026-05-02 15:59:14.137291,33.5731,-7.5898,20.01,19.74,64.0,1017.0,3.6,360.0,20.0,Clouds,few clouds,3.0,5.09,10.3,0.66,101.26,4.22,98.94,15.0,5.0,2.0,5.0,1
87,Fes,2026-05-02 15:59:23.794420,34.0181,-5.0078,21.95,21.98,68.0,1014.0,3.6,310.0,40.0,Clouds,scattered clouds,2.0,5.68,9.33,0.39,86.69,0.55,94.66,15.0,5.0,2.0,5.0,2
87,Marrakech,2026-05-02 15:59:20.566637,31.6295,-7.9811,25.98,25.98,44.0,1014.0,1.54,0.0,40.0,Clouds,scattered clouds,3.0,11.15,28.99,0.3,101.08,1.05,98.73,15.0,5.0,2.0,5.0,3
87,Rabat,2026-05-02 15:59:17.356204,34.0209,-6.8416,21.37,21.23,64.0,1017.0,3.09,300.0,100.0,Clouds,overcast clouds,3.0,4.53,7.21,0.74,101.37,3.61,100.47,15.0,5.0,2.0,5.0,4
87,Tanger,2026-05-02 15:59:27.013865,35.7595,-5.834,22.74,22.85,68.0,1016.0,3.6,250.0,40.0,Clouds,scattered clouds,3.0,2.95,6.69,0.37,111.01,1.32,106.04,15.0,5.0,2.0,5.0,5
88,Agadir,2026-05-02 16:59:49.311348,30.4278,-9.5981,25.06,24.93,50.0,1013.0,8.55,309.0,25.0,Clouds,scattered clouds,2.0,5.11,11.89,0.21,93.11,1.09,107.26,16.0,5.0,2.0,5.0,0
88,Casablanca,2026-05-02 16:59:32.594535,33.5731,-7.5898,20.01,19.74,64.0,1017.0,3.6,10.0,20.0,Clouds,few clouds,3.0,4.68,9.64,0.79,102.17,4.33,99.82,16.0,5.0,2.0,5.0,1
88,Fes,2026-05-02 16:59:42.501291,34.0181,-5.0078,22.95,22.87,60.0,1014.0,2.57,300.0,40.0,Clouds,scattered clouds,2.0,5.65,9.16,0.52,85.85,0.57,95.1,16.0,5.0,2.0,5.0,2
88,Marrakech,2026-05-02 16:59:39.274235,31.6295,-7.9811,26.98,26.9,41.0,1013.0,2.06,0.0,40.0,Clouds,scattered clouds,3.0,10.79,28.08,0.36,101.37,1.13,98.72,16.0,5.0,2.0,5.0,3
88,Rabat,2026-05-02 16:59:35.910425,34.0209,-6.8416,20.37,20.24,68.0,1017.0,3.6,330.0,75.0,Clouds,broken clouds,3.0,4.15,6.75,1.1,100.68,3.76,101.44,16.0,5.0,2.0,5.0,4
88,Tanger,2026-05-02 16:59:45.946319,35.7595,-5.834,22.74,22.85,68.0,1016.0,2.06,210.0,40.0,Clouds,scattered clouds,3.0,3.05,6.95,0.44,112.33,1.34,105.84,16.0,5.0,2.0,5.0,5
89,Agadir,2026-05-02 18:00:08.102233,30.4278,-9.5981,23.06,22.75,51.0,1013.0,8.13,318.0,39.0,Clouds,scattered clouds,2.0,3.91,9.53,0.23,92.67,0.83,106.75,18.0,5.0,2.0,5.0,0
89,Casablanca,2026-05-02 17:59:51.733011,33.5731,-7.5898,20.0,19.62,60.0,1017.0,3.6,30.0,20.0,Clouds,few clouds,3.0,4.2,8.97,1.04,102.28,4.63,100.73,17.0,5.0,2.0,5.0,1
89,Fes,2026-05-02 18:00:01.599900,34.0181,-5.0078,21.95,21.98,68.0,1014.0,3.6,350.0,40.0,Clouds,scattered clouds,2.0,5.58,9.07,0.69,84.24,0.59,95.27,18.0,5.0,2.0,5.0,2
89,Marrakech,2026-05-02 17:59:58.287070,31.6295,-7.9811,26.98,26.9,41.0,1013.0,2.06,0.0,40.0,Clouds,scattered clouds,3.0,11.2,28.38,0.51,100.62,1.26,98.78,17.0,5.0,2.0,5.0,3
89,Rabat,2026-05-02 17:59:54.995209,34.0209,-6.8416,20.37,20.24,68.0,1017.0,3.09,310.0,40.0,Clouds,scattered clouds,2.0,3.9,6.56,1.68,99.68,3.94,102.97,17.0,5.0,2.0,5.0,4
89,Tanger,2026-05-02 18:00:04.839279,35.7595,-5.834,21.74,21.75,68.0,1016.0,5.66,40.0,40.0,Clouds,scattered clouds,3.0,3.13,7.18,0.57,113.58,1.37,105.93,18.0,5.0,2.0,5.0,5
90,Agadir,2026-05-02 19:00:27.154008,30.4278,-9.5981,22.99,22.6,48.0,1013.0,3.73,322.0,49.0,Clouds,scattered clouds,2.0,2.98,7.99,0.24,92.23,0.65,106.51,19.0,5.0,2.0,5.0,0
90,Casablanca,2026-05-02 19:00:10.792197,33.5731,-7.5898,18.95,18.55,63.0,1017.0,3.6,20.0,40.0,Clouds,scattered clouds,3.0,3.75,8.37,1.33,101.21,4.84,102.17,19.0,5.0,2.0,5.0,1
90,Fes,2026-05-02 19:00:20.618431,34.0181,-5.0078,21.97,22.0,68.0,1014.0,3.09,340.0,40.0,Clouds,scattered clouds,2.0,5.46,8.9,0.83,82.9,0.63,95.53,19.0,5.0,2.0,5.0,2
90,Marrakech,2026-05-02 19:00:17.389163,31.6295,-7.9811,26.98,26.9,41.0,1013.0,3.6,260.0,40.0,Clouds,scattered clouds,2.0,11.2,27.85,0.67,98.5,1.37,98.5,19.0,5.0,2.0,5.0,3
90,Rabat,2026-05-02 19:00:14.037907,34.0209,-6.8416,19.37,19.14,68.0,1017.0,4.12,320.0,40.0,Clouds,scattered clouds,2.0,3.46,6.15,2.17,97.71,3.85,104.5,19.0,5.0,2.0,5.0,4
90,Tanger,2026-05-02 19:00:23.933127,35.7595,-5.834,21.74,21.75,68.0,1016.0,5.14,40.0,40.0,Clouds,scattered clouds,3.0,3.13,7.22,0.74,113.66,1.37,105.94,19.0,5.0,2.0,5.0,5
91,Agadir,2026-05-02 20:00:46.197735,30.4278,-9.5981,21.06,20.81,61.0,1014.0,4.67,328.0,90.0,Clouds,overcast clouds,2.0,2.4,7.21,0.24,91.82,0.55,106.3,20.0,5.0,2.0,5.0,0
91,Casablanca,2026-05-02 20:00:29.537279,33.5731,-7.5898,18.95,18.55,63.0,1017.0,2.57,50.0,20.0,Clouds,few clouds,2.0,3.45,8.09,1.71,98.15,4.83,102.95,20.0,5.0,2.0,5.0,1
91,Fes,2026-05-02 20:00:39.740765,34.0181,-5.0078,20.97,21.03,73.0,1016.0,3.09,340.0,40.0,Clouds,scattered clouds,2.0,5.32,8.67,1.12,79.35,0.65,95.51,20.0,5.0,2.0,5.0,2
91,Marrakech,2026-05-02 20:00:36.428957,31.6295,-7.9811,25.98,25.98,47.0,1014.0,4.12,230.0,40.0,Clouds,scattered clouds,2.0,10.83,26.47,1.02,93.41,1.41,97.47,20.0,5.0,2.0,5.0,3
91,Rabat,2026-05-02 20:00:33.110508,34.0209,-6.8416,18.37,18.14,72.0,1017.0,2.06,340.0,75.0,Clouds,broken clouds,2.0,2.95,5.64,2.5,93.94,3.56,104.92,20.0,5.0,2.0,5.0,4
91,Tanger,2026-05-02 20:00:42.976954,35.7595,-5.834,20.74,20.78,73.0,1016.0,3.6,40.0,40.0,Clouds,scattered clouds,3.0,3.08,7.15,0.94,112.39,1.35,105.99,20.0,5.0,2.0,5.0,5
92,Agadir,2026-05-02 21:01:04.539124,30.4278,-9.5981,18.06,17.7,68.0,1015.0,4.31,353.0,78.0,Clouds,broken clouds,2.0,2.08,6.88,0.23,91.66,0.49,106.39,21.0,5.0,2.0,5.0,0
92,Casablanca,2026-05-02 21:00:48.057954,33.5731,-7.5898,17.89,17.61,72.0,1018.0,2.06,50.0,0.0,Clear,clear sky,2.0,3.38,8.38,2.02,95.23,4.69,105.25,21.0,5.0,2.0,5.0,1
92,Fes,2026-05-02 21:00:58.113914,34.0181,-5.0078,19.95,20.01,77.0,1017.0,3.09,320.0,75.0,Clouds,broken clouds,2.0,5.17,8.46,1.45,76.14,0.66,95.85,21.0,5.0,2.0,5.0,2
92,Marrakech,2026-05-02 21:00:54.590382,31.6295,-7.9811,22.98,22.61,49.0,1015.0,5.14,360.0,40.0,Clouds,scattered clouds,2.0,10.54,25.45,1.32,89.96,1.44,98.32,21.0,5.0,2.0,5.0,3
92,Rabat,2026-05-02 21:00:51.366085,34.0209,-6.8416,17.37,17.17,77.0,1018.0,2.06,330.0,75.0,Clouds,broken clouds,2.0,2.67,5.42,2.64,90.82,3.33,106.4,21.0,5.0,2.0,5.0,4
92,Tanger,2026-05-02 21:01:01.307759,35.7595,-5.834,19.77,19.71,73.0,1017.0,2.57,40.0,75.0,Clouds,broken clouds,3.0,2.93,6.86,1.01,109.68,1.3,106.27,21.0,5.0,2.0,5.0,5
93,Agadir,2026-05-02 22:01:23.907031,30.4278,-9.5981,18.06,17.75,70.0,1016.0,3.14,35.0,85.0,Clouds,overcast clouds,2.0,1.9,6.65,0.22,91.74,0.46,106.76,22.0,5.0,2.0,5.0,0
93,Casablanca,2026-05-02 22:01:06.974729,33.5731,-7.5898,17.89,17.61,72.0,1019.0,2.06,10.0,52.0,Clouds,broken clouds,2.0,3.3,8.59,2.05,92.88,4.28,107.12,22.0,5.0,2.0,5.0,1
93,Fes,2026-05-02 22:01:16.883527,34.0181,-5.0078,17.95,18.1,88.0,1018.0,4.12,320.0,75.0,Rain,light rain,2.0,4.99,8.23,1.69,74.06,0.66,96.43,22.0,5.0,2.0,5.0,2
93,Marrakech,2026-05-02 22:01:13.564908,31.6295,-7.9811,20.98,20.49,52.0,1017.0,5.14,360.0,40.0,Clouds,scattered clouds,2.0,10.2,24.51,1.51,88.01,1.46,99.51,22.0,5.0,2.0,5.0,3
93,Rabat,2026-05-02 22:01:10.249097,34.0209,-6.8416,17.37,17.3,82.0,1019.0,1.54,320.0,75.0,Clouds,broken clouds,2.0,2.53,5.37,2.59,88.42,3.21,107.53,22.0,5.0,2.0,5.0,4
93,Tanger,2026-05-02 22:01:20.426335,35.7595,-5.834,18.77,18.71,77.0,1017.0,2.06,100.0,75.0,Clouds,broken clouds,3.0,2.65,6.28,1.01,105.95,1.23,106.55,22.0,5.0,2.0,5.0,5
94,Agadir,2026-05-03 20:58:35.519015,30.4278,-9.5981,18.06,17.72,69.0,1013.0,2.62,23.0,88.0,Clouds,overcast clouds,2.0,1.8,6.02,0.22,82.55,0.45,108.31,20.0,6.0,3.0,5.0,0
94,Casablanca,2026-05-03 20:57:57.349192,33.5731,-7.5898,18.95,18.73,70.0,1017.0,2.57,10.0,40.0,Clouds,scattered clouds,2.0,2.51,7.09,1.74,82.33,4.34,104.44,20.0,6.0,3.0,5.0,1
94,Fes,2026-05-03 20:58:28.905339,34.0181,-5.0078,19.97,19.9,72.0,1015.0,2.06,330.0,75.0,Clouds,broken clouds,2.0,4.01,6.2,1.35,66.55,0.52,92.48,20.0,6.0,3.0,5.0,2
94,Marrakech,2026-05-03 20:58:04.308413,31.6295,-7.9811,23.98,23.74,50.0,1014.0,3.09,10.0,40.0,Clouds,scattered clouds,2.0,10.25,28.19,1.4,90.53,1.58,97.56,20.0,6.0,3.0,5.0,3
94,Rabat,2026-05-03 20:58:00.541321,34.0209,-6.8416,18.37,18.56,88.0,1017.0,2.57,320.0,75.0,Clouds,broken clouds,2.0,2.44,4.39,2.44,78.37,3.07,105.25,20.0,6.0,3.0,5.0,4
94,Tanger,2026-05-03 20:58:32.156612,35.7595,-5.834,17.74,17.71,82.0,1016.0,2.06,250.0,75.0,Clouds,broken clouds,2.0,1.07,2.85,1.24,83.61,0.61,111.26,20.0,6.0,3.0,5.0,5
95,Agadir,2026-05-03 21:58:54.468393,30.4278,-9.5981,18.03,17.82,74.0,1014.0,3.03,90.0,65.0,Clouds,broken clouds,2.0,1.76,6.18,0.21,84.03,0.44,110.33,21.0,6.0,3.0,5.0,0
95,Casablanca,2026-05-03 21:58:37.735735,33.5731,-7.5898,17.89,17.75,77.0,1017.0,2.57,20.0,37.0,Clouds,scattered clouds,2.0,2.5,7.36,1.91,81.02,4.25,107.34,21.0,6.0,3.0,5.0,1
95,Fes,2026-05-03 21:58:47.651096,34.0181,-5.0078,17.95,17.81,77.0,1016.0,4.12,320.0,75.0,Clouds,broken clouds,2.0,3.66,5.72,1.48,62.42,0.51,92.96,21.0,6.0,3.0,5.0,2
95,Marrakech,2026-05-03 21:58:44.427107,31.6295,-7.9811,21.98,21.7,56.0,1015.0,4.12,360.0,40.0,Clouds,scattered clouds,2.0,10.17,27.74,1.59,89.06,1.58,98.86,21.0,6.0,3.0,5.0,3
95,Rabat,2026-05-03 21:58:40.992394,34.0209,-6.8416,17.37,17.46,88.0,1017.0,2.06,340.0,40.0,Clouds,scattered clouds,2.0,2.2,4.14,2.5,76.72,2.89,107.33,21.0,6.0,3.0,5.0,4
95,Tanger,2026-05-03 21:58:51.014185,35.7595,-5.834,17.74,17.71,82.0,1016.0,2.57,240.0,75.0,Clouds,broken clouds,2.0,1.11,3.11,1.35,82.99,0.65,112.46,21.0,6.0,3.0,5.0,5
96,Agadir,2026-05-03 22:59:13.339387,30.4278,-9.5981,18.06,17.98,79.0,1015.0,3.25,113.0,73.0,Clouds,broken clouds,2.0,1.76,6.34,0.23,85.26,0.44,111.49,22.0,6.0,3.0,5.0,0
96,Casablanca,2026-05-03 22:58:57.096195,33.5731,-7.5898,17.89,17.75,77.0,1017.0,2.06,30.0,52.0,Clouds,broken clouds,2.0,2.48,7.5,1.96,78.48,3.76,107.7,22.0,6.0,3.0,5.0,1
96,Fes,2026-05-03 22:59:06.784294,34.0181,-5.0078,16.95,16.84,82.0,1017.0,3.6,310.0,75.0,Clouds,broken clouds,1.0,3.32,5.17,1.6,55.3,0.37,91.45,22.0,6.0,3.0,5.0,2
96,Marrakech,2026-05-03 22:59:03.594057,31.6295,-7.9811,19.98,19.6,60.0,1016.0,3.6,30.0,40.0,Clouds,scattered clouds,2.0,9.99,26.83,1.75,85.78,1.44,98.02,22.0,6.0,3.0,5.0,3
96,Rabat,2026-05-03 22:59:00.309793,34.0209,-6.8416,16.37,16.36,88.0,1017.0,0.0,0.0,71.0,Clouds,broken clouds,2.0,2.01,3.91,2.5,74.17,2.73,107.47,22.0,6.0,3.0,5.0,4
96,Tanger,2026-05-03 22:59:10.052988,35.7595,-5.834,16.74,16.77,88.0,1017.0,3.09,260.0,75.0,Clouds,broken clouds,2.0,1.18,3.41,1.44,82.59,0.68,113.28,22.0,6.0,3.0,5.0,5
97,Agadir,2026-05-04 07:40:36.950152,30.4278,-9.5981,14.06,13.66,82.0,1014.0,2.37,124.0,3.0,Clear,clear sky,2.0,2.78,10.33,0.42,78.01,0.87,108.78,7.0,0.0,4.0,5.0,0
97,Casablanca,2026-05-04 07:40:19.447181,33.5731,-7.5898,16.84,16.46,72.0,1017.0,0.51,0.0,100.0,Clouds,overcast clouds,2.0,3.47,10.82,2.34,72.23,2.88,111.47,7.0,0.0,4.0,5.0,1
97,Fes,2026-05-04 07:40:30.296416,34.0181,-5.0078,14.95,15.11,100.0,1017.0,2.57,290.0,100.0,Clouds,overcast clouds,1.0,2.37,4.14,2.0,29.16,0.11,89.42,7.0,0.0,4.0,5.0,2
97,Marrakech,2026-05-04 07:40:26.384540,31.6295,-7.9811,14.98,14.67,82.0,1016.0,1.54,230.0,75.0,Clouds,broken clouds,2.0,11.69,26.99,3.85,71.04,0.99,100.64,7.0,0.0,4.0,5.0,3
97,Rabat,2026-05-04 07:40:23.083826,34.0209,-6.8416,14.37,14.32,94.0,1017.0,0.0,0.0,75.0,Clouds,broken clouds,2.0,3.12,5.91,3.92,66.45,3.33,111.5,7.0,0.0,4.0,5.0,4
97,Tanger,2026-05-04 07:40:33.663374,35.7595,-5.834,15.74,15.67,88.0,1016.0,1.54,220.0,75.0,Clouds,broken clouds,2.0,1.46,3.94,3.33,75.39,1.48,116.91,7.0,0.0,4.0,5.0,5
98,Agadir,2026-05-04 08:40:58.411061,30.4278,-9.5981,15.06,14.68,79.0,1015.0,2.33,150.0,3.0,Clear,clear sky,2.0,3.19,11.91,0.49,77.09,0.98,108.53,8.0,0.0,4.0,5.0,0
98,Casablanca,2026-05-04 08:40:39.680212,33.5731,-7.5898,17.89,17.61,72.0,1017.0,1.03,50.0,75.0,Clouds,broken clouds,2.0,3.42,10.43,2.59,74.02,3.37,110.98,8.0,0.0,4.0,5.0,1
98,Fes,2026-05-04 08:40:50.325128,34.0181,-5.0078,14.95,15.11,100.0,1017.0,2.06,330.0,100.0,Clouds,overcast clouds,1.0,2.23,3.95,2.02,28.99,0.13,89.03,8.0,0.0,4.0,5.0,2
98,Marrakech,2026-05-04 08:40:46.755202,31.6295,-7.9811,15.98,15.64,77.0,1016.0,2.06,260.0,75.0,Clouds,broken clouds,2.0,10.97,26.3,4.38,69.62,1.07,100.71,8.0,0.0,4.0,5.0,3
98,Rabat,2026-05-04 08:40:43.362761,34.0209,-6.8416,15.37,15.57,100.0,1017.0,0.0,0.0,75.0,Clouds,broken clouds,2.0,3.28,6.08,4.15,68.18,3.84,111.46,8.0,0.0,4.0,5.0,4
98,Tanger,2026-05-04 08:40:53.903392,35.7595,-5.834,16.74,16.61,82.0,1016.0,2.06,220.0,75.0,Clouds,broken clouds,2.0,1.6,4.17,4.03,73.58,1.47,118.34,8.0,0.0,4.0,5.0,5
99,Agadir,2026-05-04 09:41:16.839955,30.4278,-9.5981,18.06,17.88,75.0,1015.0,2.56,183.0,3.0,Clear,clear sky,2.0,3.55,13.26,0.44,77.34,1.09,108.55,9.0,0.0,4.0,5.0,0
99,Casablanca,2026-05-04 09:41:00.503401,33.5731,-7.5898,18.95,18.68,68.0,1017.0,1.54,40.0,40.0,Clouds,scattered clouds,2.0,3.41,10.23,2.32,77.24,3.88,110.41,9.0,0.0,4.0,5.0,1
99,Fes,2026-05-04 09:41:10.321478,34.0181,-5.0078,14.95,14.96,94.0,1017.0,2.06,330.0,75.0,Clouds,broken clouds,1.0,2.09,3.62,1.69,33.21,0.16,88.88,9.0,0.0,4.0,5.0,2
99,Marrakech,2026-05-04 09:41:07.036255,31.6295,-7.9811,16.98,16.74,77.0,1016.0,1.54,260.0,75.0,Clouds,broken clouds,2.0,10.6,25.83,3.64,71.45,1.07,100.18,9.0,0.0,4.0,5.0,3
99,Rabat,2026-05-04 09:41:03.772123,34.0209,-6.8416,18.37,18.72,94.0,1017.0,0.0,0.0,75.0,Clouds,broken clouds,2.0,3.29,6.02,3.54,72.08,4.33,111.25,9.0,0.0,4.0,5.0,4
99,Tanger,2026-05-04 09:41:13.598844,35.7595,-5.834,17.74,17.58,77.0,1017.0,3.6,270.0,40.0,Clouds,scattered clouds,2.0,1.61,4.19,3.22,76.84,1.35,118.14,9.0,0.0,4.0,5.0,5
100,Agadir,2026-05-04 10:41:36.861747,30.4278,-9.5981,21.06,21.1,72.0,1015.0,2.66,239.0,3.0,Clear,clear sky,2.0,3.94,14.46,0.33,78.5,1.18,108.26,10.0,0.0,4.0,5.0,0
100,Casablanca,2026-05-04 10:41:19.609183,33.5731,-7.5898,20.0,19.73,64.0,1017.0,1.54,40.0,40.0,Clouds,scattered clouds,2.0,3.23,9.3,1.47,86.84,3.81,109.57,10.0,0.0,4.0,5.0,1
100,Fes,2026-05-04 10:41:29.955823,34.0181,-5.0078,15.95,16.06,94.0,1017.0,1.54,310.0,75.0,Clouds,broken clouds,2.0,3.23,5.57,0.56,66.94,0.44,92.58,10.0,0.0,4.0,5.0,2
100,Marrakech,2026-05-04 10:41:26.517764,31.6295,-7.9811,19.98,19.7,64.0,1016.0,1.54,0.0,40.0,Clouds,scattered clouds,2.0,9.06,22.35,2.18,82.06,1.09,100.17,10.0,0.0,4.0,5.0,3
100,Rabat,2026-05-04 10:41:23.292752,34.0209,-6.8416,20.37,20.37,73.0,1018.0,2.06,310.0,75.0,Clouds,broken clouds,2.0,3.13,5.52,2.13,84.28,4.42,109.98,10.0,0.0,4.0,5.0,4
100,Tanger,2026-05-04 10:41:33.641428,35.7595,-5.834,18.74,18.45,68.0,1017.0,4.63,280.0,75.0,Clouds,broken clouds,2.0,1.23,3.48,0.89,91.17,1.36,114.11,10.0,0.0,4.0,5.0,5
101,Agadir,2026-05-04 11:41:56.114632,30.4278,-9.5981,22.06,22.1,68.0,1015.0,3.76,259.0,1.0,Clear,clear sky,2.0,4.51,15.95,0.25,80.34,1.28,108.22,11.0,0.0,4.0,5.0,0
101,Casablanca,2026-05-04 11:41:39.237742,33.5731,-7.5898,20.01,19.74,64.0,1017.0,2.57,30.0,40.0,Clouds,scattered clouds,2.0,3.32,8.82,0.92,94.31,3.58,107.75,11.0,0.0,4.0,5.0,1
101,Fes,2026-05-04 11:41:49.479436,34.0181,-5.0078,15.95,16.21,100.0,1016.0,2.57,310.0,75.0,Clouds,broken clouds,2.0,3.27,5.51,0.4,71.09,0.44,91.59,11.0,0.0,4.0,5.0,2
101,Marrakech,2026-05-04 11:41:46.091880,31.6295,-7.9811,21.98,21.8,60.0,1016.0,1.54,0.0,40.0,Clouds,scattered clouds,2.0,8.79,21.92,1.37,85.64,0.97,98.89,11.0,0.0,4.0,5.0,3
101,Rabat,2026-05-04 11:41:42.701685,34.0209,-6.8416,20.37,20.37,73.0,1017.0,2.57,320.0,75.0,Clouds,broken clouds,2.0,3.45,5.68,1.4,91.48,4.4,108.46,11.0,0.0,4.0,5.0,4
101,Tanger,2026-05-04 11:41:52.842963,35.7595,-5.834,18.74,18.45,68.0,1017.0,4.12,290.0,40.0,Clouds,scattered clouds,2.0,1.17,3.28,0.57,95.24,1.18,114.02,11.0,0.0,4.0,5.0,5
102,Agadir,2026-05-04 12:42:14.649404,30.4278,-9.5981,24.06,24.19,64.0,1014.0,5.35,264.0,1.0,Clear,clear sky,2.0,5.17,17.29,0.2,81.94,1.4,108.71,12.0,0.0,4.0,5.0,0
102,Casablanca,2026-05-04 12:41:58.255039,33.5731,-7.5898,20.0,19.73,64.0,1017.0,3.6,40.0,40.0,Clouds,scattered clouds,2.0,3.85,9.07,0.64,99.53,3.75,106.47,12.0,0.0,4.0,5.0,1
102,Fes,2026-05-04 12:42:08.143305,34.0181,-5.0078,16.95,17.16,94.0,1016.0,2.06,300.0,75.0,Clouds,broken clouds,2.0,2.97,4.91,0.35,71.98,0.41,90.84,12.0,0.0,4.0,5.0,2
102,Marrakech,2026-05-04 12:42:04.863126,31.6295,-7.9811,22.98,22.72,53.0,1015.0,1.54,0.0,40.0,Clouds,scattered clouds,2.0,9.18,23.13,0.74,89.53,0.91,97.36,12.0,0.0,4.0,5.0,3
102,Rabat,2026-05-04 12:42:01.511445,34.0209,-6.8416,21.37,21.23,64.0,1017.0,3.09,310.0,75.0,Clouds,broken clouds,2.0,3.93,6.12,1.08,95.66,4.73,107.64,12.0,0.0,4.0,5.0,4
102,Tanger,2026-05-04 12:42:11.432690,35.7595,-5.834,18.74,18.45,68.0,1017.0,4.12,290.0,40.0,Clouds,scattered clouds,2.0,1.22,3.32,0.43,98.52,1.11,114.3,12.0,0.0,4.0,5.0,5
103,Agadir,2026-05-04 13:42:35.749988,30.4278,-9.5981,25.06,25.11,57.0,1013.0,5.37,279.0,3.0,Clear,clear sky,2.0,5.72,17.93,0.18,84.01,1.53,109.75,13.0,0.0,4.0,5.0,0
103,Casablanca,2026-05-04 13:42:17.318929,33.5731,-7.5898,20.78,20.48,60.0,1017.0,3.09,20.0,40.0,Clouds,scattered clouds,3.0,4.02,8.52,0.47,105.14,3.75,106.91,13.0,0.0,4.0,5.0,1
103,Fes,2026-05-04 13:42:28.086163,34.0181,-5.0078,17.95,18.1,88.0,1015.0,2.06,0.0,75.0,Clouds,broken clouds,2.0,2.51,4.09,0.25,78.19,0.35,91.7,13.0,0.0,4.0,5.0,2
103,Marrakech,2026-05-04 13:42:24.494124,31.6295,-7.9811,24.98,24.92,53.0,1014.0,2.06,0.0,40.0,Clouds,scattered clouds,2.0,7.35,19.58,0.4,90.41,0.86,97.92,13.0,0.0,4.0,5.0,3
103,Rabat,2026-05-04 13:42:20.808338,34.0209,-6.8416,21.37,21.23,64.0,1017.0,3.6,300.0,75.0,Clouds,broken clouds,3.0,4.12,6.17,0.79,100.63,4.68,108.46,13.0,0.0,4.0,5.0,4
103,Tanger,2026-05-04 13:42:32.071618,35.7595,-5.834,18.74,18.45,68.0,1017.0,5.14,300.0,40.0,Clouds,scattered clouds,3.0,1.3,3.44,0.36,101.55,1.06,114.83,13.0,0.0,4.0,5.0,5
104,Agadir,2026-05-04 13:52:51.193371,30.4278,-9.5981,25.06,25.11,57.0,1013.0,5.37,279.0,3.0,Clear,clear sky,2.0,5.72,17.93,0.18,84.01,1.53,109.75,13.0,0.0,4.0,5.0,0
104,Casablanca,2026-05-04 13:52:34.663496,33.5731,-7.5898,21.01,20.73,60.0,1017.0,3.09,20.0,40.0,Clouds,scattered clouds,3.0,4.02,8.52,0.47,105.14,3.75,106.91,13.0,0.0,4.0,5.0,1
104,Fes,2026-05-04 13:52:44.831236,34.0181,-5.0078,17.95,18.1,88.0,1015.0,2.06,0.0,75.0,Clouds,broken clouds,2.0,2.51,4.09,0.25,78.19,0.35,91.7,13.0,0.0,4.0,5.0,2
104,Marrakech,2026-05-04 13:52:41.648744,31.6295,-7.9811,24.98,24.92,53.0,1014.0,2.06,0.0,40.0,Clouds,scattered clouds,2.0,7.35,19.58,0.4,90.41,0.86,97.92,13.0,0.0,4.0,5.0,3
104,Rabat,2026-05-04 13:52:37.839471,34.0209,-6.8416,21.37,21.23,64.0,1017.0,3.6,320.0,75.0,Clouds,broken clouds,3.0,4.12,6.17,0.79,100.63,4.68,108.46,13.0,0.0,4.0,5.0,4
104,Tanger,2026-05-04 13:52:48.013919,35.7595,-5.834,18.74,18.45,68.0,1017.0,5.14,300.0,40.0,Clouds,scattered clouds,3.0,1.3,3.44,0.36,101.55,1.06,114.83,13.0,0.0,4.0,5.0,5
105,Agadir,2026-05-04 20:10:28.336565,30.4278,-9.5981,21.06,20.76,59.0,1011.0,6.51,322.0,0.0,Clear,clear sky,2.0,3.89,10.8,0.37,95.29,1.18,113.07,20.0,0.0,4.0,5.0,0
105,Casablanca,2026-05-04 20:10:10.843968,33.5731,-7.5898,18.88,18.6,68.0,1017.0,3.58,40.0,76.0,Clouds,broken clouds,3.0,2.99,7.16,1.4,100.96,4.42,109.44,20.0,0.0,4.0,5.0,1
105,Fes,2026-05-04 20:10:21.443091,34.0181,-5.0078,18.95,18.68,68.0,1015.0,3.6,330.0,75.0,Clouds,broken clouds,2.0,2.47,3.84,0.97,74.04,0.5,95.55,20.0,0.0,4.0,5.0,2
105,Marrakech,2026-05-04 20:10:17.690911,31.6295,-7.9811,25.98,25.98,36.0,1013.0,2.57,360.0,40.0,Clouds,scattered clouds,2.0,6.76,18.62,1.03,87.23,1.26,97.74,20.0,0.0,4.0,5.0,3
105,Rabat,2026-05-04 20:10:14.242496,34.0209,-6.8416,18.37,18.14,72.0,1017.0,3.6,350.0,40.0,Clouds,scattered clouds,2.0,2.58,5.35,2.45,96.54,4.07,111.85,20.0,0.0,4.0,5.0,4
105,Tanger,2026-05-04 20:10:25.043532,35.7595,-5.834,17.79,17.06,55.0,1016.0,4.63,260.0,20.0,Clouds,few clouds,3.0,1.59,3.91,0.89,113.35,1.09,117.93,20.0,0.0,4.0,5.0,5
106,Agadir,2026-05-04 21:10:46.315758,30.4278,-9.5981,19.06,18.74,66.0,1012.0,3.76,347.0,1.0,Clear,clear sky,2.0,3.38,10.04,0.37,95.36,1.06,113.43,21.0,0.0,4.0,5.0,0
106,Casablanca,2026-05-04 21:10:30.227417,33.5731,-7.5898,18.88,18.6,68.0,1018.0,3.58,40.0,79.0,Clouds,broken clouds,2.0,2.88,7.65,1.89,99.43,4.68,112.33,21.0,0.0,4.0,5.0,1
106,Fes,2026-05-04 21:10:39.879671,34.0181,-5.0078,16.36,15.72,64.0,1016.0,4.81,306.0,80.0,Clouds,broken clouds,2.0,2.49,3.97,1.39,69.82,0.58,97.34,21.0,0.0,4.0,5.0,2
106,Marrakech,2026-05-04 21:10:36.652756,31.6295,-7.9811,23.98,23.63,46.0,1014.0,5.14,360.0,75.0,Clouds,broken clouds,2.0,6.43,17.57,1.35,85.05,1.25,99.56,21.0,0.0,4.0,5.0,3
106,Rabat,2026-05-04 21:10:33.444756,34.0209,-6.8416,17.37,17.17,77.0,1018.0,3.09,350.0,40.0,Clouds,scattered clouds,2.0,2.28,5.16,2.72,94.02,3.86,113.69,21.0,0.0,4.0,5.0,4
106,Tanger,2026-05-04 21:10:43.118127,35.7595,-5.834,15.74,15.25,72.0,1017.0,4.63,270.0,20.0,Clouds,few clouds,3.0,1.55,3.86,1.0,112.21,1.08,118.41,21.0,0.0,4.0,5.0,5
107,Agadir,2026-05-04 22:11:06.124231,30.4278,-9.5981,18.06,17.78,71.0,1013.0,3.21,49.0,2.0,Clear,clear sky,2.0,3.02,9.65,0.35,95.43,0.96,114.07,22.0,0.0,4.0,5.0,0
107,Casablanca,2026-05-04 22:10:49.536875,33.5731,-7.5898,17.89,17.51,68.0,1018.0,3.09,50.0,76.0,Clouds,broken clouds,2.0,2.77,7.95,2.14,98.1,4.69,114.98,22.0,0.0,4.0,5.0,1
107,Fes,2026-05-04 22:10:59.535666,34.0181,-5.0078,14.96,14.34,70.0,1017.0,3.23,292.0,81.0,Clouds,broken clouds,2.0,2.49,4.11,1.67,67.64,0.63,98.9,22.0,0.0,4.0,5.0,2
107,Marrakech,2026-05-04 22:10:56.335606,31.6295,-7.9811,20.98,20.6,56.0,1015.0,6.17,30.0,75.0,Clouds,broken clouds,2.0,6.15,16.72,1.54,84.44,1.29,101.24,22.0,0.0,4.0,5.0,3
107,Rabat,2026-05-04 22:10:53.121141,34.0209,-6.8416,16.37,16.2,82.0,1018.0,2.06,360.0,40.0,Clouds,scattered clouds,2.0,2.15,5.06,2.61,93.42,3.66,115.19,22.0,0.0,4.0,5.0,4
107,Tanger,2026-05-04 22:11:02.751273,35.7595,-5.834,15.74,15.25,72.0,1017.0,3.09,260.0,20.0,Clouds,few clouds,3.0,1.5,3.88,1.0,110.91,1.04,118.43,22.0,0.0,4.0,5.0,5
108,Agadir,2026-05-04 23:11:24.933238,30.4278,-9.5981,18.06,17.8,72.0,1013.0,4.15,106.0,1.0,Clear,clear sky,2.0,2.79,9.48,0.35,95.26,0.89,114.41,23.0,0.0,4.0,5.0,0
108,Casablanca,2026-05-04 23:11:08.652363,33.5731,-7.5898,16.66,16.26,72.0,1018.0,1.34,60.0,71.0,Clouds,broken clouds,2.0,2.67,8.06,2.22,95.16,4.31,114.72,23.0,0.0,4.0,5.0,1
108,Fes,2026-05-04 23:11:18.421334,34.0181,-5.0078,14.17,13.55,73.0,1018.0,2.24,285.0,75.0,Clouds,broken clouds,2.0,2.44,4.13,1.96,63.3,0.55,98.12,23.0,0.0,4.0,5.0,2
108,Marrakech,2026-05-04 23:11:15.202814,31.6295,-7.9811,18.98,18.47,59.0,1016.0,5.14,40.0,75.0,Clouds,broken clouds,2.0,5.94,15.9,1.74,82.32,1.25,101.41,23.0,0.0,4.0,5.0,3
108,Rabat,2026-05-04 23:11:11.910311,34.0209,-6.8416,14.37,14.32,94.0,1018.0,1.54,20.0,40.0,Clouds,scattered clouds,2.0,2.07,4.92,2.51,92.54,3.47,114.89,23.0,0.0,4.0,5.0,4
108,Tanger,2026-05-04 23:11:21.634265,35.7595,-5.834,15.74,15.38,77.0,1017.0,3.09,260.0,20.0,Clouds,few clouds,3.0,1.49,4.04,1.1,108.17,0.98,117.96,23.0,0.0,4.0,5.0,5
109,Agadir,2026-05-05 00:11:44.106088,30.4278,-9.5981,17.06,16.78,75.0,1014.0,3.91,128.0,1.0,Clear,clear sky,2.0,2.65,9.4,0.34,95.53,0.84,115.0,0.0,1.0,5.0,5.0,0
109,Casablanca,2026-05-05 00:11:27.138832,33.5731,-7.5898,16.84,16.22,63.0,1018.0,2.57,50.0,67.0,Clouds,broken clouds,2.0,2.68,8.36,2.18,93.71,3.8,115.78,0.0,1.0,5.0,5.0,1
109,Fes,2026-05-05 00:11:37.270191,34.0181,-5.0078,14.95,14.51,77.0,1017.0,2.57,300.0,75.0,Clouds,broken clouds,1.0,2.44,4.18,2.17,57.73,0.42,98.06,0.0,1.0,5.0,5.0,2
109,Marrakech,2026-05-05 00:11:33.905848,31.6295,-7.9811,19.02,18.52,59.0,1016.0,3.6,50.0,75.0,Clouds,broken clouds,2.0,5.93,15.57,1.86,79.1,1.09,102.56,0.0,1.0,5.0,5.0,3
109,Rabat,2026-05-05 00:11:30.650588,34.0209,-6.8416,11.37,10.99,93.0,1018.0,0.0,0.0,40.0,Clouds,scattered clouds,2.0,2.06,4.88,2.41,92.83,3.35,115.59,0.0,1.0,5.0,5.0,4
109,Tanger,2026-05-05 00:11:40.772746,35.7595,-5.834,15.74,15.38,77.0,1017.0,3.6,260.0,20.0,Clouds,few clouds,3.0,1.5,4.35,1.22,105.31,0.91,117.46,0.0,1.0,5.0,5.0,5
110,Agadir,2026-05-05 00:54:42.067726,30.4278,-9.5981,17.06,16.88,79.0,1014.0,3.59,140.0,1.0,Clear,clear sky,2.0,2.56,9.37,0.31,95.57,0.79,115.33,0.0,1.0,5.0,5.0,0
110,Casablanca,2026-05-05 00:54:04.112428,33.5731,-7.5898,16.84,16.22,63.0,1017.0,2.57,50.0,69.0,Clouds,broken clouds,2.0,2.72,8.64,2.0,92.63,3.3,116.23,0.0,1.0,5.0,5.0,1
110,Fes,2026-05-05 00:54:35.361820,34.0181,-5.0078,14.95,14.51,77.0,1017.0,3.09,300.0,75.0,Clouds,broken clouds,1.0,2.46,4.28,2.16,53.07,0.35,97.85,0.0,1.0,5.0,5.0,2
110,Marrakech,2026-05-05 00:54:32.082462,31.6295,-7.9811,17.98,17.48,63.0,1016.0,2.06,40.0,20.0,Clouds,few clouds,2.0,5.95,15.43,1.75,75.79,0.89,103.45,0.0,1.0,5.0,5.0,3
110,Rabat,2026-05-05 00:54:07.710421,34.0209,-6.8416,10.37,9.89,93.0,1018.0,0.0,0.0,40.0,Clouds,scattered clouds,2.0,2.12,5.02,2.26,92.97,3.28,116.02,0.0,1.0,5.0,5.0,4
110,Tanger,2026-05-05 00:54:38.637911,35.7595,-5.834,15.74,15.38,77.0,1017.0,3.09,260.0,20.0,Clouds,few clouds,3.0,1.53,4.74,1.15,102.84,0.89,116.69,0.0,1.0,5.0,5.0,5
111,Agadir,2026-05-05 01:55:02.654667,30.4278,-9.5981,15.06,14.76,82.0,1013.0,3.32,104.0,1.0,Clear,clear sky,2.0,2.52,9.44,0.28,95.11,0.74,115.07,1.0,1.0,5.0,5.0,0
111,Casablanca,2026-05-05 01:54:44.648978,33.5731,-7.5898,16.84,16.22,63.0,1017.0,2.57,70.0,64.0,Clouds,broken clouds,2.0,2.77,8.9,1.77,91.04,2.9,115.71,1.0,1.0,5.0,5.0,1
111,Fes,2026-05-05 01:54:55.482224,34.0181,-5.0078,14.95,14.25,67.0,1017.0,2.57,280.0,75.0,Clouds,broken clouds,1.0,2.46,4.38,1.96,49.76,0.29,97.0,1.0,1.0,5.0,5.0,2
111,Marrakech,2026-05-05 01:54:51.794932,31.6295,-7.9811,16.98,16.48,67.0,1015.0,2.06,30.0,20.0,Clouds,few clouds,2.0,5.91,15.23,1.61,72.8,0.81,102.67,1.0,1.0,5.0,5.0,3
111,Rabat,2026-05-05 01:54:48.264359,34.0209,-6.8416,9.37,9.37,100.0,1017.0,0.0,0.0,40.0,Clouds,scattered clouds,2.0,2.22,5.25,2.09,92.68,3.17,115.6,1.0,1.0,5.0,5.0,4
111,Tanger,2026-05-05 01:54:58.963060,35.7595,-5.834,15.74,15.38,77.0,1016.0,2.57,250.0,20.0,Clouds,few clouds,3.0,1.57,5.09,1.03,101.14,0.92,115.52,1.0,1.0,5.0,5.0,5
112,Agadir,2026-05-05 09:03:30.031871,30.4278,-9.5981,17.06,16.94,81.0,1014.0,3.49,105.0,97.0,Clouds,overcast clouds,2.0,3.34,11.94,0.61,90.78,0.9,115.74,9.0,1.0,5.0,5.0,0
112,Casablanca,2026-05-05 09:03:13.831370,33.5731,-7.5898,16.84,16.22,63.0,1016.0,1.54,120.0,75.0,Clouds,broken clouds,2.0,3.92,11.43,2.43,89.73,2.83,115.77,9.0,1.0,5.0,5.0,1
112,Fes,2026-05-05 09:03:23.482886,34.0181,-5.0078,13.95,13.39,76.0,1016.0,2.06,310.0,75.0,Clouds,broken clouds,1.0,2.96,5.21,1.68,37.73,0.2,96.22,9.0,1.0,5.0,5.0,2
112,Marrakech,2026-05-05 09:03:20.225311,31.6295,-7.9811,15.98,15.51,72.0,1015.0,2.06,260.0,0.0,Clear,clear sky,2.0,6.65,15.63,3.96,72.21,1.15,106.23,9.0,1.0,5.0,5.0,3
112,Rabat,2026-05-05 09:03:17.026313,34.0209,-6.8416,14.37,14.47,100.0,1016.0,0.0,0.0,40.0,Clouds,scattered clouds,2.0,3.53,7.52,3.74,86.15,3.51,115.7,9.0,1.0,5.0,5.0,4
112,Tanger,2026-05-05 09:03:26.762605,35.7595,-5.834,15.74,15.38,77.0,1016.0,3.09,180.0,20.0,Clouds,few clouds,2.0,2.43,6.73,4.86,81.8,1.51,120.44,9.0,1.0,5.0,5.0,5
113,Agadir,2026-05-05 10:03:48.139050,30.4278,-9.5981,20.06,20.03,73.0,1014.0,3.24,146.0,99.0,Clouds,overcast clouds,2.0,3.54,12.46,0.56,90.92,0.94,115.62,10.0,1.0,5.0,5.0,0
113,Casablanca,2026-05-05 10:03:32.060693,33.5731,-7.5898,17.89,17.28,59.0,1016.0,2.57,90.0,40.0,Clouds,scattered clouds,2.0,4.22,11.91,2.15,92.48,3.25,114.52,10.0,1.0,5.0,5.0,1
113,Fes,2026-05-05 10:03:41.721910,34.0181,-5.0078,13.95,13.39,76.0,1016.0,3.09,300.0,75.0,Clouds,broken clouds,1.0,3.02,5.45,1.23,43.18,0.23,95.77,10.0,1.0,5.0,5.0,2
113,Marrakech,2026-05-05 10:03:38.490037,31.6295,-7.9811,18.98,18.71,68.0,1015.0,1.03,0.0,0.0,Clear,clear sky,2.0,6.73,15.87,3.45,74.1,1.14,106.2,10.0,1.0,5.0,5.0,3
113,Rabat,2026-05-05 10:03:35.285660,34.0209,-6.8416,18.37,18.14,72.0,1017.0,2.06,50.0,40.0,Clouds,scattered clouds,2.0,3.71,7.83,3.36,88.29,4.12,114.56,10.0,1.0,5.0,5.0,4
113,Tanger,2026-05-05 10:03:44.934141,35.7595,-5.834,17.74,17.35,68.0,1016.0,3.09,200.0,40.0,Clouds,scattered clouds,2.0,2.42,6.32,4.4,84.28,1.59,120.44,10.0,1.0,5.0,5.0,5
114,Agadir,2026-05-05 11:04:07.017834,30.4278,-9.5981,22.06,22.15,70.0,1014.0,3.02,166.0,86.0,Clouds,overcast clouds,2.0,3.78,12.95,0.53,91.55,0.91,115.53,11.0,1.0,5.0,5.0,0
114,Casablanca,2026-05-05 11:03:50.580507,33.5731,-7.5898,17.89,17.28,59.0,1017.0,2.57,60.0,75.0,Clouds,broken clouds,3.0,4.25,11.34,1.25,101.12,3.63,112.26,11.0,1.0,5.0,5.0,1
114,Fes,2026-05-05 11:04:00.363006,34.0181,-5.0078,14.95,14.38,72.0,1016.0,2.57,330.0,75.0,Clouds,broken clouds,2.0,3.11,5.85,0.34,77.1,0.53,99.33,11.0,1.0,5.0,5.0,2
114,Marrakech,2026-05-05 11:03:57.087462,31.6295,-7.9811,19.98,19.6,60.0,1015.0,1.54,220.0,0.0,Clear,clear sky,2.0,5.44,13.95,1.98,89.09,1.21,104.45,11.0,1.0,5.0,5.0,3
114,Rabat,2026-05-05 11:03:53.814120,34.0209,-6.8416,18.37,17.91,63.0,1017.0,2.06,20.0,40.0,Clouds,scattered clouds,2.0,3.88,7.96,2.15,97.26,4.45,112.77,11.0,1.0,5.0,5.0,4
114,Tanger,2026-05-05 11:04:03.644476,35.7595,-5.834,18.74,18.31,63.0,1016.0,3.09,240.0,40.0,Clouds,scattered clouds,3.0,2.02,5.43,1.58,101.98,1.8,116.06,11.0,1.0,5.0,5.0,5
115,Agadir,2026-05-05 15:29:26.152383,30.4278,-9.5981,27.06,28.08,59.0,1012.0,4.75,277.0,100.0,Clouds,overcast clouds,3.0,6.71,17.9,0.56,103.36,1.47,117.06,15.0,1.0,5.0,5.0,0
115,Casablanca,2026-05-05 15:29:09.382726,33.5731,-7.5898,20.01,19.35,49.0,1015.0,3.6,20.0,75.0,Clouds,broken clouds,3.0,4.29,8.71,0.44,118.26,3.79,106.78,15.0,1.0,5.0,5.0,1
115,Fes,2026-05-05 15:29:19.284883,34.0181,-5.0078,20.95,20.46,52.0,1013.0,4.12,320.0,40.0,Clouds,scattered clouds,2.0,2.16,3.91,0.18,79.66,0.34,95.15,15.0,1.0,5.0,5.0,2
115,Marrakech,2026-05-05 15:29:15.914657,31.6295,-7.9811,25.98,25.98,44.0,1012.0,2.06,0.0,40.0,Clouds,scattered clouds,2.0,4.08,12.08,0.27,79.55,0.95,94.72,15.0,1.0,5.0,5.0,3
115,Rabat,2026-05-05 15:29:12.582289,34.0209,-6.8416,21.37,20.76,46.0,1015.0,4.63,330.0,75.0,Clouds,broken clouds,3.0,4.2,7.02,0.63,114.54,4.03,107.78,15.0,1.0,5.0,5.0,4
115,Tanger,2026-05-05 15:29:22.674521,35.7595,-5.834,19.74,19.23,56.0,1015.0,5.66,300.0,40.0,Clouds,scattered clouds,3.0,1.89,4.46,0.45,111.18,1.27,114.51,15.0,1.0,5.0,5.0,5
116,Agadir,2026-05-05 16:29:46.767673,30.4278,-9.5981,25.06,25.08,56.0,1011.0,5.16,276.0,100.0,Clouds,overcast clouds,3.0,7.56,19.59,0.6,103.56,1.47,117.83,16.0,1.0,5.0,5.0,0
116,Casablanca,2026-05-05 16:29:29.448710,33.5731,-7.5898,19.01,18.22,48.0,1015.0,4.12,30.0,75.0,Clouds,broken clouds,3.0,4.54,8.93,0.5,119.99,4.35,105.94,16.0,1.0,5.0,5.0,1
116,Fes,2026-05-05 16:29:39.807375,34.0181,-5.0078,21.95,21.48,49.0,1012.0,3.6,330.0,40.0,Clouds,scattered clouds,2.0,2.09,3.69,0.22,79.66,0.3,94.44,16.0,1.0,5.0,5.0,2
116,Marrakech,2026-05-05 16:29:36.316398,31.6295,-7.9811,26.98,26.9,41.0,1011.0,2.06,0.0,40.0,Clouds,scattered clouds,2.0,3.6,10.74,0.29,75.3,0.89,92.83,16.0,1.0,5.0,5.0,3
116,Rabat,2026-05-05 16:29:32.967263,34.0209,-6.8416,19.37,18.8,55.0,1015.0,4.63,310.0,75.0,Clouds,broken clouds,3.0,4.04,6.77,0.69,115.31,4.01,107.16,16.0,1.0,5.0,5.0,4
116,Tanger,2026-05-05 16:29:43.316824,35.7595,-5.834,18.74,18.11,55.0,1015.0,5.66,290.0,40.0,Clouds,scattered clouds,3.0,1.84,4.23,0.44,111.17,1.19,114.32,16.0,1.0,5.0,5.0,5
117,Agadir,2026-05-05 17:30:07.834967,30.4278,-9.5981,26.06,26.06,51.0,1010.0,4.4,300.0,100.0,Clouds,overcast clouds,3.0,8.87,21.6,0.82,101.94,1.51,118.12,17.0,1.0,5.0,5.0,0
117,Casablanca,2026-05-05 17:29:49.958669,33.5731,-7.5898,18.95,18.26,52.0,1015.0,3.6,30.0,40.0,Clouds,scattered clouds,3.0,4.51,8.95,0.64,121.31,4.82,106.66,17.0,1.0,5.0,5.0,1
117,Fes,2026-05-05 17:30:00.461192,34.0181,-5.0078,20.95,20.46,52.0,1012.0,4.63,340.0,40.0,Clouds,scattered clouds,2.0,2.24,4.01,0.29,81.79,0.31,95.26,17.0,1.0,5.0,5.0,2
117,Marrakech,2026-05-05 17:29:56.978369,31.6295,-7.9811,27.98,27.39,36.0,1011.0,2.06,0.0,40.0,Clouds,scattered clouds,2.0,3.42,10.18,0.36,73.93,0.88,93.22,17.0,1.0,5.0,5.0,3
117,Rabat,2026-05-05 17:29:53.372139,34.0209,-6.8416,19.37,18.8,55.0,1015.0,4.12,330.0,95.0,Clouds,overcast clouds,3.0,3.73,6.48,0.91,115.34,4.03,107.49,17.0,1.0,5.0,5.0,4
117,Tanger,2026-05-05 17:30:04.148581,35.7595,-5.834,18.75,17.86,45.0,1014.0,5.66,300.0,75.0,Clouds,broken clouds,3.0,1.65,3.74,0.64,110.23,1.05,114.94,17.0,1.0,5.0,5.0,5
118,Agadir,2026-05-05 18:30:26.161194,30.4278,-9.5981,25.06,25.01,53.0,1010.0,4.19,316.0,100.0,Clouds,overcast clouds,3.0,8.7,20.86,0.75,102.89,1.56,117.32,18.0,1.0,5.0,5.0,0
118,Casablanca,2026-05-05 18:30:10.027587,33.5731,-7.5898,18.44,17.75,54.0,1015.0,4.12,30.0,40.0,Clouds,scattered clouds,3.0,3.75,8.6,1.14,118.06,5.07,109.07,18.0,1.0,5.0,5.0,1
118,Fes,2026-05-05 18:30:19.681525,34.0181,-5.0078,19.95,19.36,52.0,1013.0,5.14,340.0,75.0,Clouds,broken clouds,2.0,2.61,4.82,0.43,86.94,0.52,97.38,18.0,1.0,5.0,5.0,2
118,Marrakech,2026-05-05 18:30:16.477319,31.6295,-7.9811,25.98,25.98,36.0,1011.0,3.6,350.0,40.0,Clouds,scattered clouds,2.0,3.29,9.55,0.57,72.42,0.85,93.31,18.0,1.0,5.0,5.0,3
118,Rabat,2026-05-05 18:30:13.218890,34.0209,-6.8416,18.37,18.04,68.0,1015.0,4.63,340.0,97.0,Clouds,overcast clouds,3.0,2.91,5.73,1.81,110.64,3.99,110.54,18.0,1.0,5.0,5.0,4
118,Tanger,2026-05-05 18:30:22.894541,35.7595,-5.834,17.74,16.93,52.0,1014.0,5.14,290.0,75.0,Clouds,broken clouds,3.0,1.55,3.59,0.77,109.11,1.03,115.17,18.0,1.0,5.0,5.0,5
119,Agadir,2026-05-05 19:30:44.086528,30.4278,-9.5981,24.06,23.98,56.0,1010.0,2.95,333.0,100.0,Clouds,overcast clouds,3.0,7.63,18.63,0.56,107.37,1.68,116.03,19.0,1.0,5.0,5.0,0
119,Casablanca,2026-05-05 19:30:27.973588,33.5731,-7.5898,18.01,17.3,55.0,1015.0,4.12,20.0,40.0,Clouds,scattered clouds,3.0,3.16,8.09,1.6,112.31,4.79,109.4,19.0,1.0,5.0,5.0,1
119,Fes,2026-05-05 19:30:37.618604,34.0181,-5.0078,19.95,19.25,48.0,1014.0,4.12,340.0,75.0,Clouds,broken clouds,2.0,2.8,5.16,0.81,83.76,0.62,97.48,19.0,1.0,5.0,5.0,2
119,Marrakech,2026-05-05 19:30:34.449002,31.6295,-7.9811,24.98,24.4,33.0,1012.0,4.63,360.0,40.0,Clouds,scattered clouds,2.0,3.48,10.04,0.88,71.91,0.91,93.84,19.0,1.0,5.0,5.0,3
119,Rabat,2026-05-05 19:30:31.202103,34.0209,-6.8416,17.37,17.04,72.0,1015.0,3.6,340.0,75.0,Clouds,broken clouds,3.0,2.38,5.09,2.44,105.31,3.89,111.3,19.0,1.0,5.0,5.0,4
119,Tanger,2026-05-05 19:30:40.857601,35.7595,-5.834,17.77,16.96,52.0,1014.0,4.63,290.0,75.0,Clouds,broken clouds,3.0,1.46,3.48,0.85,107.51,1.02,115.22,19.0,1.0,5.0,5.0,5
120,Agadir,2026-05-05 20:31:03.574151,30.4278,-9.5981,21.06,20.79,60.0,1010.0,2.09,344.0,100.0,Clouds,overcast clouds,3.0,6.32,16.12,0.51,109.57,1.59,115.32,20.0,1.0,5.0,5.0,0
120,Casablanca,2026-05-05 20:30:47.003510,33.5731,-7.5898,18.01,17.51,63.0,1016.0,3.09,20.0,40.0,Clouds,scattered clouds,3.0,2.73,7.95,2.0,107.36,4.66,111.41,20.0,1.0,5.0,5.0,1
120,Fes,2026-05-05 20:30:57.039744,34.0181,-5.0078,17.95,17.34,59.0,1015.0,4.12,320.0,75.0,Clouds,broken clouds,2.0,3.01,5.53,1.31,78.43,0.62,98.65,20.0,1.0,5.0,5.0,2
120,Marrakech,2026-05-05 20:30:53.549575,31.6295,-7.9811,23.98,23.35,35.0,1013.0,3.6,330.0,40.0,Clouds,scattered clouds,2.0,3.95,11.46,1.26,72.33,1.04,96.15,20.0,1.0,5.0,5.0,3
120,Rabat,2026-05-05 20:30:50.271362,34.0209,-6.8416,17.37,16.91,67.0,1016.0,3.09,330.0,75.0,Clouds,broken clouds,3.0,2.09,4.76,2.74,101.34,3.85,113.17,20.0,1.0,5.0,5.0,4
120,Tanger,2026-05-05 20:31:00.318334,35.7595,-5.834,17.74,16.93,52.0,1015.0,4.12,290.0,75.0,Clouds,broken clouds,3.0,1.4,3.42,0.87,105.9,1.02,115.08,20.0,1.0,5.0,5.0,5
121,Agadir,2026-05-05 21:57:42.239708,30.4278,-9.5981,18.06,17.59,64.0,1011.0,1.87,82.0,77.0,Clouds,broken clouds,3.0,5.21,14.33,0.44,110.38,1.4,115.16,21.0,1.0,5.0,5.0,0
121,Casablanca,2026-05-05 21:57:25.506922,33.5731,-7.5898,16.84,16.33,67.0,1016.0,3.09,30.0,64.0,Clouds,broken clouds,3.0,2.48,7.92,2.17,103.56,4.56,113.34,21.0,1.0,5.0,5.0,1
121,Fes,2026-05-05 21:57:35.536233,34.0181,-5.0078,14.95,14.51,77.0,1015.0,4.12,300.0,40.0,Clouds,scattered clouds,2.0,3.11,5.75,1.66,74.29,0.59,99.74,21.0,1.0,5.0,5.0,2
121,Marrakech,2026-05-05 21:57:32.220360,31.6295,-7.9811,20.98,20.33,46.0,1013.0,4.63,360.0,40.0,Clouds,scattered clouds,2.0,4.27,12.5,1.48,73.26,1.16,98.32,21.0,1.0,5.0,5.0,3
121,Rabat,2026-05-05 21:57:28.983061,34.0209,-6.8416,16.37,15.81,67.0,1016.0,2.06,350.0,75.0,Clouds,broken clouds,2.0,1.99,4.67,2.73,98.83,3.78,114.78,21.0,1.0,5.0,5.0,4
121,Tanger,2026-05-05 21:57:38.758043,35.7595,-5.834,16.74,16.11,63.0,1015.0,3.6,270.0,0.0,Clear,clear sky,3.0,1.39,3.54,0.87,104.85,1.04,115.3,21.0,1.0,5.0,5.0,5
122,Agadir,2026-05-05 22:58:00.957856,30.4278,-9.5981,18.06,17.72,69.0,1012.0,2.89,115.0,76.0,Clouds,broken clouds,3.0,4.42,13.08,0.41,109.28,1.19,114.69,22.0,1.0,5.0,5.0,0
122,Casablanca,2026-05-05 22:57:44.656763,33.5731,-7.5898,16.84,16.33,67.0,1016.0,2.57,30.0,52.0,Clouds,broken clouds,2.0,2.39,8.01,2.24,99.22,4.2,113.37,22.0,1.0,5.0,5.0,1
122,Fes,2026-05-05 22:57:54.548072,34.0181,-5.0078,13.95,13.54,82.0,1015.0,2.57,300.0,40.0,Clouds,scattered clouds,2.0,3.07,5.67,1.94,68.5,0.55,98.79,22.0,1.0,5.0,5.0,2
122,Marrakech,2026-05-05 22:57:51.054127,31.6295,-7.9811,17.98,17.27,55.0,1014.0,4.63,20.0,40.0,Clouds,scattered clouds,2.0,4.38,12.93,1.59,72.79,1.25,98.43,22.0,1.0,5.0,5.0,3
122,Rabat,2026-05-05 22:57:47.856315,34.0209,-6.8416,16.37,15.94,72.0,1016.0,2.06,360.0,40.0,Clouds,scattered clouds,2.0,2.01,4.71,2.72,95.82,3.7,114.42,22.0,1.0,5.0,5.0,4
122,Tanger,2026-05-05 22:57:57.743628,35.7595,-5.834,16.77,16.25,67.0,1015.0,3.6,270.0,0.0,Clear,clear sky,3.0,1.49,3.97,1.05,103.14,1.06,115.59,22.0,1.0,5.0,5.0,5
123,Agadir,2026-05-05 23:58:19.786202,30.4278,-9.5981,17.06,16.7,72.0,1012.0,3.0,132.0,64.0,Clouds,broken clouds,3.0,3.81,11.95,0.38,107.7,1.01,114.75,23.0,1.0,5.0,5.0,0
123,Casablanca,2026-05-05 23:58:03.265204,33.5731,-7.5898,16.84,16.22,63.0,1016.0,2.57,40.0,48.0,Clouds,scattered clouds,2.0,2.47,8.39,2.21,96.86,3.7,114.51,23.0,1.0,5.0,5.0,1
123,Fes,2026-05-05 23:58:12.922448,34.0181,-5.0078,12.95,12.44,82.0,1015.0,2.57,290.0,40.0,Clouds,scattered clouds,2.0,3.05,5.62,2.15,65.13,0.54,98.68,23.0,1.0,5.0,5.0,2
123,Marrakech,2026-05-05 23:58:09.625397,31.6295,-7.9811,16.98,16.27,59.0,1014.0,3.6,30.0,40.0,Clouds,scattered clouds,2.0,4.5,13.34,1.7,73.32,1.3,99.43,23.0,1.0,5.0,5.0,3
123,Rabat,2026-05-05 23:58:06.437906,34.0209,-6.8416,16.37,15.94,72.0,1016.0,0.0,0.0,40.0,Clouds,scattered clouds,2.0,2.11,4.87,2.69,93.83,3.67,114.56,23.0,1.0,5.0,5.0,4
123,Tanger,2026-05-05 23:58:16.383246,35.7595,-5.834,15.74,15.38,77.0,1015.0,2.06,280.0,0.0,Clear,clear sky,3.0,1.67,4.69,1.26,101.33,1.07,116.03,23.0,1.0,5.0,5.0,5
124,Agadir,2026-05-06 00:58:38.638716,30.4278,-9.5981,17.06,16.86,78.0,1012.0,3.08,128.0,64.0,Clouds,broken clouds,3.0,3.35,11.03,0.34,106.81,0.9,115.34,0.0,2.0,6.0,5.0,0
124,Casablanca,2026-05-06 00:58:22.441919,33.5731,-7.5898,17.01,16.31,59.0,1015.0,2.06,40.0,54.0,Clouds,broken clouds,2.0,2.6,8.82,2.04,95.24,3.27,115.2,0.0,2.0,6.0,5.0,1
124,Fes,2026-05-06 00:58:32.188929,34.0181,-5.0078,11.95,11.47,87.0,1015.0,2.06,280.0,40.0,Clouds,scattered clouds,2.0,3.03,5.6,2.15,64.38,0.53,98.98,0.0,2.0,6.0,5.0,2
124,Marrakech,2026-05-06 00:58:28.917209,31.6295,-7.9811,15.98,15.17,59.0,1014.0,2.06,10.0,40.0,Clouds,scattered clouds,2.0,4.62,13.7,1.69,73.85,1.31,100.26,0.0,2.0,6.0,5.0,3
124,Rabat,2026-05-06 00:58:25.678201,34.0209,-6.8416,13.37,12.9,82.0,1015.0,0.0,0.0,40.0,Clouds,scattered clouds,2.0,2.24,5.06,2.54,92.2,3.59,114.34,0.0,2.0,6.0,5.0,4
124,Tanger,2026-05-06 00:58:35.396578,35.7595,-5.834,15.74,15.38,77.0,1014.0,1.54,170.0,0.0,Clear,clear sky,3.0,1.86,5.58,1.26,100.38,1.12,116.38,0.0,2.0,6.0,5.0,5
125,Agadir,2026-05-06 08:46:15.494529,30.4278,-9.5981,17.06,16.81,76.0,1012.0,2.12,114.0,23.0,Clouds,few clouds,2.0,4.04,13.73,0.74,94.42,1.54,113.7,8.0,2.0,6.0,5.0,0
125,Casablanca,2026-05-06 08:45:59.021036,33.5731,-7.5898,17.89,17.28,59.0,1013.0,1.54,40.0,40.0,Clouds,scattered clouds,2.0,4.37,12.72,2.73,81.66,2.26,115.04,8.0,2.0,6.0,5.0,1
125,Fes,2026-05-06 08:46:08.641501,34.0181,-5.0078,12.95,12.29,76.0,1013.0,1.54,310.0,75.0,Clouds,broken clouds,2.0,3.96,6.77,2.31,64.44,0.61,101.32,8.0,2.0,6.0,5.0,2
125,Marrakech,2026-05-06 08:46:05.428713,31.6295,-7.9811,13.98,13.31,72.0,1013.0,1.54,230.0,0.0,Clear,clear sky,2.0,5.52,14.86,4.19,64.19,1.25,102.29,8.0,2.0,6.0,5.0,3
125,Rabat,2026-05-06 08:46:02.201523,34.0209,-6.8416,15.37,15.42,94.0,1013.0,0.0,0.0,40.0,Clouds,scattered clouds,2.0,4.35,8.32,5.03,75.64,3.06,116.29,8.0,2.0,6.0,5.0,4
125,Tanger,2026-05-06 08:46:12.008473,35.7595,-5.834,15.74,15.25,72.0,1013.0,3.09,180.0,75.0,Clouds,broken clouds,2.0,3.01,8.84,4.19,79.06,1.56,123.91,8.0,2.0,6.0,5.0,5
126,Agadir,2026-05-06 09:46:34.184472,30.4278,-9.5981,19.06,18.82,69.0,1012.0,1.05,162.0,24.0,Clouds,few clouds,2.0,4.53,15.19,0.64,95.3,1.79,113.36,9.0,2.0,6.0,5.0,0
126,Casablanca,2026-05-06 09:46:17.621336,33.5731,-7.5898,17.39,16.78,61.0,1013.0,1.54,50.0,40.0,Clouds,scattered clouds,2.0,4.73,13.33,2.34,87.45,3.09,113.94,9.0,2.0,6.0,5.0,1
126,Fes,2026-05-06 09:46:27.335920,34.0181,-5.0078,13.95,13.25,71.0,1012.0,1.54,310.0,75.0,Clouds,broken clouds,2.0,3.69,6.75,1.6,67.75,0.59,99.98,9.0,2.0,6.0,5.0,2
126,Marrakech,2026-05-06 09:46:24.148742,31.6295,-7.9811,16.98,16.38,63.0,1012.0,1.03,0.0,0.0,Clear,clear sky,2.0,5.67,15.39,3.4,64.06,1.1,101.86,9.0,2.0,6.0,5.0,3
126,Rabat,2026-05-06 09:46:20.870650,34.0209,-6.8416,19.37,19.01,63.0,1013.0,0.0,0.0,40.0,Clouds,scattered clouds,2.0,4.57,8.79,4.13,81.21,3.81,115.07,9.0,2.0,6.0,5.0,4
126,Tanger,2026-05-06 09:46:30.803803,35.7595,-5.834,17.74,17.35,68.0,1013.0,3.6,190.0,75.0,Clouds,broken clouds,2.0,3.19,8.9,4.31,79.2,1.71,124.77,9.0,2.0,6.0,5.0,5
127,Agadir,2026-05-06 10:46:52.390501,30.4278,-9.5981,22.06,22.02,65.0,1011.0,1.8,228.0,30.0,Clouds,scattered clouds,2.0,5.15,17.01,0.49,97.83,2.03,113.32,10.0,2.0,6.0,5.0,0
127,Casablanca,2026-05-06 10:46:36.272728,33.5731,-7.5898,19.01,18.4,55.0,1013.0,2.06,360.0,40.0,Clouds,scattered clouds,3.0,4.36,11.96,1.22,105.06,4.19,112.31,10.0,2.0,6.0,5.0,1
127,Fes,2026-05-06 10:46:45.954859,34.0181,-5.0078,15.95,15.25,63.0,1012.0,1.03,0.0,75.0,Clouds,broken clouds,2.0,3.17,6.17,0.32,88.84,0.85,98.28,10.0,2.0,6.0,5.0,2
127,Marrakech,2026-05-06 10:46:42.731762,31.6295,-7.9811,17.98,17.37,59.0,1012.0,1.54,130.0,0.0,Clear,clear sky,2.0,4.04,11.67,0.67,70.22,0.78,95.89,10.0,2.0,6.0,5.0,3
127,Rabat,2026-05-06 10:46:39.480700,34.0209,-6.8416,18.37,18.04,68.0,1013.0,0.0,0.0,40.0,Clouds,scattered clouds,3.0,4.26,8.3,1.84,101.67,4.3,112.45,10.0,2.0,6.0,5.0,4
127,Tanger,2026-05-06 10:46:49.153195,35.7595,-5.834,18.74,18.45,68.0,1013.0,3.6,220.0,75.0,Clouds,broken clouds,2.0,3.07,8.76,2.2,99.36,2.28,120.1,10.0,2.0,6.0,5.0,5
128,Agadir,2026-05-06 11:47:10.906380,30.4278,-9.5981,24.06,24.17,63.0,1011.0,3.16,258.0,45.0,Clouds,scattered clouds,3.0,5.91,18.88,0.37,100.37,2.19,113.29,11.0,2.0,6.0,5.0,0
128,Casablanca,2026-05-06 11:46:54.714159,33.5731,-7.5898,20.01,19.42,52.0,1013.0,2.06,20.0,40.0,Clouds,scattered clouds,3.0,4.55,11.77,0.75,111.1,4.12,110.42,11.0,2.0,6.0,5.0,1
128,Fes,2026-05-06 11:47:04.386629,34.0181,-5.0078,16.95,16.35,63.0,1012.0,1.54,0.0,75.0,Clouds,broken clouds,2.0,2.69,5.14,0.2,87.75,0.71,96.08,11.0,2.0,6.0,5.0,2
128,Marrakech,2026-05-06 11:47:01.144174,31.6295,-7.9811,18.98,18.37,55.0,1012.0,1.54,0.0,0.0,Clear,clear sky,2.0,3.47,10.26,0.39,68.21,0.7,94.07,11.0,2.0,6.0,5.0,3
128,Rabat,2026-05-06 11:46:57.902533,34.0209,-6.8416,20.37,19.92,56.0,1013.0,3.09,290.0,40.0,Clouds,scattered clouds,3.0,4.65,8.65,1.01,109.62,4.03,110.52,11.0,2.0,6.0,5.0,4
128,Tanger,2026-05-06 11:47:07.660993,35.7595,-5.834,18.74,18.45,68.0,1012.0,4.63,240.0,75.0,Clouds,broken clouds,3.0,3.18,8.69,1.61,103.4,2.02,119.28,11.0,2.0,6.0,5.0,5
129,Agadir,2026-05-06 14:51:22.775083,30.4278,-9.5981,25.14,25.07,52.0,1009.0,5.94,288.0,75.0,Clouds,broken clouds,3.0,5.45,14.38,0.22,108.69,1.81,113.75,14.0,2.0,6.0,5.0,0
129,Casablanca,2026-05-06 14:51:05.969810,33.5731,-7.5898,20.28,19.7,51.0,1012.0,3.6,330.0,40.0,Clouds,scattered clouds,3.0,4.09,9.92,0.51,114.92,4.48,108.88,14.0,2.0,6.0,5.0,1
129,Fes,2026-05-06 14:51:15.967149,34.0181,-5.0078,20.95,20.46,52.0,1010.0,4.12,0.0,75.0,Clouds,broken clouds,2.0,2.46,4.35,0.2,86.63,0.58,95.36,14.0,2.0,6.0,5.0,2
129,Marrakech,2026-05-06 14:51:12.607651,31.6295,-7.9811,22.98,22.53,46.0,1009.0,2.57,0.0,40.0,Clouds,scattered clouds,2.0,1.83,5.87,0.25,64.59,0.68,95.2,14.0,2.0,6.0,5.0,3
129,Rabat,2026-05-06 14:51:09.310716,34.0209,-6.8416,21.37,21.13,60.0,1012.0,3.6,270.0,40.0,Clouds,scattered clouds,3.0,3.87,7.37,0.59,113.95,3.3,110.13,14.0,2.0,6.0,5.0,4
129,Tanger,2026-05-06 14:51:19.357720,35.7595,-5.834,19.74,19.55,68.0,1012.0,4.63,250.0,40.0,Clouds,scattered clouds,3.0,2.58,6.59,0.56,108.39,1.35,118.31,14.0,2.0,6.0,5.0,5
130,Agadir,2026-05-06 15:51:41.791287,30.4278,-9.5981,26.06,26.06,50.0,1008.0,6.35,298.0,82.0,Clouds,broken clouds,3.0,4.35,11.43,0.21,109.31,1.46,113.12,15.0,2.0,6.0,5.0,0
130,Casablanca,2026-05-06 15:51:25.312504,33.5731,-7.5898,21.01,20.37,46.0,1011.0,3.6,350.0,40.0,Clouds,scattered clouds,3.0,3.65,9.03,0.57,113.08,4.33,108.28,15.0,2.0,6.0,5.0,1
130,Fes,2026-05-06 15:51:35.143788,34.0181,-5.0078,20.95,20.38,49.0,1009.0,4.12,300.0,40.0,Clouds,scattered clouds,2.0,2.32,3.85,0.24,86.08,0.6,95.27,15.0,2.0,6.0,5.0,2
130,Marrakech,2026-05-06 15:51:31.802122,31.6295,-7.9811,24.98,24.68,44.0,1008.0,4.12,250.0,40.0,Clouds,scattered clouds,2.0,1.77,5.46,0.26,67.04,0.7,95.42,15.0,2.0,6.0,5.0,3
130,Rabat,2026-05-06 15:51:28.586394,34.0209,-6.8416,20.37,20.13,64.0,1011.0,3.6,310.0,40.0,Clouds,scattered clouds,3.0,3.58,6.86,0.61,113.02,3.13,110.16,15.0,2.0,6.0,5.0,4
130,Tanger,2026-05-06 15:51:38.399247,35.7595,-5.834,19.74,19.34,60.0,1011.0,4.63,290.0,40.0,Clouds,scattered clouds,3.0,2.52,6.25,0.57,108.98,1.24,118.0,15.0,2.0,6.0,5.0,5
131,Agadir,2026-05-06 16:52:36.661609,30.4278,-9.5981,26.06,26.06,50.0,1008.0,7.05,308.0,85.0,Clouds,overcast clouds,3.0,3.18,8.76,0.22,110.22,1.14,113.37,16.0,2.0,6.0,5.0,0
131,Casablanca,2026-05-06 16:51:47.744491,33.5731,-7.5898,20.0,19.62,60.0,1011.0,4.12,350.0,75.0,Clouds,broken clouds,3.0,3.21,8.21,0.72,111.96,4.24,109.79,16.0,2.0,6.0,5.0,1
131,Fes,2026-05-06 16:52:28.415396,34.0181,-5.0078,19.95,19.36,52.0,1009.0,3.6,350.0,40.0,Clouds,scattered clouds,2.0,2.4,3.98,0.35,86.98,0.73,96.0,16.0,2.0,6.0,5.0,2
131,Marrakech,2026-05-06 16:52:25.221349,31.6295,-7.9811,23.98,23.56,43.0,1008.0,1.54,0.0,40.0,Clouds,scattered clouds,2.0,1.78,5.27,0.31,70.43,0.74,96.79,16.0,2.0,6.0,5.0,3
131,Rabat,2026-05-06 16:51:51.042826,34.0209,-6.8416,20.37,20.13,64.0,1011.0,4.12,320.0,40.0,Clouds,scattered clouds,3.0,3.32,6.45,0.82,111.95,3.13,110.96,16.0,2.0,6.0,5.0,4
131,Tanger,2026-05-06 16:52:33.008358,35.7595,-5.834,18.74,18.45,68.0,1010.0,5.66,280.0,0.0,Clear,clear sky,3.0,2.51,5.96,0.61,110.31,1.16,117.74,16.0,2.0,6.0,5.0,5
132,Agadir,2026-05-06 17:52:57.869624,30.4278,-9.5981,25.06,24.95,51.0,1008.0,8.97,324.0,86.0,Clouds,overcast clouds,3.0,2.39,7.21,0.24,111.43,0.88,114.23,17.0,2.0,6.0,5.0,0
132,Casablanca,2026-05-06 17:52:39.942471,33.5731,-7.5898,20.0,19.62,60.0,1011.0,3.6,30.0,75.0,Clouds,broken clouds,3.0,2.91,7.77,0.91,110.21,4.19,111.21,17.0,2.0,6.0,5.0,1
132,Fes,2026-05-06 17:52:50.591777,34.0181,-5.0078,20.95,20.38,49.0,1009.0,3.09,330.0,40.0,Clouds,scattered clouds,2.0,2.57,4.37,0.53,88.1,0.96,97.05,17.0,2.0,6.0,5.0,2
132,Marrakech,2026-05-06 17:52:47.115689,31.6295,-7.9811,23.98,23.5,41.0,1008.0,1.54,0.0,75.0,Clouds,broken clouds,2.0,1.86,5.34,0.38,73.42,0.81,98.07,17.0,2.0,6.0,5.0,3
132,Rabat,2026-05-06 17:52:43.422262,34.0209,-6.8416,20.37,20.13,64.0,1011.0,3.6,320.0,40.0,Clouds,scattered clouds,3.0,3.04,6.09,1.18,109.87,3.16,112.44,17.0,2.0,6.0,5.0,4
132,Tanger,2026-05-06 17:52:54.173698,35.7595,-5.834,18.74,18.55,72.0,1010.0,5.66,280.0,0.0,Clear,clear sky,3.0,2.49,5.72,0.72,111.46,1.09,117.27,17.0,2.0,6.0,5.0,5
133,Agadir,2026-05-06 20:37:30.738682,30.4278,-9.5981,20.06,19.71,61.0,1009.0,4.73,340.0,12.0,Clouds,few clouds,3.0,1.41,5.5,0.27,112.99,0.47,116.3,20.0,2.0,6.0,5.0,0
133,Casablanca,2026-05-06 20:37:14.688998,33.5731,-7.5898,18.01,17.64,68.0,1012.0,3.6,40.0,75.0,Clouds,broken clouds,3.0,2.52,7.61,1.81,101.67,4.03,115.11,20.0,2.0,6.0,5.0,1
133,Fes,2026-05-06 20:37:24.315823,34.0181,-5.0078,18.95,18.26,52.0,1011.0,2.57,320.0,40.0,Clouds,scattered clouds,2.0,2.92,5.43,1.36,83.09,1.14,100.63,20.0,2.0,6.0,5.0,2
133,Marrakech,2026-05-06 20:37:21.042434,31.6295,-7.9811,21.98,21.43,46.0,1009.0,4.12,330.0,75.0,Clouds,broken clouds,2.0,2.35,7.12,1.15,81.11,0.93,102.53,20.0,2.0,6.0,5.0,3
133,Rabat,2026-05-06 20:37:17.874927,34.0209,-6.8416,17.37,17.3,82.0,1012.0,2.57,340.0,40.0,Clouds,scattered clouds,2.0,2.24,4.79,2.49,99.26,3.03,116.24,20.0,2.0,6.0,5.0,4
133,Tanger,2026-05-06 20:37:27.515679,35.7595,-5.834,16.74,16.35,72.0,1011.0,3.6,280.0,0.0,Clear,clear sky,3.0,2.23,5.15,1.14,109.77,1.0,116.72,20.0,2.0,6.0,5.0,5
134,Agadir,2026-05-06 21:37:53.807431,30.4278,-9.5981,18.06,17.64,66.0,1010.0,2.41,2.0,8.0,Clear,clear sky,3.0,1.41,5.5,0.27,112.99,0.47,116.3,21.0,2.0,6.0,5.0,0
134,Casablanca,2026-05-06 21:37:32.817426,33.5731,-7.5898,17.89,17.51,68.0,1012.0,3.09,20.0,93.0,Clouds,overcast clouds,3.0,2.64,8.11,1.93,100.11,4.19,116.88,21.0,2.0,6.0,5.0,1
134,Fes,2026-05-06 21:37:47.325812,34.0181,-5.0078,16.95,16.35,63.0,1011.0,2.57,320.0,40.0,Clouds,scattered clouds,2.0,2.92,5.43,1.36,83.09,1.14,100.63,21.0,2.0,6.0,5.0,2
134,Marrakech,2026-05-06 21:37:44.129340,31.6295,-7.9811,19.98,19.39,52.0,1010.0,4.63,340.0,75.0,Clouds,broken clouds,2.0,2.54,8.11,1.38,83.78,0.95,104.94,21.0,2.0,6.0,5.0,3
134,Rabat,2026-05-06 21:37:36.032375,34.0209,-6.8416,17.37,17.46,88.0,1012.0,2.06,330.0,40.0,Clouds,scattered clouds,2.0,2.24,4.79,2.49,99.26,3.03,116.24,21.0,2.0,6.0,5.0,4
134,Tanger,2026-05-06 21:37:50.522064,35.7595,-5.834,15.74,15.38,77.0,1011.0,1.54,270.0,0.0,Clear,clear sky,3.0,2.23,5.15,1.14,109.77,1.0,116.72,21.0,2.0,6.0,5.0,5
135,Agadir,2026-05-06 22:38:12.766211,30.4278,-9.5981,17.06,16.7,72.0,1011.0,2.68,15.0,6.0,Clear,clear sky,3.0,1.33,5.48,0.23,113.1,0.42,116.41,22.0,2.0,6.0,5.0,0
135,Casablanca,2026-05-06 22:37:55.917209,33.5731,-7.5898,16.84,16.46,72.0,1013.0,2.57,10.0,84.0,Clouds,broken clouds,2.0,2.78,8.49,1.97,98.36,4.24,116.51,22.0,2.0,6.0,5.0,1
135,Fes,2026-05-06 22:38:06.213339,34.0181,-5.0078,16.95,16.58,72.0,1011.0,2.57,310.0,40.0,Clouds,scattered clouds,2.0,2.77,5.25,1.86,78.89,0.93,102.21,22.0,2.0,6.0,5.0,2
135,Marrakech,2026-05-06 22:38:02.966606,31.6295,-7.9811,17.98,17.48,63.0,1011.0,4.12,360.0,75.0,Clouds,broken clouds,2.0,2.6,8.75,1.51,84.67,0.97,104.8,22.0,2.0,6.0,5.0,3
135,Rabat,2026-05-06 22:37:59.363514,34.0209,-6.8416,17.37,17.3,82.0,1012.0,2.06,320.0,75.0,Clouds,broken clouds,2.0,2.21,4.36,2.44,95.65,2.67,117.09,22.0,2.0,6.0,5.0,4
135,Tanger,2026-05-06 22:38:09.529490,35.7595,-5.834,14.74,14.41,82.0,1011.0,0.51,0.0,0.0,Clear,clear sky,3.0,2.16,5.46,1.22,108.46,1.01,117.19,22.0,2.0,6.0,5.0,5
136,Agadir,2026-05-06 23:38:33.154784,30.4278,-9.5981,16.06,15.6,72.0,1011.0,3.11,30.0,5.0,Clear,clear sky,3.0,1.33,5.49,0.22,113.14,0.41,116.73,23.0,2.0,6.0,5.0,0
136,Casablanca,2026-05-06 23:38:15.832484,33.5731,-7.5898,16.84,16.33,67.0,1012.0,3.09,0.0,78.0,Clouds,broken clouds,2.0,2.96,8.93,1.94,98.0,4.15,117.07,23.0,2.0,6.0,5.0,1
136,Fes,2026-05-06 23:38:26.384422,34.0181,-5.0078,15.95,15.48,72.0,1011.0,3.6,310.0,75.0,Clouds,broken clouds,2.0,2.55,4.73,2.0,75.86,0.75,102.76,23.0,2.0,6.0,5.0,2
136,Marrakech,2026-05-06 23:38:22.591313,31.6295,-7.9811,16.97,16.47,67.0,1012.0,3.6,330.0,75.0,Clouds,broken clouds,2.0,2.7,9.44,1.55,86.55,0.96,105.99,23.0,2.0,6.0,5.0,3
136,Rabat,2026-05-06 23:38:19.044607,34.0209,-6.8416,16.37,16.36,88.0,1012.0,1.54,320.0,75.0,Clouds,broken clouds,2.0,2.23,4.3,2.37,94.93,2.51,117.13,23.0,2.0,6.0,5.0,4
136,Tanger,2026-05-06 23:38:29.576624,35.7595,-5.834,15.74,15.38,77.0,1011.0,1.54,230.0,0.0,Clear,clear sky,3.0,2.26,6.02,1.29,107.56,1.0,117.5,23.0,2.0,6.0,5.0,5
137,Agadir,2026-05-07 00:38:51.840035,30.4278,-9.5981,16.06,15.65,74.0,1011.0,2.38,52.0,4.0,Clear,clear sky,3.0,1.32,5.41,0.21,112.95,0.42,117.31,0.0,3.0,7.0,5.0,0
137,Casablanca,2026-05-07 00:38:35.658493,33.5731,-7.5898,16.84,16.33,67.0,1012.0,2.06,10.0,74.0,Clouds,broken clouds,2.0,3.14,9.44,1.8,98.18,4.04,117.37,0.0,3.0,7.0,5.0,1
137,Fes,2026-05-07 00:38:45.467817,34.0181,-5.0078,14.95,14.38,72.0,1011.0,4.12,300.0,75.0,Clouds,broken clouds,2.0,2.41,4.38,1.95,72.2,0.61,102.89,0.0,3.0,7.0,5.0,2
137,Marrakech,2026-05-07 00:38:42.275206,31.6295,-7.9811,15.97,15.5,72.0,1012.0,4.12,300.0,75.0,Clouds,broken clouds,2.0,2.76,9.94,1.43,88.0,0.92,107.01,0.0,3.0,7.0,5.0,3
137,Rabat,2026-05-07 00:38:39.113449,34.0209,-6.8416,15.37,15.26,88.0,1012.0,1.54,320.0,40.0,Clouds,scattered clouds,2.0,2.32,4.52,2.19,94.74,2.44,117.09,0.0,3.0,7.0,5.0,4
137,Tanger,2026-05-07 00:38:48.661294,35.7595,-5.834,15.74,15.38,77.0,1011.0,1.54,230.0,0.0,Clear,clear sky,3.0,2.38,6.7,1.17,107.21,1.01,117.81,0.0,3.0,7.0,5.0,5
138,Agadir,2026-05-07 01:39:09.654842,30.4278,-9.5981,16.06,15.73,77.0,1010.0,2.46,73.0,0.0,Clear,clear sky,3.0,1.27,5.12,0.2,112.49,0.41,117.6,1.0,3.0,7.0,5.0,0
138,Casablanca,2026-05-07 01:38:53.703628,33.5731,-7.5898,16.84,16.33,67.0,1012.0,2.57,360.0,51.0,Clouds,broken clouds,2.0,3.31,10.12,1.62,98.21,3.93,116.7,1.0,3.0,7.0,5.0,1
138,Fes,2026-05-07 01:39:03.299424,34.0181,-5.0078,14.95,14.64,82.0,1011.0,2.57,300.0,75.0,Clouds,broken clouds,2.0,2.31,4.1,1.77,67.05,0.63,102.02,1.0,3.0,7.0,5.0,2
138,Marrakech,2026-05-07 01:39:00.114920,31.6295,-7.9811,15.98,15.51,72.0,1011.0,2.57,320.0,75.0,Clouds,broken clouds,2.0,2.76,10.24,1.24,87.32,0.85,106.31,1.0,3.0,7.0,5.0,3
138,Rabat,2026-05-07 01:38:56.902001,34.0209,-6.8416,11.37,10.99,93.0,1011.0,0.0,0.0,40.0,Clouds,scattered clouds,2.0,2.44,5.05,1.96,94.42,2.34,116.46,1.0,3.0,7.0,5.0,4
138,Tanger,2026-05-07 01:39:06.476764,35.7595,-5.834,14.74,14.41,82.0,1010.0,1.03,250.0,0.0,Clear,clear sky,3.0,2.43,7.15,0.99,106.61,1.0,117.83,1.0,3.0,7.0,5.0,5
139,Agadir,2026-05-07 02:39:27.957600,30.4278,-9.5981,16.06,15.81,80.0,1010.0,3.09,97.0,0.0,Clear,clear sky,3.0,1.21,4.77,0.19,112.01,0.39,117.58,2.0,3.0,7.0,5.0,0
139,Casablanca,2026-05-07 02:39:12.027665,33.5731,-7.5898,16.84,16.22,63.0,1011.0,2.06,10.0,91.0,Clouds,overcast clouds,2.0,3.51,10.94,1.49,99.07,3.99,116.46,2.0,3.0,7.0,5.0,1
139,Fes,2026-05-07 02:39:21.613301,34.0181,-5.0078,13.95,13.7,88.0,1011.0,3.09,310.0,75.0,Rain,light rain,2.0,2.27,3.95,1.62,63.7,0.73,101.53,2.0,3.0,7.0,5.0,2
139,Marrakech,2026-05-07 02:39:18.411964,31.6295,-7.9811,15.98,15.51,72.0,1011.0,2.57,280.0,75.0,Clouds,broken clouds,2.0,2.77,10.54,1.03,86.59,0.76,106.41,2.0,3.0,7.0,5.0,3
139,Rabat,2026-05-07 02:39:15.239992,34.0209,-6.8416,11.37,11.17,100.0,1011.0,0.0,0.0,40.0,Clouds,scattered clouds,2.0,2.6,5.72,1.77,94.74,2.35,115.87,2.0,3.0,7.0,5.0,4
139,Tanger,2026-05-07 02:39:24.785680,35.7595,-5.834,14.74,14.41,82.0,1010.0,1.03,0.0,0.0,Clear,clear sky,3.0,2.4,7.29,0.86,105.77,0.98,117.86,2.0,3.0,7.0,5.0,5
140,Agadir,2026-05-07 09:28:38.889727,30.4278,-9.5981,17.06,16.81,76.0,1012.0,1.38,123.0,25.0,Clouds,scattered clouds,3.0,0.84,2.87,0.32,109.45,0.32,115.41,9.0,3.0,7.0,5.0,0
140,Casablanca,2026-05-07 09:28:22.059968,33.5731,-7.5898,16.84,16.12,59.0,1013.0,2.06,340.0,40.0,Clouds,scattered clouds,3.0,3.67,12.2,2.02,104.73,4.18,115.66,9.0,3.0,7.0,5.0,1
140,Fes,2026-05-07 09:28:32.028972,34.0181,-5.0078,11.95,11.81,100.0,1013.0,1.03,0.0,75.0,Rain,light rain,2.0,2.28,4.08,1.27,70.49,0.7,104.69,9.0,3.0,7.0,5.0,2
140,Marrakech,2026-05-07 09:28:28.616142,31.6295,-7.9811,13.98,13.73,88.0,1012.0,1.03,0.0,75.0,Clouds,broken clouds,2.0,2.56,9.87,0.79,89.58,0.59,105.12,9.0,3.0,7.0,5.0,3
140,Rabat,2026-05-07 09:28:25.317881,34.0209,-6.8416,18.37,17.91,63.0,1013.0,1.54,250.0,40.0,Clouds,scattered clouds,2.0,3.06,6.96,4.14,92.06,2.51,117.19,9.0,3.0,7.0,5.0,4
140,Tanger,2026-05-07 09:28:35.338343,35.7595,-5.834,16.74,16.35,72.0,1012.0,4.12,180.0,40.0,Clouds,scattered clouds,2.0,2.15,6.09,2.73,96.71,1.06,121.48,9.0,3.0,7.0,5.0,5
141,Agadir,2026-05-07 10:29:00.355123,30.4278,-9.5981,20.06,19.95,70.0,1012.0,1.61,125.0,35.0,Clouds,scattered clouds,3.0,0.9,2.93,0.29,109.42,0.35,115.38,10.0,3.0,7.0,5.0,0
141,Casablanca,2026-05-07 10:28:41.721503,33.5731,-7.5898,18.95,18.34,55.0,1013.0,2.06,40.0,40.0,Clouds,scattered clouds,3.0,3.59,11.68,1.57,107.18,4.25,114.65,10.0,3.0,7.0,5.0,1
141,Fes,2026-05-07 10:28:52.668166,34.0181,-5.0078,12.95,12.76,94.0,1013.0,2.06,180.0,75.0,Rain,light rain,2.0,2.34,4.12,1.12,72.73,0.7,104.61,10.0,3.0,7.0,5.0,2
141,Marrakech,2026-05-07 10:28:48.981198,31.6295,-7.9811,14.98,14.67,82.0,1012.0,1.03,0.0,75.0,Clouds,broken clouds,2.0,2.51,9.37,0.7,90.09,0.57,104.93,10.0,3.0,7.0,5.0,3
141,Rabat,2026-05-07 10:28:45.210725,34.0209,-6.8416,19.37,18.9,59.0,1013.0,2.06,240.0,40.0,Clouds,scattered clouds,2.0,3.09,6.87,3.6,94.78,2.72,116.51,10.0,3.0,7.0,5.0,4
141,Tanger,2026-05-07 10:28:55.974087,35.7595,-5.834,17.74,17.35,68.0,1012.0,4.63,210.0,40.0,Clouds,scattered clouds,3.0,2.02,5.68,2.05,100.5,1.11,120.8,10.0,3.0,7.0,5.0,5
142,Agadir,2026-05-07 11:29:21.903125,30.4278,-9.5981,21.06,20.94,66.0,1012.0,1.63,184.0,35.0,Clouds,scattered clouds,3.0,1.04,3.25,0.24,109.62,0.39,115.08,11.0,3.0,7.0,5.0,0
142,Casablanca,2026-05-07 11:29:03.878645,33.5731,-7.5898,18.95,18.28,53.0,1013.0,2.57,360.0,40.0,Clouds,scattered clouds,3.0,3.25,10.08,0.9,111.88,3.57,113.51,11.0,3.0,7.0,5.0,1
142,Fes,2026-05-07 11:29:14.840708,34.0181,-5.0078,13.95,14.01,100.0,1013.0,1.03,0.0,75.0,Clouds,broken clouds,2.0,2.42,4.17,0.76,79.97,0.75,104.57,11.0,3.0,7.0,5.0,2
142,Marrakech,2026-05-07 11:29:10.853556,31.6295,-7.9811,15.98,15.64,77.0,1013.0,2.57,90.0,75.0,Clouds,broken clouds,2.0,2.25,8.34,0.47,92.98,0.49,104.84,11.0,3.0,7.0,5.0,3
142,Rabat,2026-05-07 11:29:07.358663,34.0209,-6.8416,20.37,19.82,52.0,1013.0,2.57,270.0,40.0,Clouds,scattered clouds,3.0,3.22,6.85,2.67,100.81,2.86,115.87,11.0,3.0,7.0,5.0,4
142,Tanger,2026-05-07 11:29:18.429278,35.7595,-5.834,19.74,19.13,52.0,1012.0,5.14,220.0,40.0,Clouds,scattered clouds,3.0,1.68,5.04,0.63,110.73,1.08,117.91,11.0,3.0,7.0,5.0,5
143,Agadir,2026-05-07 12:29:41.165886,30.4278,-9.5981,22.06,21.94,62.0,1011.0,2.61,254.0,29.0,Clouds,scattered clouds,3.0,1.25,3.75,0.2,109.13,0.44,114.78,12.0,3.0,7.0,5.0,0
143,Casablanca,2026-05-07 12:29:24.785745,33.5731,-7.5898,20.01,19.35,49.0,1013.0,2.57,350.0,40.0,Clouds,scattered clouds,3.0,2.97,8.95,0.59,112.95,2.86,111.09,12.0,3.0,7.0,5.0,1
143,Fes,2026-05-07 12:29:34.631470,34.0181,-5.0078,14.95,14.8,88.0,1013.0,2.06,210.0,75.0,Clouds,broken clouds,2.0,2.45,4.02,0.61,82.57,0.73,103.6,12.0,3.0,7.0,5.0,2
143,Marrakech,2026-05-07 12:29:31.355272,31.6295,-7.9811,16.98,16.48,67.0,1012.0,2.06,340.0,75.0,Clouds,broken clouds,2.0,2.05,7.48,0.31,94.67,0.41,103.75,12.0,3.0,7.0,5.0,3
143,Rabat,2026-05-07 12:29:28.074317,34.0209,-6.8416,20.37,19.82,52.0,1013.0,3.09,290.0,40.0,Clouds,scattered clouds,3.0,3.51,7.12,2.02,105.04,2.9,114.15,12.0,3.0,7.0,5.0,4
143,Tanger,2026-05-07 12:29:37.904138,35.7595,-5.834,19.74,19.44,64.0,1012.0,6.17,220.0,40.0,Clouds,scattered clouds,3.0,1.63,4.89,0.48,112.12,0.97,117.36,12.0,3.0,7.0,5.0,5
144,Agadir,2026-05-07 13:29:59.230675,30.4278,-9.5981,24.06,24.06,59.0,1011.0,4.84,273.0,25.0,Clouds,scattered clouds,3.0,1.44,4.17,0.17,108.64,0.47,114.48,13.0,3.0,7.0,5.0,0
144,Casablanca,2026-05-07 13:29:43.376157,33.5731,-7.5898,20.01,19.24,45.0,1012.0,3.09,10.0,40.0,Clouds,scattered clouds,3.0,2.97,8.82,0.49,113.03,2.71,109.38,13.0,3.0,7.0,5.0,1
144,Fes,2026-05-07 13:29:52.868018,34.0181,-5.0078,16.95,16.58,72.0,1013.0,1.54,0.0,75.0,Clouds,broken clouds,2.0,2.41,3.76,0.51,84.05,0.68,102.55,13.0,3.0,7.0,5.0,2
144,Marrakech,2026-05-07 13:29:49.701299,31.6295,-7.9811,18.98,18.58,63.0,1011.0,2.06,0.0,75.0,Clouds,broken clouds,2.0,2.01,7.16,0.23,95.97,0.39,102.4,13.0,3.0,7.0,5.0,3
144,Rabat,2026-05-07 13:29:46.522796,34.0209,-6.8416,20.37,19.82,52.0,1013.0,3.09,300.0,40.0,Clouds,scattered clouds,3.0,3.84,7.4,1.44,109.46,2.89,112.61,13.0,3.0,7.0,5.0,4
144,Tanger,2026-05-07 13:29:56.033491,35.7595,-5.834,19.74,19.44,64.0,1012.0,5.66,240.0,40.0,Clouds,scattered clouds,3.0,1.65,4.88,0.42,113.27,0.95,116.81,13.0,3.0,7.0,5.0,5
145,Agadir,2026-05-07 16:59:34.126783,30.4278,-9.5981,23.06,22.86,55.0,1009.0,8.22,303.0,11.0,Clouds,few clouds,3.0,1.38,4.08,0.18,108.46,0.36,114.84,16.0,3.0,7.0,5.0,0
145,Casablanca,2026-05-07 16:59:16.698036,33.5731,-7.5898,20.0,19.41,52.0,1010.0,3.6,30.0,40.0,Clouds,scattered clouds,3.0,3.11,8.29,0.6,117.15,3.43,108.08,16.0,3.0,7.0,5.0,1
145,Fes,2026-05-07 16:59:27.204421,34.0181,-5.0078,18.95,18.55,63.0,1009.0,1.54,0.0,75.0,Clouds,broken clouds,2.0,2.01,3.04,0.28,90.21,0.49,100.32,16.0,3.0,7.0,5.0,2
145,Marrakech,2026-05-07 16:59:23.836199,31.6295,-7.9811,23.98,23.56,43.0,1008.0,1.54,0.0,75.0,Clouds,broken clouds,3.0,2.88,8.77,0.32,105.64,0.76,102.99,16.0,3.0,7.0,5.0,3
145,Rabat,2026-05-07 16:59:20.140539,34.0209,-6.8416,19.37,18.72,52.0,1011.0,4.12,330.0,40.0,Clouds,scattered clouds,3.0,3.44,5.98,0.92,114.91,3.26,109.27,16.0,3.0,7.0,5.0,4
145,Tanger,2026-05-07 16:59:30.596137,35.7595,-5.834,18.74,18.31,63.0,1010.0,4.63,260.0,40.0,Clouds,scattered clouds,3.0,1.43,3.98,0.52,115.45,0.89,115.84,16.0,3.0,7.0,5.0,5
146,Agadir,2026-05-07 17:59:56.287966,30.4278,-9.5981,23.06,22.88,56.0,1009.0,8.08,314.0,27.0,Clouds,scattered clouds,3.0,1.25,3.78,0.22,107.56,0.32,115.14,17.0,3.0,7.0,5.0,0
146,Casablanca,2026-05-07 17:59:37.930756,33.5731,-7.5898,18.95,18.34,55.0,1011.0,3.6,30.0,0.0,Clear,clear sky,3.0,3.15,8.34,0.86,117.09,4.15,109.3,17.0,3.0,7.0,5.0,1
146,Fes,2026-05-07 17:59:48.850810,34.0181,-5.0078,18.95,18.44,59.0,1009.0,1.54,60.0,75.0,Clouds,broken clouds,2.0,2.21,3.37,0.47,88.76,0.51,100.37,17.0,3.0,7.0,5.0,2
146,Marrakech,2026-05-07 17:59:45.220928,31.6295,-7.9811,23.98,23.56,43.0,1008.0,1.03,0.0,75.0,Clouds,broken clouds,3.0,3.46,10.39,0.43,107.0,0.98,104.08,17.0,3.0,7.0,5.0,3
146,Rabat,2026-05-07 17:59:41.610483,34.0209,-6.8416,19.37,18.9,59.0,1011.0,4.12,320.0,40.0,Clouds,scattered clouds,3.0,3.57,6.33,1.38,114.23,3.83,111.12,17.0,3.0,7.0,5.0,4
146,Tanger,2026-05-07 17:59:52.409478,35.7595,-5.834,18.74,18.21,59.0,1011.0,5.14,260.0,40.0,Clouds,scattered clouds,3.0,1.4,3.95,0.67,115.32,0.94,115.96,17.0,3.0,7.0,5.0,5
147,Agadir,2026-05-07 19:00:17.256534,30.4278,-9.5981,22.06,21.91,61.0,1009.0,7.93,317.0,23.0,Clouds,few clouds,3.0,1.14,3.56,0.25,106.41,0.31,115.44,19.0,3.0,7.0,5.0,0
147,Casablanca,2026-05-07 19:00:00.209560,33.5731,-7.5898,18.95,18.34,55.0,1011.0,3.6,0.0,0.0,Clear,clear sky,3.0,3.0,8.13,1.25,113.92,4.72,110.61,19.0,3.0,7.0,5.0,1
147,Fes,2026-05-07 19:00:10.046695,34.0181,-5.0078,18.95,18.44,59.0,1009.0,1.54,20.0,75.0,Clouds,broken clouds,2.0,2.36,3.64,0.68,87.1,0.53,100.58,19.0,3.0,7.0,5.0,2
147,Marrakech,2026-05-07 19:00:06.760890,31.6295,-7.9811,22.98,22.38,40.0,1008.0,1.54,0.0,75.0,Clouds,broken clouds,3.0,3.6,10.76,0.56,107.35,1.11,104.93,19.0,3.0,7.0,5.0,3
147,Rabat,2026-05-07 19:00:03.469178,34.0209,-6.8416,18.37,17.91,63.0,1011.0,3.09,320.0,40.0,Clouds,scattered clouds,3.0,3.25,6.13,1.93,112.07,4.07,113.32,19.0,3.0,7.0,5.0,4
147,Tanger,2026-05-07 19:00:13.515589,35.7595,-5.834,18.74,18.21,59.0,1011.0,4.63,260.0,0.0,Clear,clear sky,3.0,1.35,3.83,0.77,114.65,0.92,115.89,19.0,3.0,7.0,5.0,5
148,Agadir,2026-05-07 20:01:25.051957,30.4278,-9.5981,20.06,19.74,62.0,1010.0,7.37,316.0,76.0,Clouds,broken clouds,3.0,1.06,3.4,0.27,105.55,0.31,115.51,20.0,3.0,7.0,5.0,0
148,Casablanca,2026-05-07 20:01:09.066658,33.5731,-7.5898,18.44,17.78,55.0,1012.0,3.58,0.0,75.0,Clouds,broken clouds,3.0,2.75,7.88,1.72,108.27,4.93,111.3,20.0,3.0,7.0,5.0,1
148,Fes,2026-05-07 20:01:18.617785,34.0181,-5.0078,16.95,16.58,72.0,1010.0,1.03,0.0,40.0,Clouds,scattered clouds,2.0,2.46,3.83,1.16,80.87,0.5,100.73,20.0,3.0,7.0,5.0,2
148,Marrakech,2026-05-07 20:01:15.400017,31.6295,-7.9811,21.98,21.36,43.0,1009.0,2.57,250.0,75.0,Clouds,broken clouds,3.0,3.44,10.39,0.79,105.33,1.14,104.86,20.0,3.0,7.0,5.0,3
148,Rabat,2026-05-07 20:01:12.240458,34.0209,-6.8416,17.37,16.91,67.0,1012.0,3.6,330.0,40.0,Clouds,scattered clouds,3.0,2.71,5.57,2.49,107.24,4.0,114.47,20.0,3.0,7.0,5.0,4
148,Tanger,2026-05-07 20:01:21.833786,35.7595,-5.834,16.74,16.22,67.0,1011.0,3.09,280.0,0.0,Clear,clear sky,3.0,1.29,3.67,0.93,112.99,0.85,115.95,20.0,3.0,7.0,5.0,5
149,Agadir,2026-05-07 21:01:47.930962,30.4278,-9.5981,18.06,17.67,67.0,1011.0,7.26,321.0,64.0,Clouds,broken clouds,3.0,1.01,3.34,0.26,105.2,0.31,115.64,21.0,3.0,7.0,5.0,0
149,Casablanca,2026-05-07 21:01:30.032909,33.5731,-7.5898,16.93,16.27,61.0,1012.0,3.35,359.0,100.0,Clouds,overcast clouds,3.0,2.57,7.91,2.02,104.35,4.93,113.53,21.0,3.0,7.0,5.0,1
149,Fes,2026-05-07 21:01:39.583727,34.0181,-5.0078,16.95,16.71,77.0,1011.0,1.03,80.0,40.0,Clouds,scattered clouds,2.0,2.55,4.01,1.66,72.55,0.44,100.98,21.0,3.0,7.0,5.0,2
149,Marrakech,2026-05-07 21:01:36.406848,31.6295,-7.9811,20.98,20.49,52.0,1010.0,2.57,180.0,75.0,Clouds,broken clouds,3.0,3.35,10.41,0.96,103.6,1.13,106.15,21.0,3.0,7.0,5.0,3
149,Rabat,2026-05-07 21:01:33.223609,34.0209,-6.8416,17.37,16.91,67.0,1012.0,2.57,330.0,40.0,Clouds,scattered clouds,3.0,2.34,5.2,2.83,103.16,3.93,116.1,21.0,3.0,7.0,5.0,4
149,Tanger,2026-05-07 21:01:44.042519,35.7595,-5.834,16.74,16.22,67.0,1012.0,2.57,260.0,75.0,Clouds,broken clouds,3.0,1.27,3.59,1.07,110.9,0.8,116.31,21.0,3.0,7.0,5.0,5
150,Agadir,2026-05-07 23:33:57.087333,30.4278,-9.5981,16.06,15.65,74.0,1012.0,1.9,67.0,62.0,Clouds,broken clouds,3.0,1.03,3.56,0.21,106.14,0.32,115.36,23.0,3.0,7.0,5.0,0
150,Casablanca,2026-05-07 23:33:39.345193,33.5731,-7.5898,16.84,16.22,63.0,1012.0,2.06,80.0,100.0,Clouds,overcast clouds,2.0,2.54,8.86,2.33,91.79,3.2,117.06,23.0,3.0,7.0,5.0,1
150,Fes,2026-05-07 23:33:49.795627,34.0181,-5.0078,14.95,14.51,77.0,1012.0,4.12,310.0,75.0,Clouds,broken clouds,1.0,2.35,3.98,2.44,58.94,0.32,100.67,23.0,3.0,7.0,5.0,2
150,Marrakech,2026-05-07 23:33:46.046217,31.6295,-7.9811,16.98,16.07,51.0,1013.0,3.09,300.0,75.0,Clouds,broken clouds,2.0,2.95,9.76,1.11,97.49,0.84,107.06,23.0,3.0,7.0,5.0,3
150,Rabat,2026-05-07 23:33:42.510977,34.0209,-6.8416,14.37,14.0,82.0,1013.0,1.54,80.0,40.0,Clouds,scattered clouds,2.0,2.09,5.17,2.99,94.55,3.92,117.4,23.0,3.0,7.0,5.0,4
150,Tanger,2026-05-07 23:33:53.250229,35.7595,-5.834,16.74,16.11,63.0,1013.0,1.03,230.0,75.0,Clouds,broken clouds,3.0,1.34,3.75,1.78,101.58,0.78,116.69,23.0,3.0,7.0,5.0,5
151,Agadir,2026-05-08 00:34:15.408478,30.4278,-9.5981,16.06,15.81,80.0,1013.0,1.46,35.0,51.0,Clouds,broken clouds,3.0,1.06,3.74,0.2,106.43,0.31,115.41,0.0,4.0,8.0,5.0,0
151,Casablanca,2026-05-08 00:33:59.497458,33.5731,-7.5898,16.84,16.22,63.0,1012.0,2.06,80.0,100.0,Clouds,overcast clouds,2.0,2.72,9.9,2.27,88.05,2.78,117.4,0.0,4.0,8.0,5.0,1
151,Fes,2026-05-08 00:34:09.056725,34.0181,-5.0078,13.95,13.54,82.0,1012.0,3.09,270.0,75.0,Clouds,broken clouds,1.0,2.21,3.8,2.48,54.9,0.24,100.87,0.0,4.0,8.0,5.0,2
151,Marrakech,2026-05-08 00:34:05.864500,31.6295,-7.9811,15.98,15.07,55.0,1012.0,3.6,300.0,75.0,Clouds,broken clouds,2.0,2.9,9.62,1.05,97.06,0.75,107.76,0.0,4.0,8.0,5.0,3
151,Rabat,2026-05-08 00:34:02.693162,34.0209,-6.8416,12.37,12.12,94.0,1012.0,0.0,0.0,40.0,Clouds,scattered clouds,2.0,2.19,5.37,2.81,93.21,3.75,117.59,0.0,4.0,8.0,5.0,4
151,Tanger,2026-05-08 00:34:12.235949,35.7595,-5.834,15.74,15.25,72.0,1012.0,0.51,0.0,75.0,Clouds,broken clouds,2.0,1.38,3.81,1.86,98.03,0.74,116.73,0.0,4.0,8.0,5.0,5
152,Agadir,2026-05-08 01:34:34.408387,30.4278,-9.5981,16.06,15.81,80.0,1012.0,2.52,81.0,100.0,Clouds,overcast clouds,3.0,1.06,3.84,0.18,106.69,0.29,115.17,1.0,4.0,8.0,5.0,0
152,Casablanca,2026-05-08 01:34:17.851564,33.5731,-7.5898,16.84,16.22,63.0,1012.0,1.54,60.0,100.0,Clouds,overcast clouds,2.0,2.96,11.11,2.18,84.05,2.54,117.27,1.0,4.0,8.0,5.0,1
152,Fes,2026-05-08 01:34:27.881514,34.0181,-5.0078,13.95,13.54,82.0,1012.0,2.57,230.0,75.0,Clouds,broken clouds,1.0,2.08,3.66,2.38,50.71,0.18,99.58,1.0,4.0,8.0,5.0,2
152,Marrakech,2026-05-08 01:34:24.685009,31.6295,-7.9811,15.98,15.07,55.0,1012.0,2.57,300.0,75.0,Clouds,broken clouds,2.0,2.92,9.54,0.99,93.32,0.62,107.48,1.0,4.0,8.0,5.0,3
152,Rabat,2026-05-08 01:34:21.499931,34.0209,-6.8416,12.37,12.12,94.0,1012.0,0.0,0.0,40.0,Clouds,scattered clouds,2.0,2.34,5.65,2.66,89.35,3.14,117.56,1.0,4.0,8.0,5.0,4
152,Tanger,2026-05-08 01:34:31.227480,35.7595,-5.834,15.74,15.25,72.0,1011.0,1.54,70.0,75.0,Clouds,broken clouds,2.0,1.42,3.87,1.74,94.86,0.71,116.4,1.0,4.0,8.0,5.0,5
153,Agadir,2026-05-08 09:11:35.596639,30.4278,-9.5981,16.06,15.65,74.0,1012.0,2.35,119.0,73.0,Clouds,broken clouds,3.0,0.82,2.95,0.29,109.49,0.23,113.79,9.0,4.0,8.0,5.0,0
153,Casablanca,2026-05-08 09:11:18.785157,33.5731,-7.5898,17.73,17.2,63.0,1012.0,0.97,135.0,0.0,Clear,clear sky,2.0,5.17,20.15,3.9,59.33,1.15,120.21,9.0,4.0,8.0,5.0,1
153,Fes,2026-05-08 09:11:28.730124,34.0181,-5.0078,14.95,14.51,77.0,1011.0,2.06,360.0,40.0,Clouds,scattered clouds,1.0,2.15,4.04,1.67,39.14,0.14,96.27,9.0,4.0,8.0,5.0,2
153,Marrakech,2026-05-08 09:11:25.452574,31.6295,-7.9811,14.98,14.28,67.0,1012.0,1.54,260.0,20.0,Clouds,few clouds,2.0,3.57,10.34,3.4,69.17,0.46,109.02,9.0,4.0,8.0,5.0,3
153,Rabat,2026-05-08 09:11:22.042561,34.0209,-6.8416,15.37,15.57,100.0,1012.0,0.0,0.0,40.0,Clouds,scattered clouds,1.0,3.68,9.36,6.45,43.7,0.74,120.95,9.0,4.0,8.0,5.0,4
153,Tanger,2026-05-08 09:11:31.922799,35.7595,-5.834,17.74,17.35,68.0,1012.0,2.57,350.0,40.0,Clouds,scattered clouds,2.0,2.55,6.05,4.13,92.48,2.45,122.1,9.0,4.0,8.0,5.0,5
154,Agadir,2026-05-08 10:11:54.084919,30.4278,-9.5981,18.06,17.8,72.0,1013.0,1.84,139.0,71.0,Clouds,broken clouds,3.0,0.77,2.72,0.25,109.91,0.22,113.47,10.0,4.0,8.0,5.0,0
154,Casablanca,2026-05-08 10:11:37.528824,33.5731,-7.5898,18.9,18.15,50.0,1012.0,1.03,0.0,0.0,Clear,clear sky,2.0,5.62,21.56,3.28,63.43,1.46,119.37,10.0,4.0,8.0,5.0,1
154,Fes,2026-05-08 10:11:47.386304,34.0181,-5.0078,16.95,16.45,67.0,1011.0,2.06,320.0,0.0,Clear,clear sky,1.0,2.36,4.53,1.23,49.84,0.2,97.03,10.0,4.0,8.0,5.0,2
154,Marrakech,2026-05-08 10:11:44.086735,31.6295,-7.9811,18.98,18.37,55.0,1011.0,1.03,0.0,0.0,Clear,clear sky,2.0,3.69,10.46,2.68,73.7,0.43,108.57,10.0,4.0,8.0,5.0,3
154,Rabat,2026-05-08 10:11:40.782974,34.0209,-6.8416,19.37,19.01,63.0,1012.0,0.0,0.0,40.0,Clouds,scattered clouds,1.0,4.02,10.41,5.77,46.21,0.84,120.72,10.0,4.0,8.0,5.0,4
154,Tanger,2026-05-08 10:11:50.768651,35.7595,-5.834,17.74,17.35,68.0,1012.0,2.06,30.0,40.0,Clouds,scattered clouds,2.0,2.83,6.45,3.8,95.34,2.55,122.15,10.0,4.0,8.0,5.0,5
155,Agadir,2026-05-08 11:12:12.093785,30.4278,-9.5981,20.06,19.9,68.0,1013.0,1.09,184.0,77.0,Clouds,broken clouds,3.0,0.74,2.57,0.2,110.56,0.21,113.41,11.0,4.0,8.0,5.0,0
155,Casablanca,2026-05-08 11:11:55.936109,33.5731,-7.5898,19.95,19.1,42.0,1012.0,0.99,317.0,0.0,Clear,clear sky,3.0,6.15,20.67,0.91,100.37,4.65,113.25,11.0,4.0,8.0,5.0,1
155,Fes,2026-05-08 11:12:05.658208,34.0181,-5.0078,19.95,19.54,59.0,1011.0,2.57,330.0,0.0,Clear,clear sky,2.0,3.15,6.7,0.41,82.15,0.49,100.5,11.0,4.0,8.0,5.0,2
155,Marrakech,2026-05-08 11:12:02.439987,31.6295,-7.9811,19.02,18.41,55.0,1011.0,1.54,0.0,0.0,Clear,clear sky,3.0,2.37,7.45,0.52,111.87,0.37,107.26,11.0,4.0,8.0,5.0,3
155,Rabat,2026-05-08 11:11:59.226125,34.0209,-6.8416,21.37,20.92,52.0,1012.0,3.09,300.0,40.0,Clouds,scattered clouds,3.0,4.52,10.64,1.43,102.08,3.86,112.42,11.0,4.0,8.0,5.0,4
155,Tanger,2026-05-08 11:12:08.870721,35.7595,-5.834,19.74,19.34,60.0,1012.0,2.57,50.0,40.0,Clouds,scattered clouds,3.0,2.4,5.48,1.08,111.63,2.18,115.96,11.0,4.0,8.0,5.0,5
156,Agadir,2026-05-08 12:12:30.441740,30.4278,-9.5981,22.06,22.04,66.0,1013.0,2.22,235.0,77.0,Clouds,broken clouds,3.0,0.73,2.5,0.15,110.26,0.2,113.07,12.0,4.0,8.0,5.0,0
156,Casablanca,2026-05-08 12:12:14.090087,33.5731,-7.5898,21.01,20.29,43.0,1011.0,2.57,10.0,0.0,Clear,clear sky,3.0,5.39,17.61,0.46,104.77,3.63,110.9,12.0,4.0,8.0,5.0,1
156,Fes,2026-05-08 12:12:23.933959,34.0181,-5.0078,20.95,20.56,56.0,1011.0,2.57,340.0,20.0,Clouds,few clouds,2.0,3.65,7.76,0.23,87.52,0.54,99.95,12.0,4.0,8.0,5.0,2
156,Marrakech,2026-05-08 12:12:20.647229,31.6295,-7.9811,21.98,21.43,46.0,1011.0,3.09,0.0,0.0,Clear,clear sky,3.0,2.07,6.31,0.29,115.94,0.32,105.29,12.0,4.0,8.0,5.0,3
156,Rabat,2026-05-08 12:12:17.366829,34.0209,-6.8416,21.37,20.92,52.0,1011.0,4.12,350.0,40.0,Clouds,scattered clouds,3.0,4.93,10.42,0.77,110.0,3.97,109.62,12.0,4.0,8.0,5.0,4
156,Tanger,2026-05-08 12:12:27.216933,35.7595,-5.834,21.74,21.35,53.0,1011.0,2.06,70.0,40.0,Clouds,scattered clouds,3.0,2.59,5.55,0.65,114.84,1.92,115.07,12.0,4.0,8.0,5.0,5
157,Agadir,2026-05-08 13:12:52.714116,30.4278,-9.5981,22.06,22.04,66.0,1013.0,4.1,261.0,81.0,Clouds,broken clouds,3.0,0.72,2.46,0.13,109.72,0.19,112.45,13.0,4.0,8.0,5.0,0
157,Casablanca,2026-05-08 13:12:36.252235,33.5731,-7.5898,20.01,19.35,49.0,1011.0,3.6,350.0,0.0,Clear,clear sky,3.0,5.03,16.07,0.35,105.17,3.13,109.17,13.0,4.0,8.0,5.0,1
157,Fes,2026-05-08 13:12:46.112759,34.0181,-5.0078,21.95,21.48,49.0,1010.0,3.09,340.0,20.0,Clouds,few clouds,2.0,4.08,8.68,0.19,88.81,0.56,99.23,13.0,4.0,8.0,5.0,2
157,Marrakech,2026-05-08 13:12:42.656170,31.6295,-7.9811,21.98,21.36,43.0,1010.0,3.6,0.0,0.0,Clear,clear sky,3.0,2.11,6.27,0.24,114.98,0.35,103.85,13.0,4.0,8.0,5.0,3
157,Rabat,2026-05-08 13:12:39.457787,34.0209,-6.8416,21.37,20.92,52.0,1011.0,4.63,350.0,40.0,Clouds,scattered clouds,3.0,5.75,11.37,0.64,112.39,4.61,108.21,13.0,4.0,8.0,5.0,4
157,Tanger,2026-05-08 13:12:49.281413,35.7595,-5.834,21.74,21.25,49.0,1011.0,2.06,80.0,40.0,Clouds,scattered clouds,3.0,2.88,5.84,0.47,116.64,1.79,114.64,13.0,4.0,8.0,5.0,5
158,Agadir,2026-05-08 14:13:14.464506,30.4278,-9.5981,23.06,23.14,66.0,1012.0,4.53,261.0,100.0,Clouds,overcast clouds,3.0,0.8,2.8,0.13,107.52,0.21,111.8,14.0,4.0,8.0,5.0,0
158,Casablanca,2026-05-08 14:12:56.876320,33.5731,-7.5898,19.99,19.32,49.0,1010.0,3.58,350.0,100.0,Clouds,overcast clouds,3.0,5.34,15.95,0.33,109.14,3.28,109.21,14.0,4.0,8.0,5.0,1
158,Fes,2026-05-08 14:13:07.179148,34.0181,-5.0078,23.95,23.52,43.0,1009.0,1.54,0.0,40.0,Clouds,scattered clouds,2.0,4.35,9.65,0.2,94.97,0.66,100.36,14.0,4.0,8.0,5.0,2
158,Marrakech,2026-05-08 14:13:03.933900,31.6295,-7.9811,22.98,22.33,38.0,1010.0,4.12,280.0,0.0,Clear,clear sky,3.0,1.91,5.63,0.26,115.98,0.46,104.48,14.0,4.0,8.0,5.0,3
158,Rabat,2026-05-08 14:13:00.348493,34.0209,-6.8416,21.37,21.13,60.0,1010.0,4.63,340.0,40.0,Clouds,scattered clouds,3.0,6.77,12.67,0.56,117.65,4.86,108.49,14.0,4.0,8.0,5.0,4
158,Tanger,2026-05-08 14:13:10.697178,35.7595,-5.834,22.74,22.45,53.0,1011.0,5.66,40.0,40.0,Clouds,scattered clouds,3.0,3.21,6.22,0.59,120.12,1.59,114.85,14.0,4.0,8.0,5.0,5
159,Agadir,2026-05-08 15:13:33.144506,30.4278,-9.5981,22.06,22.04,66.0,1012.0,4.83,263.0,100.0,Clouds,overcast clouds,3.0,0.81,2.81,0.13,107.01,0.21,111.21,15.0,4.0,8.0,5.0,0
159,Casablanca,2026-05-08 15:13:16.897233,33.5731,-7.5898,20.51,19.9,49.0,1010.0,2.68,20.0,100.0,Clouds,overcast clouds,3.0,4.21,12.44,0.31,108.55,2.51,107.36,15.0,4.0,8.0,5.0,1
159,Fes,2026-05-08 15:13:26.685959,34.0181,-5.0078,22.95,22.5,46.0,1008.0,1.54,0.0,75.0,Clouds,broken clouds,2.0,4.41,9.82,0.22,96.63,0.67,99.71,15.0,4.0,8.0,5.0,2
159,Marrakech,2026-05-08 15:13:23.431216,31.6295,-7.9811,23.98,23.35,35.0,1009.0,3.09,270.0,0.0,Clear,clear sky,3.0,2.04,5.97,0.27,116.47,0.54,103.37,15.0,4.0,8.0,5.0,3
159,Rabat,2026-05-08 15:13:20.170404,34.0209,-6.8416,21.37,21.02,56.0,1010.0,3.6,340.0,40.0,Clouds,scattered clouds,3.0,6.9,12.6,0.58,118.04,5.18,107.07,15.0,4.0,8.0,5.0,4
159,Tanger,2026-05-08 15:13:29.963833,35.7595,-5.834,22.83,22.55,53.0,1010.0,5.66,30.0,40.0,Clouds,scattered clouds,3.0,2.96,5.88,0.55,118.92,1.38,114.38,15.0,4.0,8.0,5.0,5
160,Agadir,2026-05-08 16:13:57.805466,30.4278,-9.5981,22.06,22.02,65.0,1012.0,5.43,269.0,100.0,Clouds,overcast clouds,3.0,0.82,2.79,0.13,106.27,0.2,110.63,16.0,4.0,8.0,5.0,0
160,Casablanca,2026-05-08 16:13:35.664950,33.5731,-7.5898,21.01,20.29,43.0,1010.0,3.6,360.0,0.0,Clear,clear sky,3.0,3.31,9.96,0.32,107.67,1.99,105.51,16.0,4.0,8.0,5.0,1
160,Fes,2026-05-08 16:13:50.943305,34.0181,-5.0078,22.95,22.5,46.0,1007.0,2.57,50.0,75.0,Clouds,broken clouds,2.0,4.48,9.96,0.25,97.54,0.69,99.07,16.0,4.0,8.0,5.0,2
160,Marrakech,2026-05-08 16:13:47.443431,31.6295,-7.9811,24.98,24.47,36.0,1008.0,3.6,0.0,0.0,Clear,clear sky,3.0,2.26,6.57,0.3,116.08,0.63,102.52,16.0,4.0,8.0,5.0,3
160,Rabat,2026-05-08 16:13:41.536059,34.0209,-6.8416,20.37,19.92,56.0,1009.0,3.6,320.0,75.0,Clouds,broken clouds,3.0,6.96,12.52,0.67,117.84,5.51,106.17,16.0,4.0,8.0,5.0,4
160,Tanger,2026-05-08 16:13:54.593617,35.7595,-5.834,22.74,22.45,53.0,1009.0,7.72,40.0,75.0,Clouds,broken clouds,3.0,2.62,5.45,0.55,117.73,1.23,114.19,16.0,4.0,8.0,5.0,5
161,Agadir,2026-05-08 17:14:22.749408,30.4278,-9.5981,21.06,20.84,62.0,1011.0,5.88,277.0,100.0,Clouds,overcast clouds,3.0,0.82,2.78,0.16,105.99,0.2,110.31,17.0,4.0,8.0,5.0,0
161,Casablanca,2026-05-08 17:14:04.833980,33.5731,-7.5898,20.0,19.41,52.0,1009.0,4.12,330.0,0.0,Clear,clear sky,3.0,2.6,8.18,0.37,107.57,1.71,105.11,17.0,4.0,8.0,5.0,1
161,Fes,2026-05-08 17:14:15.382612,34.0181,-5.0078,23.95,23.6,46.0,1007.0,3.09,360.0,75.0,Clouds,broken clouds,2.0,4.63,10.25,0.36,98.68,0.73,99.78,17.0,4.0,8.0,5.0,2
161,Marrakech,2026-05-08 17:14:11.798444,31.6295,-7.9811,23.98,23.43,38.0,1008.0,4.63,270.0,0.0,Clear,clear sky,3.0,2.59,7.56,0.37,115.81,0.78,103.55,17.0,4.0,8.0,5.0,3
161,Rabat,2026-05-08 17:14:08.204417,34.0209,-6.8416,21.35,20.9,52.0,1009.0,3.6,330.0,75.0,Clouds,broken clouds,3.0,6.82,12.07,0.96,117.93,5.89,106.84,17.0,4.0,8.0,5.0,4
161,Tanger,2026-05-08 17:14:19.066026,35.7595,-5.834,22.74,22.45,53.0,1009.0,6.69,40.0,40.0,Clouds,scattered clouds,3.0,2.26,4.99,0.61,116.02,1.12,114.2,17.0,4.0,8.0,5.0,5
162,Agadir,2026-05-08 21:15:18.318022,30.4278,-9.5981,17.06,16.81,76.0,1015.0,3.77,280.0,100.0,Clouds,overcast clouds,3.0,0.79,2.51,0.26,104.9,0.17,109.85,21.0,4.0,8.0,5.0,0
162,Casablanca,2026-05-08 21:15:01.995268,33.5731,-7.5898,17.89,17.51,68.0,1012.0,3.09,290.0,100.0,Clouds,overcast clouds,3.0,1.44,6.39,0.82,102.21,1.44,106.73,21.0,4.0,8.0,5.0,1
162,Fes,2026-05-08 21:15:11.819647,34.0181,-5.0078,17.95,17.55,67.0,1009.0,5.14,310.0,40.0,Clouds,scattered clouds,2.0,5.62,11.26,1.02,93.96,1.12,101.0,21.0,4.0,8.0,5.0,2
162,Marrakech,2026-05-08 21:15:08.415982,31.6295,-7.9811,17.98,17.27,55.0,1012.0,5.66,310.0,40.0,Clouds,scattered clouds,3.0,2.25,7.9,1.34,101.81,0.9,104.59,21.0,4.0,8.0,5.0,3
162,Rabat,2026-05-08 21:15:05.188081,34.0209,-6.8416,17.37,17.04,72.0,1011.0,0.0,0.0,75.0,Clouds,broken clouds,2.0,3.37,7.13,2.73,99.48,4.89,106.38,21.0,4.0,8.0,5.0,4
162,Tanger,2026-05-08 21:15:15.086909,35.7595,-5.834,18.74,18.45,68.0,1010.0,2.57,110.0,0.0,Clear,clear sky,3.0,2.54,5.52,1.03,109.09,1.36,113.9,21.0,4.0,8.0,5.0,5
163,Agadir,2026-05-08 22:15:40.047830,30.4278,-9.5981,17.06,16.88,79.0,1015.0,2.61,280.0,88.0,Clouds,overcast clouds,3.0,0.75,2.32,0.23,105.49,0.16,109.7,22.0,4.0,8.0,5.0,0
163,Casablanca,2026-05-08 22:15:21.020663,33.5731,-7.5898,16.84,16.33,67.0,1012.0,2.06,260.0,100.0,Clouds,overcast clouds,3.0,1.51,7.05,0.8,101.66,1.28,108.06,22.0,4.0,8.0,5.0,1
163,Fes,2026-05-08 22:15:31.215133,34.0181,-5.0078,16.95,16.58,72.0,1011.0,5.14,280.0,40.0,Clouds,scattered clouds,2.0,6.19,11.57,1.18,92.68,1.41,102.59,22.0,4.0,8.0,5.0,2
163,Marrakech,2026-05-08 22:15:27.721278,31.6295,-7.9811,16.98,16.17,55.0,1013.0,4.12,280.0,40.0,Clouds,scattered clouds,2.0,2.02,7.53,1.53,99.41,0.79,105.51,22.0,4.0,8.0,5.0,3
163,Rabat,2026-05-08 22:15:24.480393,34.0209,-6.8416,17.37,17.17,77.0,1012.0,2.06,240.0,75.0,Clouds,broken clouds,2.0,2.73,6.56,2.5,97.89,4.55,106.83,22.0,4.0,8.0,5.0,4
163,Tanger,2026-05-08 22:15:34.374254,35.7595,-5.834,18.74,18.55,72.0,1011.0,3.6,100.0,0.0,Clear,clear sky,3.0,2.67,5.69,0.91,106.89,1.56,113.32,22.0,4.0,8.0,5.0,5
164,Agadir,2026-05-08 23:16:10.397162,30.4278,-9.5981,16.06,15.78,79.0,1016.0,0.94,240.0,64.0,Clouds,broken clouds,3.0,0.73,2.22,0.33,103.94,0.15,109.79,23.0,4.0,8.0,5.0,0
164,Casablanca,2026-05-08 23:15:42.449711,33.5731,-7.5898,18.01,17.41,59.0,1012.0,1.03,0.0,100.0,Clouds,overcast clouds,3.0,1.6,7.8,0.75,100.18,1.06,107.72,23.0,4.0,8.0,5.0,1
164,Fes,2026-05-08 23:16:03.767097,34.0181,-5.0078,15.95,15.61,77.0,1011.0,4.12,270.0,20.0,Clouds,few clouds,2.0,6.57,11.54,1.31,88.68,1.58,101.61,23.0,4.0,8.0,5.0,2
164,Marrakech,2026-05-08 23:16:00.572621,31.6295,-7.9811,15.98,14.97,51.0,1014.0,3.6,260.0,75.0,Clouds,broken clouds,2.0,1.83,7.16,1.59,96.63,0.7,103.96,23.0,4.0,8.0,5.0,3
164,Rabat,2026-05-08 23:15:45.630793,34.0209,-6.8416,17.37,17.17,77.0,1012.0,1.54,220.0,75.0,Clouds,broken clouds,2.0,2.33,6.39,2.21,95.94,4.11,105.92,23.0,4.0,8.0,5.0,4
164,Tanger,2026-05-08 23:16:07.010101,35.7595,-5.834,18.74,18.55,72.0,1011.0,2.57,100.0,0.0,Clear,clear sky,3.0,2.55,5.47,0.88,104.91,1.74,112.09,23.0,4.0,8.0,5.0,5
165,Agadir,2026-05-09 00:16:32.325854,30.4278,-9.5981,15.06,14.71,80.0,1016.0,1.36,180.0,52.0,Clouds,broken clouds,3.0,0.75,2.28,0.46,101.42,0.14,110.4,0.0,5.0,9.0,5.0,0
165,Casablanca,2026-05-09 00:16:13.460278,33.5731,-7.5898,17.39,16.73,59.0,1012.0,1.54,200.0,100.0,Clouds,overcast clouds,2.0,1.73,8.7,0.68,99.82,0.85,107.9,0.0,5.0,9.0,5.0,1
165,Fes,2026-05-09 00:16:23.342057,34.0181,-5.0078,15.95,15.35,67.0,1012.0,4.63,260.0,40.0,Clouds,scattered clouds,2.0,6.99,11.8,1.35,86.38,1.63,102.39,0.0,5.0,9.0,5.0,2
165,Marrakech,2026-05-09 00:16:19.805899,31.6295,-7.9811,15.98,15.07,55.0,1014.0,3.09,230.0,75.0,Clouds,broken clouds,2.0,1.71,6.91,1.53,96.02,0.59,103.83,0.0,5.0,9.0,5.0,3
165,Rabat,2026-05-09 00:16:16.640250,34.0209,-6.8416,17.37,17.17,77.0,1012.0,2.06,220.0,75.0,Clouds,broken clouds,2.0,2.15,6.74,1.88,95.56,3.55,106.26,0.0,5.0,9.0,5.0,4
165,Tanger,2026-05-09 00:16:29.052757,35.7595,-5.834,17.74,17.58,77.0,1011.0,1.54,210.0,0.0,Clear,clear sky,3.0,2.25,5.11,0.98,103.0,1.9,110.75,0.0,5.0,9.0,5.0,5
166,Agadir,2026-05-09 08:40:17.686317,30.4278,-9.5981,16.06,15.58,71.0,1015.0,2.92,125.0,33.0,Clouds,scattered clouds,2.0,2.96,14.56,0.71,93.21,0.19,110.65,8.0,5.0,9.0,5.0,0
166,Casablanca,2026-05-09 08:40:01.647888,33.5731,-7.5898,16.8,16.29,67.0,1013.0,2.06,230.0,20.0,Clouds,few clouds,2.0,2.44,10.95,1.46,87.61,0.62,107.58,8.0,5.0,9.0,5.0,1
166,Fes,2026-05-09 08:40:11.326972,34.0181,-5.0078,14.95,14.51,77.0,1013.0,1.54,210.0,0.0,Clear,clear sky,2.0,2.74,7.32,0.78,80.23,0.48,99.47,8.0,5.0,9.0,5.0,2
166,Marrakech,2026-05-09 08:40:08.040173,31.6295,-7.9811,15.98,15.17,59.0,1014.0,2.06,150.0,40.0,Clouds,scattered clouds,2.0,1.21,4.78,1.36,91.13,0.21,102.74,8.0,5.0,9.0,5.0,3
166,Rabat,2026-05-09 08:40:04.848305,34.0209,-6.8416,18.37,17.91,63.0,1013.0,5.14,200.0,75.0,Clouds,broken clouds,2.0,2.45,11.47,1.23,90.08,1.02,105.79,8.0,5.0,9.0,5.0,4
166,Tanger,2026-05-09 08:40:14.519299,35.7595,-5.834,16.74,16.35,72.0,1012.0,4.63,180.0,40.0,Clouds,scattered clouds,2.0,2.09,6.81,1.48,96.93,2.54,110.82,8.0,5.0,9.0,5.0,5
167,Agadir,2026-05-09 09:40:36.343020,30.4278,-9.5981,18.06,17.67,67.0,1016.0,2.33,152.0,23.0,Clouds,few clouds,2.0,3.08,15.1,0.47,95.23,0.21,110.01,9.0,5.0,9.0,5.0,0
167,Casablanca,2026-05-09 09:40:20.137546,33.5731,-7.5898,20.01,19.53,56.0,1013.0,5.14,260.0,40.0,Dust,dust,2.0,2.05,8.83,1.03,90.57,0.65,106.62,9.0,5.0,9.0,5.0,1
167,Fes,2026-05-09 09:40:29.928208,34.0181,-5.0078,17.95,17.34,59.0,1013.0,1.03,0.0,0.0,Clear,clear sky,2.0,2.27,7.12,0.5,85.75,0.42,98.74,9.0,5.0,9.0,5.0,2
167,Marrakech,2026-05-09 09:40:26.735242,31.6295,-7.9811,17.98,17.27,55.0,1014.0,2.06,130.0,40.0,Clouds,scattered clouds,2.0,1.19,4.77,1.0,90.68,0.2,101.71,9.0,5.0,9.0,5.0,3
167,Rabat,2026-05-09 09:40:23.546559,34.0209,-6.8416,20.37,19.92,56.0,1013.0,7.72,190.0,75.0,Clouds,broken clouds,2.0,2.19,9.6,0.99,91.49,1.26,105.35,9.0,5.0,9.0,5.0,4
167,Tanger,2026-05-09 09:40:33.123512,35.7595,-5.834,18.83,18.41,63.0,1012.0,5.66,190.0,40.0,Clouds,scattered clouds,2.0,1.97,6.33,1.22,98.83,2.49,111.4,9.0,5.0,9.0,5.0,5
