timestamp,city,lat,lon,temp,feels_like,humidity,pressure,wind_speed,wind_deg,clouds,weather_main,weather_description,aqi,pm2_5,pm10,no2,o3,so2,co,cycle_index
2026-04-25T23:30:49.327951,Casablanca,33.5731,-7.5898,17.89,18.03,88,1014,2.06,40,10,Clear,clear sky,3,8.76,15.59,1.87,102.31,3.43,116.73,0
2026-04-25T23:30:52.557303,Rabat,34.0209,-6.8416,17.37,17.77,100,1013,2.06,340,40,Clouds,scattered clouds,3,9.59,15.19,2.35,100.55,3.27,119.22,0
2026-04-25T23:30:55.811733,Marrakech,31.6295,-7.9811,19.98,19.81,68,1012,4.63,40,75,Clouds,broken clouds,2,5.77,14.95,1.8,79.55,0.59,106.71,0
2026-04-25T23:30:59.033251,Fes,34.0181,-5.0078,14.95,14.96,94,1013,1.54,120,0,Clear,clear sky,2,2.7,4.81,1.41,60.17,0.24,98.77,0
2026-04-25T23:31:02.241601,Tanger,35.7595,-5.834,17.74,17.58,77,1015,9.26,70,20,Clouds,few clouds,2,3.97,8.4,1.73,93.86,1.23,124.46,0
2026-04-25T23:31:05.569939,Agadir,30.4278,-9.5981,17.06,17.07,86,1010,5.81,133,53,Clouds,broken clouds,3,5.44,17.76,0.3,103.89,0.98,115.77,0
2026-04-26T00:31:07.658254,Casablanca,33.5731,-7.5898,17.89,18.03,88,1013,3.09,50,12,Clouds,few clouds,3,9.41,16.85,1.66,101.59,2.8,119.75,1
2026-04-26T00:31:10.859992,Rabat,34.0209,-6.8416,15.37,15.57,100,1013,0.0,0,40,Clouds,scattered clouds,3,8.78,14.56,2.15,100.79,2.94,120.82,1
2026-04-26T00:31:14.207429,Marrakech,31.6295,-7.9811,18.98,18.71,68,1012,3.6,50,75,Clouds,broken clouds,2,5.49,13.73,1.86,73.88,0.51,107.87,1
2026-04-26T00:31:17.447490,Fes,34.0181,-5.0078,12.95,12.91,100,1013,1.03,140,0,Clear,clear sky,1,2.73,4.96,1.43,51.2,0.12,98.5,1
2026-04-26T00:31:20.668949,Tanger,35.7595,-5.834,17.74,17.58,77,1014,9.77,80,20,Clouds,few clouds,2,4.05,8.49,1.94,82.37,0.98,124.86,1
2026-04-26T00:31:23.892541,Agadir,30.4278,-9.5981,17.06,17.01,84,1010,4.86,125,61,Clouds,broken clouds,3,6.07,19.76,0.27,104.38,1.01,114.71,1
2026-04-26T01:31:26.131602,Casablanca,33.5731,-7.5898,17.89,18.03,88,1012,2.06,40,39,Clouds,scattered clouds,3,9.02,16.52,1.51,100.63,2.45,119.95,2
2026-04-26T01:31:29.393095,Rabat,34.0209,-6.8416,14.37,14.47,100,1012,0.0,0,40,Clouds,scattered clouds,2,8.25,13.93,2.01,98.5,2.68,121.2,2
2026-04-26T01:31:33.288123,Marrakech,31.6295,-7.9811,17.98,17.71,72,1011,3.6,50,75,Clouds,broken clouds,2,5.36,13.3,1.75,73.08,0.48,107.21,2
2026-04-26T01:31:37.294732,Fes,34.0181,-5.0078,13.95,14.01,100,1013,1.54,110,0,Clear,clear sky,1,2.78,5.37,1.17,53.87,0.11,98.59,2
2026-04-26T01:31:40.878573,Tanger,35.7595,-5.834,17.74,17.58,77,1014,11.32,80,20,Clouds,few clouds,2,3.99,8.22,1.87,76.41,0.9,124.28,2
2026-04-26T01:31:44.554412,Agadir,30.4278,-9.5981,16.06,15.97,86,1010,3.46,122,0,Clear,clear sky,3,6.38,19.42,0.26,104.82,1.08,113.6,2
2026-04-26T09:30:14.911435,Casablanca,33.5731,-7.5898,18.95,18.91,77,1012,0.51,0,75,Clouds,broken clouds,2,7.52,17.69,1.95,83.15,1.57,118.97,3
2026-04-26T09:30:18.173893,Rabat,34.0209,-6.8416,17.37,17.62,94,1012,0.0,0,40,Mist,mist,2,6.81,11.59,3.25,66.05,1.69,117.36,3
2026-04-26T09:30:21.475585,Marrakech,31.6295,-7.9811,18.98,18.81,72,1011,1.03,0,40,Clouds,scattered clouds,2,5.92,17.65,3.02,66.0,0.62,107.35,3
2026-04-26T09:30:25.149990,Fes,34.0181,-5.0078,17.95,17.94,82,1012,4.12,70,0,Clear,clear sky,1,2.76,7.9,0.64,55.72,0.13,99.09,3
2026-04-26T09:30:28.691879,Tanger,35.7595,-5.834,18.74,18.55,72,1014,9.26,80,40,Clouds,scattered clouds,1,3.04,6.06,2.14,58.34,0.92,123.61,3
2026-04-26T09:30:31.986114,Agadir,30.4278,-9.5981,17.06,16.83,77,1010,2.38,240,19,Clouds,few clouds,3,6.44,16.03,0.45,101.32,1.25,112.79,3
2026-04-26T10:30:33.710149,Casablanca,33.5731,-7.5898,19.96,19.97,75,1012,0.51,0,75,Clouds,broken clouds,2,7.44,18.02,1.08,93.42,2.28,115.86,4
2026-04-26T10:30:36.967480,Rabat,34.0209,-6.8416,19.37,19.82,94,1012,1.54,350,40,Clouds,scattered clouds,2,7.78,13.63,2.07,84.83,3.21,116.14,4
2026-04-26T10:30:40.176188,Marrakech,31.6295,-7.9811,20.98,20.8,64,1011,1.54,360,40,Clouds,scattered clouds,2,6.82,27.25,0.97,87.68,0.37,105.22,4
2026-04-26T10:30:43.376593,Fes,34.0181,-5.0078,19.95,19.88,72,1012,4.63,70,0,Clear,clear sky,2,3.85,15.12,0.28,70.01,0.09,98.82,4
2026-04-26T10:30:46.606191,Tanger,35.7595,-5.834,20.74,20.54,64,1014,9.77,80,40,Clouds,scattered clouds,2,3.18,6.39,1.48,71.07,0.98,124.19,4
2026-04-26T10:30:49.837762,Agadir,30.4278,-9.5981,20.06,20.13,77,1010,3.21,254,15,Clouds,few clouds,3,6.96,17.19,0.43,101.04,1.18,113.55,4
2026-04-26T11:30:51.661205,Casablanca,33.5731,-7.5898,20.78,20.69,68,1012,2.06,10,89,Clouds,overcast clouds,2,8.01,18.62,0.75,98.37,2.91,113.03,5
2026-04-26T11:30:54.908370,Rabat,34.0209,-6.8416,21.37,21.73,83,1011,2.57,280,40,Clouds,scattered clouds,2,10.39,16.91,1.46,95.45,4.28,115.45,5
2026-04-26T11:30:58.128697,Marrakech,31.6295,-7.9811,22.98,22.9,60,1010,2.06,360,40,Clouds,scattered clouds,2,8.17,36.04,0.51,91.66,0.27,102.71,5
2026-04-26T11:31:01.330388,Fes,34.0181,-5.0078,21.95,21.87,64,1012,4.63,80,0,Clear,clear sky,2,4.16,16.76,0.19,74.74,0.08,97.02,5
2026-04-26T11:31:04.611992,Tanger,35.7595,-5.834,21.74,21.54,60,1014,9.77,80,40,Clouds,scattered clouds,2,3.69,6.9,1.0,80.2,0.95,124.1,5
2026-04-26T11:31:07.889114,Agadir,30.4278,-9.5981,23.06,23.43,77,1010,3.21,254,15,Clouds,few clouds,3,7.69,18.88,0.38,100.05,1.13,113.75,5
2026-04-26T12:31:09.740950,Casablanca,33.5731,-7.5898,21.01,21.07,73,1011,1.54,40,80,Clouds,broken clouds,3,9.22,19.79,0.61,103.01,3.67,111.52,6
2026-04-26T12:31:12.982148,Rabat,34.0209,-6.8416,21.37,21.73,83,1011,3.09,280,40,Clouds,scattered clouds,3,13.7,20.61,1.08,104.71,5.55,115.79,6
2026-04-26T12:31:16.201426,Marrakech,31.6295,-7.9811,24.98,24.92,53,1010,1.54,0,40,Clouds,scattered clouds,2,9.27,42.58,0.36,93.11,0.21,100.48,6
2026-04-26T12:31:19.403726,Fes,34.0181,-5.0078,22.95,22.87,60,1011,4.63,70,0,Clear,clear sky,2,4.25,16.94,0.17,76.47,0.08,95.63,6
2026-04-26T12:31:22.599905,Tanger,35.7595,-5.834,21.74,21.54,60,1014,11.83,80,40,Clouds,scattered clouds,2,4.03,7.23,0.67,89.68,0.94,124.55,6
2026-04-26T12:31:25.842218,Agadir,30.4278,-9.5981,24.06,24.48,75,1010,4.49,263,11,Clouds,few clouds,2,8.62,20.91,0.31,99.3,1.11,113.95,6
2026-04-26T13:47:38.319382,Rabat,34.0209,-6.8416,21.37,21.6,78,1010,3.6,320,40,Clouds,scattered clouds,3,12.38,18.49,0.71,108.01,5.29,114.84,7
2026-04-26T13:47:41.550470,Marrakech,31.6295,-7.9811,25.98,25.98,47,1009,3.6,40,40,Clouds,scattered clouds,3,11.22,54.65,0.23,96.53,0.15,101.46,7
2026-04-26T13:47:44.747968,Fes,34.0181,-5.0078,24.95,24.81,50,1010,4.63,60,20,Clouds,few clouds,2,4.55,18.73,0.15,81.36,0.07,95.47,7
2026-04-26T13:47:47.968614,Tanger,35.7595,-5.834,22.75,22.54,56,1013,11.83,80,40,Clouds,scattered clouds,2,4.12,7.41,0.54,98.44,1.0,126.18,7
2026-04-26T13:47:51.223700,Agadir,30.4278,-9.5981,24.06,24.4,72,1009,4.28,253,7,Clear,clear sky,2,9.61,22.89,0.28,99.3,1.12,114.76,7
2026-04-26T16:17:44.454621,Casablanca,33.5731,-7.5898,21.01,21.07,73,1010,3.6,50,40,Clouds,scattered clouds,3,7.77,13.59,0.49,108.88,3.52,107.52,8
2026-04-26T16:17:47.676441,Rabat,34.0209,-6.8416,24.37,24.43,60,1010,3.09,320,40,Clouds,scattered clouds,3,9.94,14.68,0.67,105.31,4.28,112.01,8
2026-04-26T16:17:51.542472,Marrakech,31.6295,-7.9811,30.98,30.48,37,1007,2.06,0,40,Clouds,scattered clouds,3,11.02,54.42,0.21,99.58,0.14,100.75,8
2026-04-26T16:17:54.794429,Fes,34.0181,-5.0078,25.95,25.95,47,1009,4.63,80,20,Clouds,few clouds,2,4.24,17.06,0.26,81.87,0.08,94.42,8
2026-04-26T16:17:58.476021,Tanger,35.7595,-5.834,21.74,21.54,60,1013,13.89,80,40,Clouds,scattered clouds,3,5.04,10.28,0.54,108.2,1.22,127.39,8
2026-04-26T16:18:01.742941,Agadir,30.4278,-9.5981,23.06,23.28,71,1008,4.18,235,9,Clear,clear sky,2,10.69,24.53,0.33,99.35,0.96,118.08,8
2026-04-26T17:18:03.813706,Casablanca,33.5731,-7.5898,22.01,21.83,60,1010,3.09,60,40,Clouds,scattered clouds,3,8.21,14.42,0.67,109.62,3.78,109.4,9
2026-04-26T17:18:07.049503,Rabat,34.0209,-6.8416,23.37,23.33,60,1010,4.12,340,40,Clouds,scattered clouds,3,9.82,14.82,0.95,106.15,4.4,113.74,9
2026-04-26T17:18:10.343646,Marrakech,31.6295,-7.9811,29.98,29.15,35,1007,2.57,60,40,Clouds,scattered clouds,3,11.52,55.3,0.31,99.8,0.24,101.46,9
2026-04-26T17:18:13.572014,Fes,34.0181,-5.0078,26.95,27.2,47,1009,4.12,80,20,Clouds,few clouds,2,4.07,15.04,0.5,76.52,0.11,94.51,9
2026-04-26T17:18:16.803027,Tanger,35.7595,-5.834,21.74,21.54,60,1012,13.38,80,40,Clouds,scattered clouds,3,5.27,10.88,0.67,108.74,1.24,127.58,9
2026-04-26T17:18:20.073763,Agadir,30.4278,-9.5981,24.06,24.4,72,1008,3.07,223,5,Clear,clear sky,3,11.21,25.08,0.42,101.92,1.0,120.26,9
2026-04-26T18:18:22.090226,Casablanca,33.5731,-7.5898,21.84,21.65,60,1010,3.6,20,40,Clouds,scattered clouds,3,8.57,15.13,0.86,108.97,4.09,110.97,10
2026-04-26T18:18:25.624177,Rabat,34.0209,-6.8416,23.35,23.2,56,1010,3.6,340,40,Clouds,scattered clouds,3,9.56,14.91,1.44,106.38,4.55,115.92,10
2026-04-26T18:18:28.930937,Marrakech,31.6295,-7.9811,29.98,29.15,35,1007,1.54,0,40,Clouds,scattered clouds,3,12.2,56.36,0.53,99.98,0.34,102.92,10
2026-04-26T18:18:32.156186,Fes,34.0181,-5.0078,25.95,25.95,47,1009,4.12,70,20,Clouds,few clouds,2,3.9,13.06,0.87,69.67,0.14,94.67,10
2026-04-26T18:18:35.710158,Tanger,35.7595,-5.834,20.83,20.64,64,1012,13.89,80,40,Clouds,scattered clouds,3,5.59,11.61,0.92,108.73,1.27,127.57,10
2026-04-26T18:18:39.348319,Agadir,30.4278,-9.5981,23.06,23.35,74,1008,2.44,194,9,Clear,clear sky,3,10.94,24.51,0.52,104.53,1.03,121.4,10
2026-04-26T19:18:41.519052,Casablanca,33.5731,-7.5898,20.01,19.97,73,1010,3.6,30,75,Clouds,broken clouds,3,8.76,15.6,1.05,108.24,4.27,112.55,11
2026-04-26T19:18:44.758053,Rabat,34.0209,-6.8416,22.37,22.23,60,1010,3.09,340,40,Clouds,scattered clouds,3,8.78,14.43,2.06,104.8,4.51,117.69,11
2026-04-26T19:18:48.197902,Marrakech,31.6295,-7.9811,28.98,28.33,37,1007,2.06,90,40,Rain,light rain,3,12.45,55.44,0.75,99.51,0.42,104.14,11
2026-04-26T19:18:51.491845,Fes,34.0181,-5.0078,24.95,24.88,53,1009,3.09,60,20,Clouds,few clouds,2,3.76,11.82,1.19,66.75,0.17,94.91,11
2026-04-26T19:18:54.874631,Tanger,35.7595,-5.834,19.74,19.44,64,1012,12.35,80,40,Clouds,scattered clouds,3,5.87,12.19,1.28,107.49,1.32,127.83,11
2026-04-26T19:18:58.131519,Agadir,30.4278,-9.5981,21.06,21.23,77,1008,3.12,178,14,Clouds,few clouds,3,10.29,23.85,0.56,106.43,1.01,122.0,11
2026-04-26T20:19:00.109669,Casablanca,33.5731,-7.5898,18.95,19.04,82,1011,2.57,30,75,Clouds,broken clouds,3,8.86,16.17,1.47,105.31,4.32,114.43,12
2026-04-26T20:19:03.365268,Rabat,34.0209,-6.8416,21.37,21.34,68,1011,2.06,340,40,Clouds,scattered clouds,2,7.97,13.87,2.95,99.76,4.32,118.6,12
2026-04-26T20:19:06.608826,Marrakech,31.6295,-7.9811,27.98,27.58,39,1009,2.06,90,40,Rain,light rain,3,12.24,51.19,1.13,94.34,0.47,104.31,12
2026-04-26T20:19:09.875862,Fes,34.0181,-5.0078,21.95,21.87,64,1010,1.03,0,20,Clouds,few clouds,2,3.65,11.23,1.36,65.71,0.2,94.63,12
2026-04-26T20:19:13.158065,Tanger,35.7595,-5.834,18.74,18.45,68,1013,10.8,80,40,Clouds,scattered clouds,3,6.0,12.55,1.79,103.47,1.32,128.43,12
2026-04-26T20:19:16.437724,Agadir,30.4278,-9.5981,19.06,19.19,83,1009,2.53,149,75,Clouds,broken clouds,3,9.24,22.64,0.51,107.43,0.98,121.81,12
2026-04-26T21:19:18.140893,Casablanca,33.5731,-7.5898,18.95,19.04,82,1012,1.03,0,57,Clouds,broken clouds,3,9.0,17.07,1.86,102.38,4.13,118.15,13
2026-04-26T21:19:21.469634,Rabat,34.0209,-6.8416,18.37,18.4,82,1011,0.0,0,40,Clouds,scattered clouds,2,7.61,13.85,3.48,94.65,4.01,121.11,13
2026-04-26T21:19:24.767338,Marrakech,31.6295,-7.9811,25.98,25.98,50,1010,5.14,150,75,Rain,light rain,2,12.14,47.5,1.55,88.71,0.47,106.18,13
2026-04-26T21:19:28.009721,Fes,34.0181,-5.0078,19.95,19.88,72,1011,1.03,0,40,Clouds,scattered clouds,2,3.66,11.04,1.41,62.3,0.19,95.25,13
2026-04-26T21:19:31.849861,Tanger,35.7595,-5.834,18.74,18.55,72,1013,10.8,80,40,Clouds,scattered clouds,2,6.05,12.83,2.05,97.95,1.25,129.19,13
2026-04-26T21:19:35.084277,Agadir,30.4278,-9.5981,18.06,18.17,86,1010,3.48,137,92,Clouds,overcast clouds,3,8.22,21.59,0.43,107.98,0.93,121.63,13
2026-04-26T22:19:37.757509,Casablanca,33.5731,-7.5898,18.95,19.04,82,1012,0.51,0,50,Clouds,scattered clouds,3,9.03,17.92,2.1,100.43,3.76,121.83,14
2026-04-26T22:19:41.429753,Rabat,34.0209,-6.8416,15.37,15.57,100,1012,0.0,0,40,Clouds,scattered clouds,2,7.52,13.99,3.63,90.81,3.7,123.47,14
2026-04-26T22:19:44.812571,Marrakech,31.6295,-7.9811,24.98,24.92,53,1010,0.51,0,40,Rain,light rain,2,12.04,45.35,1.82,84.36,0.47,107.9,14
2026-04-26T22:19:48.338069,Fes,34.0181,-5.0078,18.97,19.06,82,1012,1.03,0,0,Clear,clear sky,1,3.68,10.65,1.41,58.71,0.16,95.94,14
2026-04-26T22:19:51.775599,Tanger,35.7595,-5.834,18.74,18.55,72,1014,10.29,80,40,Clouds,scattered clouds,2,6.05,12.98,2.12,93.12,1.17,130.04,14
2026-04-26T22:19:55.147853,Agadir,30.4278,-9.5981,18.06,18.22,88,1011,4.33,138,71,Clouds,broken clouds,3,7.95,22.35,0.37,108.06,0.88,121.45,14
2026-04-26T23:19:58.384463,Casablanca,33.5731,-7.5898,18.95,19.04,82,1012,1.54,320,57,Clouds,broken clouds,2,8.86,18.3,2.2,96.45,3.27,122.16,15
2026-04-26T23:20:02.322482,Rabat,34.0209,-6.8416,15.37,15.57,100,1012,0.0,0,40,Clouds,scattered clouds,2,7.37,13.78,3.64,85.09,3.29,122.97,15
2026-04-26T23:20:07.311055,Marrakech,31.6295,-7.9811,23.98,23.92,57,1010,2.57,10,40,Clouds,scattered clouds,2,11.73,43.09,2.03,80.05,0.49,106.99,15
2026-04-26T23:20:10.893859,Fes,34.0181,-5.0078,18.95,19.04,82,1012,1.03,0,0,Clear,clear sky,1,3.61,9.69,1.48,53.61,0.12,94.78,15
2026-04-26T23:20:14.392442,Tanger,35.7595,-5.834,18.74,18.45,68,1014,9.77,80,40,Clouds,scattered clouds,2,6.01,12.83,2.22,87.53,1.06,130.01,15
2026-04-26T23:20:17.592166,Agadir,30.4278,-9.5981,18.06,18.25,89,1011,5.36,137,77,Clouds,broken clouds,3,7.4,21.79,0.33,107.87,0.84,121.22,15
2026-04-27T00:20:19.453476,Casablanca,33.5731,-7.5898,17.89,18.03,88,1012,2.06,320,62,Clouds,broken clouds,2,8.87,18.85,2.25,93.35,2.81,123.69,16
2026-04-27T00:20:22.692245,Rabat,34.0209,-6.8416,16.37,16.67,100,1011,1.54,230,40,Clouds,scattered clouds,2,7.38,13.64,3.64,80.2,2.94,123.58,16
2026-04-27T00:20:25.914450,Marrakech,31.6295,-7.9811,22.98,22.9,60,1010,1.54,30,40,Clouds,scattered clouds,2,11.7,41.86,2.21,79.1,0.51,107.35,16
2026-04-27T00:20:29.165776,Fes,34.0181,-5.0078,17.95,18.1,88,1012,2.57,80,0,Clear,clear sky,1,3.56,8.79,1.6,48.4,0.09,94.65,16
2026-04-27T00:20:32.389986,Tanger,35.7595,-5.834,17.74,17.58,77,1014,9.26,80,0,Clear,clear sky,2,5.97,12.46,2.31,81.43,0.91,129.81,16
2026-04-27T00:20:35.623444,Agadir,30.4278,-9.5981,18.06,18.25,89,1011,5.75,138,68,Clouds,broken clouds,3,7.01,21.09,0.3,106.93,0.8,120.95,16
2026-04-27T16:00:16.109167,Casablanca,33.5731,-7.5898,22.01,22.17,73,1007,4.12,310,40,Clouds,scattered clouds,3,10.77,23.78,0.74,109.53,4.89,113.45,17
2026-04-27T16:00:19.331703,Rabat,34.0209,-6.8416,24.37,24.53,64,1007,3.09,300,88,Clouds,overcast clouds,3,14.07,29.25,1.22,109.21,5.5,113.18,17
2026-04-27T16:00:22.742603,Marrakech,31.6295,-7.9811,27.98,28.52,51,1006,4.63,270,40,Clouds,scattered clouds,3,6.75,27.57,0.24,102.74,0.41,102.19,17
2026-04-27T16:00:26.237039,Fes,34.0181,-5.0078,25.95,25.95,50,1005,3.09,60,75,Thunderstorm,thunderstorm,2,9.38,48.14,0.16,93.28,0.05,91.33,17
2026-04-27T16:00:29.526883,Tanger,35.7595,-5.834,21.74,21.64,64,1010,12.86,80,75,Clouds,broken clouds,2,6.58,13.47,1.07,99.89,1.62,126.16,17
2026-04-27T16:00:33.091502,Agadir,30.4278,-9.5981,25.06,25.58,75,1010,3.44,264,84,Clouds,broken clouds,3,4.61,6.93,0.36,100.22,0.47,119.1,17
2026-04-27T17:00:35.293509,Casablanca,33.5731,-7.5898,22.01,22.04,68,1007,4.12,320,40,Clouds,scattered clouds,3,10.08,22.58,0.93,107.43,4.69,114.36,18
2026-04-27T17:00:38.514189,Rabat,34.0209,-6.8416,23.37,23.54,68,1007,3.09,300,92,Clouds,overcast clouds,3,14.53,28.17,1.9,106.62,6.23,115.08,18
2026-04-27T17:00:41.739071,Marrakech,31.6295,-7.9811,28.02,28.56,51,1006,6.17,260,40,Clouds,scattered clouds,3,6.87,25.92,0.36,101.53,0.59,103.91,18
2026-04-27T17:00:45.074830,Fes,34.0181,-5.0078,26.95,27.37,50,1006,4.12,90,75,Thunderstorm,thunderstorm,2,8.66,41.08,0.43,87.44,0.09,91.42,18
2026-04-27T17:00:48.292480,Tanger,35.7595,-5.834,20.74,20.65,68,1009,13.38,80,75,Clouds,broken clouds,3,6.59,13.34,1.27,100.78,1.49,126.57,18
2026-04-27T18:02:52.890374,Casablanca,33.5731,-7.5898,22.01,22.3,78,1007,3.09,340,40,Clouds,scattered clouds,3,9.89,23.01,1.1,105.11,4.41,115.88,19
2026-04-27T18:02:56.259988,Rabat,34.0209,-6.8416,24.37,24.43,60,1007,3.6,330,90,Clouds,overcast clouds,3,15.57,28.2,2.77,103.45,6.96,118.84,19
2026-04-27T18:02:59.794418,Marrakech,31.6295,-7.9811,24.98,25.02,57,1006,9.26,270,75,Clouds,broken clouds,2,7.36,25.63,0.58,99.69,0.79,106.73,19
2026-04-27T18:03:03.115475,Fes,34.0181,-5.0078,26.95,27.37,50,1005,3.09,100,75,Thunderstorm,thunderstorm,2,8.29,35.59,0.93,78.58,0.14,92.23,19
2026-04-27T18:03:06.552196,Tanger,35.7595,-5.834,19.74,19.68,73,1009,12.86,80,75,Clouds,broken clouds,2,7.0,13.74,1.8,98.98,1.41,127.42,19
2026-04-27T18:03:10.136511,Agadir,30.4278,-9.5981,24.06,24.32,69,1010,3.93,272,60,Clouds,broken clouds,3,4.62,7.96,0.44,101.9,0.49,119.7,19
2026-04-27T19:03:12.346694,Casablanca,33.5731,-7.5898,20.78,20.95,78,1007,3.09,340,40,Clouds,scattered clouds,3,9.77,23.62,1.2,102.91,4.0,117.33,20
2026-04-27T19:03:15.599859,Rabat,34.0209,-6.8416,24.37,24.35,57,1006,3.6,350,80,Clouds,broken clouds,2,15.83,28.06,3.43,99.66,6.93,121.94,20
2026-04-27T19:03:18.865813,Marrakech,31.6295,-7.9811,23.98,24.0,60,1007,8.23,290,75,Rain,moderate rain,2,7.3,23.4,0.86,97.24,0.92,109.23,20
2026-04-27T19:03:22.114261,Fes,34.0181,-5.0078,25.97,25.97,53,1005,2.06,80,75,Thunderstorm,thunderstorm,2,7.89,31.61,1.38,72.3,0.19,93.26,20
2026-04-27T19:03:25.389357,Tanger,35.7595,-5.834,19.74,19.68,73,1009,12.86,80,75,Clouds,broken clouds,2,7.57,14.48,2.51,95.11,1.39,128.46,20
2026-04-27T19:03:28.681915,Agadir,30.4278,-9.5981,23.06,23.3,72,1010,4.26,266,51,Clouds,broken clouds,3,5.34,10.11,0.43,102.4,0.52,119.19,20
2026-04-27T20:03:30.949467,Casablanca,33.5731,-7.5898,21.01,21.2,78,1008,1.54,310,40,Clouds,scattered clouds,2,9.66,23.79,1.32,99.48,3.45,117.52,21
2026-04-27T20:03:34.548580,Rabat,34.0209,-6.8416,22.37,22.44,68,1007,2.06,320,8,Clear,clear sky,2,15.35,26.86,3.9,94.25,6.62,123.3,21
2026-04-27T20:03:38.063874,Marrakech,31.6295,-7.9811,21.98,21.9,64,1009,6.17,290,75,Rain,moderate rain,2,6.93,20.62,1.14,92.53,0.94,109.73,21
2026-04-27T20:03:41.496780,Fes,34.0181,-5.0078,22.95,23.21,73,1006,3.09,90,75,Thunderstorm,thunderstorm,2,7.16,26.97,1.75,66.18,0.22,92.88,21
2026-04-27T20:03:44.729982,Tanger,35.7595,-5.834,18.74,18.55,72,1009,10.8,90,75,Clouds,broken clouds,2,8.0,15.18,3.13,89.61,1.36,128.67,21
2026-04-27T20:03:48.163027,Agadir,30.4278,-9.5981,21.06,21.23,77,1011,3.53,266,0,Clear,clear sky,3,6.38,12.85,0.4,102.68,0.53,118.15,21
2026-04-27T21:03:50.361412,Casablanca,33.5731,-7.5898,20.01,20.23,83,1009,3.6,300,40,Rain,light rain,2,9.85,24.56,1.41,96.77,2.93,118.77,22
2026-04-27T21:03:53.713948,Rabat,34.0209,-6.8416,20.37,20.63,83,1008,1.54,250,6,Clear,clear sky,2,15.05,26.21,3.86,90.91,5.67,125.63,22
2026-04-27T21:03:57.003836,Marrakech,31.6295,-7.9811,19.98,19.94,73,1010,4.63,260,75,Rain,moderate rain,2,6.64,18.75,1.31,89.9,0.91,111.61,22
2026-04-27T21:04:00.255102,Fes,34.0181,-5.0078,21.95,22.11,73,1007,3.09,120,75,Thunderstorm,thunderstorm,2,6.6,23.28,1.98,61.62,0.21,94.29,22
2026-04-27T21:04:03.532526,Tanger,35.7595,-5.834,18.74,18.55,72,1009,12.35,80,75,Clouds,broken clouds,2,8.26,15.75,3.26,84.16,1.31,129.3,22
2026-04-27T21:04:06.810389,Agadir,30.4278,-9.5981,18.06,18.09,83,1012,3.2,266,0,Clear,clear sky,3,7.23,15.06,0.34,102.74,0.53,117.41,22
2026-04-27T22:04:09.002799,Casablanca,33.5731,-7.5898,20.0,20.22,83,1009,3.09,260,18,Clouds,few clouds,2,10.07,25.4,1.44,94.64,2.56,119.86,23
2026-04-27T22:04:12.423666,Rabat,34.0209,-6.8416,20.37,20.76,88,1008,2.06,220,4,Clear,clear sky,2,14.84,25.98,3.5,89.66,4.56,127.72,23
2026-04-27T22:04:15.712184,Marrakech,31.6295,-7.9811,18.98,18.81,72,1012,3.6,290,75,Rain,moderate rain,2,6.47,17.77,1.39,88.13,0.86,113.17,23
2026-04-27T22:04:19.190047,Fes,34.0181,-5.0078,20.95,21.01,73,1007,4.12,100,75,Thunderstorm,thunderstorm,2,6.18,20.31,2.11,58.8,0.19,95.63,23
2026-04-27T22:04:22.579516,Tanger,35.7595,-5.834,18.74,18.55,72,1009,13.38,80,20,Clouds,few clouds,2,8.39,16.12,3.23,79.31,1.23,129.85,23
2026-04-27T22:04:25.975647,Agadir,30.4278,-9.5981,18.06,18.19,87,1012,3.08,270,0,Clear,clear sky,3,7.58,15.94,0.3,102.1,0.51,116.66,23
2026-04-27T23:04:28.184479,Casablanca,33.5731,-7.5898,20.0,20.22,83,1012,2.06,210,38,Rain,moderate rain,2,10.15,25.46,1.44,91.88,2.35,119.11,24
2026-04-27T23:04:31.565652,Rabat,34.0209,-6.8416,20.37,20.92,94,1009,5.66,210,3,Rain,light rain,2,14.14,23.84,3.09,87.29,4.14,126.42,24
2026-04-27T23:04:34.896728,Marrakech,31.6295,-7.9811,17.98,17.84,77,1012,4.63,280,75,Rain,moderate rain,2,6.28,16.91,1.36,86.11,0.8,112.99,24
2026-04-27T23:04:38.816830,Fes,34.0181,-5.0078,21.95,21.98,68,1007,3.6,350,75,Thunderstorm,thunderstorm,1,6.0,18.69,2.21,55.24,0.16,94.93,24
2026-04-27T23:04:42.177560,Tanger,35.7595,-5.834,18.77,18.58,72,1009,12.86,70,20,Clouds,few clouds,2,8.51,16.38,3.16,74.95,1.21,129.91,24
2026-04-27T23:04:45.470150,Agadir,30.4278,-9.5981,18.06,18.19,87,1013,2.23,276,0,Clear,clear sky,3,7.23,15.17,0.26,100.97,0.45,116.17,24
2026-04-28T00:04:47.396818,Casablanca,33.5731,-7.5898,20.0,20.07,77,1011,2.06,250,50,Rain,moderate rain,2,10.25,25.61,1.35,90.61,2.1,119.57,25
2026-04-28T00:04:50.798306,Rabat,34.0209,-6.8416,21.37,21.6,78,1009,5.66,210,75,Rain,moderate rain,2,13.29,21.58,2.71,84.93,3.87,125.07,25
2026-04-28T00:04:55.579437,Marrakech,31.6295,-7.9811,17.97,17.83,77,1012,4.63,270,75,Rain,light rain,2,6.05,16.02,1.26,85.48,0.75,113.83,25
2026-04-28T00:04:58.925922,Fes,34.0181,-5.0078,19.95,20.14,82,1007,1.54,110,75,Thunderstorm,thunderstorm,1,6.18,18.64,2.26,51.89,0.13,95.39,25
2026-04-28T00:05:02.608757,Tanger,35.7595,-5.834,18.74,18.55,72,1008,14.92,70,75,Clouds,broken clouds,2,9.03,17.54,2.92,74.06,1.34,129.83,25
2026-04-28T00:05:07.209497,Agadir,30.4278,-9.5981,18.06,18.19,87,1013,2.44,272,11,Clouds,few clouds,3,6.66,13.86,0.23,100.3,0.4,115.66,25
2026-04-28T10:31:37.518560,Casablanca,33.5731,-7.5898,20.0,19.96,73,1011,1.54,260,75,Clouds,broken clouds,2,4.64,12.45,0.79,95.45,0.94,115.8,26
2026-04-28T10:31:40.809089,Rabat,34.0209,-6.8416,21.35,21.58,78,1010,3.09,210,75,Clouds,broken clouds,2,4.08,10.48,1.54,89.66,2.09,115.2,26
2026-04-28T10:31:44.119304,Marrakech,31.6295,-7.9811,14.98,14.83,88,1012,1.03,0,75,Rain,light rain,2,3.58,8.82,1.01,86.25,0.43,110.53,26
2026-04-28T10:31:47.400406,Fes,34.0181,-5.0078,18.95,18.91,77,1011,4.63,270,40,Rain,light rain,2,4.6,9.36,0.72,77.29,0.36,104.28,26
2026-04-28T10:31:50.895435,Tanger,35.7595,-5.834,20.74,20.78,73,1011,2.06,130,75,Clouds,broken clouds,2,7.41,12.96,2.53,96.16,4.24,126.16,26
2026-04-28T10:31:54.143332,Agadir,30.4278,-9.5981,19.06,19.08,79,1013,2.6,262,96,Clouds,overcast clouds,2,1.87,4.07,0.23,97.01,0.16,114.82,26
2026-04-28T11:31:57.008573,Casablanca,33.5731,-7.5898,21.84,21.75,64,1011,2.06,280,75,Clouds,broken clouds,2,4.66,12.42,0.63,96.66,1.01,114.5,27
2026-04-28T11:32:01.192915,Rabat,34.0209,-6.8416,22.37,22.7,78,1010,3.09,260,75,Clouds,broken clouds,2,3.68,9.43,1.32,91.28,2.08,113.79,27
2026-04-28T11:32:04.564134,Marrakech,31.6295,-7.9811,14.98,14.99,94,1012,1.54,260,75,Clouds,broken clouds,2,3.32,7.97,0.95,86.85,0.45,109.65,27
2026-04-28T11:32:08.514174,Fes,34.0181,-5.0078,20.95,20.88,68,1011,2.57,280,40,Rain,light rain,2,4.23,7.94,0.52,79.66,0.32,104.42,27
2026-04-28T11:32:12.313312,Tanger,35.7595,-5.834,22.74,22.85,68,1010,2.57,170,75,Clouds,broken clouds,3,6.76,12.67,1.96,100.25,4.04,124.53,27
2026-04-28T11:32:15.940099,Agadir,30.4278,-9.5981,20.06,20.13,77,1013,2.69,266,97,Clouds,overcast clouds,2,1.91,4.22,0.18,96.71,0.16,114.46,27
2026-04-28T12:32:17.942056,Casablanca,33.5731,-7.5898,21.84,21.86,68,1011,2.57,300,75,Clouds,broken clouds,2,4.6,12.16,0.53,97.63,1.06,113.38,28
2026-04-28T12:32:21.184590,Rabat,34.0209,-6.8416,22.37,22.7,78,1010,2.57,260,75,Clouds,broken clouds,2,3.58,8.99,1.18,92.81,2.19,112.63,28
2026-04-28T12:32:24.463983,Marrakech,31.6295,-7.9811,17.98,17.97,82,1011,2.06,240,75,Clouds,broken clouds,2,3.08,7.29,0.87,87.37,0.49,109.12,28
2026-04-28T12:32:27.686631,Fes,34.0181,-5.0078,21.95,21.87,64,1010,2.57,50,40,Clouds,scattered clouds,2,3.78,6.67,0.4,79.89,0.28,104.0,28
2026-04-28T12:32:30.918342,Tanger,35.7595,-5.834,22.74,22.85,68,1010,3.09,200,75,Clouds,broken clouds,3,6.9,13.76,1.39,105.26,3.91,123.53,28
2026-04-28T12:32:34.185377,Agadir,30.4278,-9.5981,22.06,22.31,76,1013,3.54,268,97,Clouds,overcast clouds,2,2.03,4.52,0.14,95.94,0.16,114.11,28
2026-04-28T13:49:35.552871,Casablanca,33.5731,-7.5898,22.01,22.04,68,1010,3.6,320,75,Clouds,broken clouds,2,4.1,10.63,0.45,99.07,1.01,113.26,29
2026-04-28T13:49:39.253180,Rabat,34.0209,-6.8416,22.37,22.7,78,1010,3.6,270,0,Clear,clear sky,2,3.41,7.93,0.95,96.26,2.16,112.65,29
2026-04-28T13:49:42.781125,Marrakech,31.6295,-7.9811,19.98,19.94,73,1011,2.57,280,75,Clouds,broken clouds,2,2.96,7.34,0.67,90.3,0.52,108.75,29
2026-04-28T13:49:46.165732,Fes,34.0181,-5.0078,21.95,22.11,73,1009,3.6,330,40,Clouds,scattered clouds,2,3.08,6.05,0.27,85.22,0.2,103.87,29
2026-04-28T13:49:49.950405,Tanger,35.7595,-5.834,20.74,20.78,73,1010,4.63,270,75,Clouds,broken clouds,3,7.83,15.86,0.93,110.48,3.67,122.94,29
2026-04-28T13:49:53.431796,Agadir,30.4278,-9.5981,23.06,23.35,74,1012,4.81,268,38,Clouds,scattered clouds,2,2.22,4.97,0.13,95.43,0.16,114.05,29
2026-04-28T15:28:26.556177,Casablanca,33.5731,-7.5898,20.01,20.08,77,1010,4.12,330,75,Clouds,broken clouds,3,3.06,7.61,0.45,100.05,0.99,112.77,30
2026-04-28T15:28:29.932914,Rabat,34.0209,-6.8416,22.37,22.57,73,1010,4.12,270,75,Clouds,broken clouds,2,2.78,6.55,0.81,96.68,1.99,110.92,30
2026-04-28T15:28:33.313671,Marrakech,31.6295,-7.9811,20.98,20.91,68,1010,2.57,310,75,Clouds,broken clouds,2,3.37,8.2,0.5,91.45,0.56,107.29,30
2026-04-28T15:28:36.692299,Fes,34.0181,-5.0078,22.95,22.97,64,1008,3.09,320,75,Clouds,broken clouds,2,4.48,10.14,0.17,89.34,0.22,99.81,30
2026-04-28T15:28:39.970432,Tanger,35.7595,-5.834,20.74,20.91,78,1010,3.09,240,75,Clouds,broken clouds,3,8.04,14.81,0.83,112.74,3.59,123.7,30
2026-04-28T15:28:43.554925,Agadir,30.4278,-9.5981,23.06,23.22,69,1011,6.02,272,32,Clouds,scattered clouds,2,3.2,5.13,0.18,98.47,0.19,115.7,30
2026-04-28T16:28:45.660768,Casablanca,33.5731,-7.5898,19.01,19.11,82,1010,4.63,330,75,Clouds,broken clouds,3,3.61,8.23,0.44,100.55,1.1,112.24,31
2026-04-28T16:28:48.925143,Rabat,34.0209,-6.8416,21.37,21.6,78,1009,3.6,300,75,Clouds,broken clouds,2,3.24,7.01,0.95,97.69,2.52,110.4,31
2026-04-28T16:28:52.212329,Marrakech,31.6295,-7.9811,21.98,21.9,64,1009,2.57,250,75,Clouds,broken clouds,2,3.51,8.49,0.44,91.45,0.61,106.27,31
2026-04-28T16:28:55.662790,Fes,34.0181,-5.0078,22.95,22.87,60,1007,3.09,340,75,Rain,light rain,2,4.15,9.05,0.19,88.58,0.22,99.96,31
2026-04-28T16:28:59.073379,Tanger,35.7595,-5.834,19.74,19.94,83,1009,3.09,260,75,Clouds,broken clouds,3,8.71,16.72,0.67,113.98,3.05,122.9,31
2026-04-28T16:29:02.352102,Agadir,30.4278,-9.5981,22.06,22.04,66,1010,6.88,275,30,Clouds,scattered clouds,2,3.49,5.58,0.19,98.9,0.2,115.66,31
2026-04-28T16:29:12.852802,Casablanca,33.5731,-7.5898,19.01,19.11,82,1010,4.63,330,75,Clouds,broken clouds,3,3.61,8.23,0.44,100.55,1.1,112.24,32
2026-04-28T16:29:16.380871,Rabat,34.0209,-6.8416,21.37,21.6,78,1009,3.6,300,75,Clouds,broken clouds,2,3.24,7.01,0.95,97.69,2.52,110.4,32
2026-04-28T17:19:37.016055,Casablanca,33.5731,-7.5898,18.95,18.91,77,1010,3.09,330,75,Clouds,broken clouds,3,4.72,9.5,0.58,101.28,1.36,112.82,32
2026-04-28T17:19:40.935026,Rabat,34.0209,-6.8416,20.37,20.76,88,1009,3.6,300,75,Clouds,broken clouds,2,4.37,8.2,1.47,98.48,3.15,111.92,32
2026-04-28T17:19:44.164609,Marrakech,31.6295,-7.9811,20.97,20.9,68,1008,3.09,210,75,Clouds,broken clouds,2,3.6,8.33,0.52,92.75,0.66,107.7,32
2026-04-28T17:19:47.572215,Fes,34.0181,-5.0078,22.97,22.99,64,1007,4.12,330,75,Rain,light rain,2,3.75,7.81,0.27,88.25,0.22,100.92,32
2026-04-28T17:19:51.046966,Tanger,35.7595,-5.834,18.74,18.97,88,1009,2.06,250,75,Clouds,broken clouds,3,8.91,18.42,0.65,113.26,2.32,121.97,32
2026-04-28T17:19:54.269928,Agadir,30.4278,-9.5981,21.06,20.92,65,1010,8.05,289,23,Clouds,few clouds,2,3.65,5.76,0.21,99.82,0.2,115.64,32
2026-04-28T18:19:56.599408,Casablanca,33.5731,-7.5898,18.95,18.91,77,1010,3.6,320,75,Clouds,broken clouds,3,6.21,11.57,0.81,101.05,1.67,113.49,33
2026-04-28T18:19:59.829622,Rabat,34.0209,-6.8416,19.37,19.82,94,1009,3.09,300,75,Clouds,broken clouds,2,5.96,10.37,2.07,98.18,3.54,113.52,33
2026-04-28T18:20:03.697763,Marrakech,31.6295,-7.9811,20.98,20.8,64,1008,2.57,240,75,Clouds,broken clouds,2,3.48,7.68,0.72,92.4,0.67,108.31,33
2026-04-28T18:20:07.124533,Fes,34.0181,-5.0078,22.95,22.97,64,1008,4.12,340,75,Rain,light rain,2,3.38,6.72,0.41,86.87,0.23,101.74,33
2026-04-28T18:20:10.341589,Tanger,35.7595,-5.834,19.74,19.94,83,1009,2.06,260,75,Clouds,broken clouds,3,9.08,19.97,0.77,111.19,1.78,121.34,33
2026-04-28T18:20:13.564077,Agadir,30.4278,-9.5981,22.06,22.02,65,1010,7.44,293,18,Clouds,few clouds,3,3.85,6.05,0.24,100.52,0.21,115.64,33
2026-04-28T19:20:17.657223,Casablanca,33.5731,-7.5898,18.95,18.91,77,1010,3.09,330,75,Clouds,broken clouds,3,7.47,13.49,1.05,100.08,1.94,114.25,34
2026-04-28T19:20:20.934856,Rabat,34.0209,-6.8416,19.35,19.64,88,1010,2.57,280,100,Clouds,overcast clouds,2,7.35,12.6,2.49,97.66,3.62,114.7,34
2026-04-28T19:20:24.267559,Marrakech,31.6295,-7.9811,19.98,19.81,68,1009,3.09,240,75,Clouds,broken clouds,2,3.24,7.02,0.95,91.25,0.64,108.92,34
2026-04-28T19:20:27.665902,Fes,34.0181,-5.0078,20.95,21.01,73,1009,4.12,340,75,Rain,light rain,2,3.08,5.9,0.58,85.2,0.24,102.57,34
2026-04-28T19:20:31.044846,Tanger,35.7595,-5.834,18.74,18.97,88,1009,1.54,250,75,Clouds,broken clouds,3,9.53,21.44,0.94,109.27,1.53,120.72,34
2026-04-28T19:20:43.743168,Agadir,30.4278,-9.5981,20.06,19.87,67,1010,6.73,292,14,Clouds,few clouds,3,4.11,6.55,0.25,101.68,0.22,115.91,34
2026-04-28T20:20:46.002527,Casablanca,33.5731,-7.5898,18.44,18.43,80,1011,2.68,330,75,Clouds,broken clouds,2,8.19,14.96,1.28,97.7,2.13,113.72,35
2026-04-28T20:20:50.008832,Rabat,34.0209,-6.8416,18.37,18.72,94,1010,1.54,260,100,Clouds,overcast clouds,2,8.13,14.43,2.71,95.17,3.5,114.3,35
2026-04-28T20:20:53.279475,Marrakech,31.6295,-7.9811,19.97,19.8,68,1009,2.06,250,75,Clouds,broken clouds,2,2.91,6.57,1.15,88.88,0.59,108.72,35
2026-04-28T20:20:56.631316,Fes,34.0181,-5.0078,19.97,20.03,77,1010,3.6,330,75,Rain,moderate rain,2,2.92,5.33,1.15,74.82,0.26,102.01,35
2026-04-28T20:20:59.861122,Tanger,35.7595,-5.834,18.74,18.97,88,1009,1.54,270,75,Clouds,broken clouds,3,9.93,22.29,1.13,106.81,1.44,120.18,35
2026-04-28T20:21:03.163607,Agadir,30.4278,-9.5981,19.06,18.9,72,1010,5.93,292,0,Clear,clear sky,3,4.32,6.94,0.25,102.19,0.23,116.5,35
2026-04-28T21:38:26.265516,Rabat,34.0209,-6.8416,18.37,18.72,94,1011,2.06,270,100,Clouds,overcast clouds,2,8.32,16.18,2.58,91.42,3.12,115.57,36
2026-04-28T21:38:29.799983,Marrakech,31.6295,-7.9811,19.98,19.81,68,1011,2.06,240,75,Clouds,broken clouds,2,3.13,7.57,1.38,86.47,0.57,110.84,36
2026-04-28T21:38:33.035686,Fes,34.0181,-5.0078,18.95,19.2,88,1011,2.57,320,75,Clouds,broken clouds,1,2.88,4.94,2.01,54.47,0.27,103.02,36
2026-04-28T21:38:36.248571,Tanger,35.7595,-5.834,18.83,19.07,88,1010,2.06,250,75,Clouds,broken clouds,3,10.29,22.67,1.24,102.78,1.32,120.55,36
2026-04-28T21:38:39.469258,Agadir,30.4278,-9.5981,19.06,19.14,81,1012,4.85,307,0,Clear,clear sky,3,4.53,7.69,0.24,101.88,0.26,116.4,36
2026-04-29T14:12:47.795559,Casablanca,33.5731,-7.5898,19.93,19.6,62,1011,3.8,313,65,Clouds,broken clouds,2,4.36,11.65,0.41,96.16,1.8,109.08,37
2026-04-29T14:12:51.212089,Rabat,34.0209,-6.8416,20.37,20.47,77,1011,2.57,290,75,Clouds,broken clouds,2,4.62,7.72,0.79,99.98,3.66,109.21,37
2026-04-29T14:12:54.657074,Marrakech,31.6295,-7.9811,19.98,19.94,73,1010,3.09,320,75,Clouds,broken clouds,2,2.74,7.62,0.24,93.16,0.25,105.82,37
2026-04-29T14:12:57.943960,Fes,34.0181,-5.0078,18.95,19.36,94,1010,1.54,360,75,Rain,light rain,2,2.33,3.53,0.27,79.73,0.25,102.67,37
2026-04-29T14:13:01.207154,Tanger,35.7595,-5.834,18.74,18.68,77,1011,3.09,260,75,Clouds,broken clouds,3,3.2,6.95,0.4,101.13,0.92,116.53,37
2026-04-29T14:13:04.500721,Agadir,30.4278,-9.5981,24.06,24.32,69,1011,4.94,282,62,Clouds,broken clouds,2,3.59,7.93,0.13,95.55,0.28,114.75,37
2026-04-29T15:13:06.259124,Casablanca,33.5731,-7.5898,19.93,19.81,70,1012,4.44,322,76,Clouds,broken clouds,2,3.99,9.42,0.54,96.46,2.14,108.14,38
2026-04-29T15:13:09.746028,Rabat,34.0209,-6.8416,20.37,20.63,83,1012,2.06,300,75,Clouds,broken clouds,2,4.3,6.84,1.1,97.38,3.51,109.32,38
2026-04-29T15:13:12.964941,Marrakech,31.6295,-7.9811,20.98,20.91,68,1009,2.06,310,75,Clouds,broken clouds,2,2.35,6.51,0.22,94.75,0.19,103.33,38
2026-04-29T15:13:16.199799,Fes,34.0181,-5.0078,19.95,20.14,82,1010,3.6,330,75,Rain,light rain,2,3.03,4.74,0.27,82.54,0.39,102.07,38
2026-04-29T15:13:19.509746,Tanger,35.7595,-5.834,18.74,18.68,77,1011,3.6,270,75,Clouds,broken clouds,3,3.16,5.5,0.36,100.92,0.72,117.37,38
2026-04-29T15:13:22.794783,Agadir,30.4278,-9.5981,26.06,26.06,66,1010,6.3,281,46,Clouds,scattered clouds,2,2.86,6.17,0.13,95.98,0.31,113.88,38
2026-04-29T16:13:24.882897,Casablanca,33.5731,-7.5898,20.01,19.84,68,1011,2.57,20,40,Clouds,scattered clouds,2,3.82,9.17,0.57,96.34,2.25,106.98,39
2026-04-29T16:13:28.250138,Rabat,34.0209,-6.8416,21.37,21.6,78,1012,2.57,310,75,Clouds,broken clouds,2,4.38,6.94,1.12,98.33,3.46,108.9,39
2026-04-29T16:13:31.501656,Marrakech,31.6295,-7.9811,21.98,21.9,64,1009,2.06,330,75,Clouds,broken clouds,2,2.56,6.87,0.25,93.85,0.26,102.14,39
2026-04-29T16:13:34.794211,Fes,34.0181,-5.0078,19.95,20.14,82,1010,4.12,310,75,Clouds,broken clouds,2,3.36,4.85,0.28,83.76,0.5,102.23,39
2026-04-29T16:13:38.090447,Tanger,35.7595,-5.834,18.74,18.68,77,1011,3.09,280,75,Clouds,broken clouds,2,2.78,5.01,0.36,99.96,0.67,115.63,39
2026-04-29T16:13:41.464005,Agadir,30.4278,-9.5981,25.06,25.34,66,1010,7.45,285,29,Clouds,scattered clouds,2,2.77,6.12,0.13,95.71,0.3,113.84,39
2026-04-29T17:13:44.185338,Casablanca,33.5731,-7.5898,19.99,19.82,68,1011,2.24,20,72,Clouds,broken clouds,2,3.81,9.37,0.71,96.94,2.61,106.99,40
2026-04-29T17:13:47.441033,Rabat,34.0209,-6.8416,20.35,20.45,77,1011,3.09,300,40,Clouds,scattered clouds,2,4.38,7.28,1.42,97.84,3.51,108.92,40
2026-04-29T17:13:51.044732,Marrakech,31.6295,-7.9811,21.98,21.9,64,1009,2.06,0,75,Clouds,broken clouds,2,3.0,7.83,0.34,94.78,0.38,103.89,40
2026-04-29T17:13:54.428255,Fes,34.0181,-5.0078,19.97,20.16,82,1010,4.12,310,75,Clouds,broken clouds,2,3.87,5.13,0.41,83.63,0.66,103.03,40
2026-04-29T17:13:57.890947,Tanger,35.7595,-5.834,18.74,18.68,77,1011,3.6,300,40,Clouds,scattered clouds,2,2.46,4.65,0.39,98.97,0.64,114.02,40
2026-04-29T17:14:01.390825,Agadir,30.4278,-9.5981,25.06,25.32,65,1009,7.48,290,20,Clouds,few clouds,2,2.53,5.86,0.14,95.47,0.28,113.56,40
2026-04-29T18:14:03.447677,Casablanca,33.5731,-7.5898,19.99,19.82,68,1011,2.68,30,72,Clouds,broken clouds,2,3.91,9.96,0.93,97.15,3.17,107.05,41
2026-04-29T18:14:06.766471,Rabat,34.0209,-6.8416,20.37,20.47,77,1011,2.57,330,40,Clouds,scattered clouds,2,4.32,7.77,2.04,95.73,3.69,109.37,41
2026-04-29T18:14:10.313483,Marrakech,31.6295,-7.9811,21.96,21.78,60,1008,2.06,330,75,Clouds,broken clouds,2,3.58,9.25,0.5,95.11,0.56,105.34,41
2026-04-29T18:14:13.686162,Fes,34.0181,-5.0078,18.95,19.2,88,1010,3.6,290,75,Clouds,broken clouds,2,4.4,5.5,0.68,81.33,0.79,103.99,41
2026-04-29T18:14:17.067403,Tanger,35.7595,-5.834,18.74,18.55,72,1011,1.54,280,40,Clouds,scattered clouds,2,2.27,4.5,0.48,98.33,0.64,112.91,41
2026-04-29T18:14:20.563662,Agadir,30.4278,-9.5981,24.06,24.22,65,1010,7.59,291,15,Clouds,few clouds,2,2.31,5.62,0.17,95.02,0.27,113.04,41
2026-04-29T19:14:22.492536,Casablanca,33.5731,-7.5898,18.95,18.78,72,1012,2.57,30,40,Clouds,scattered clouds,2,3.96,10.41,1.21,96.62,3.66,107.36,42
2026-04-29T19:14:25.811442,Rabat,34.0209,-6.8416,19.37,19.5,82,1012,2.57,350,40,Clouds,scattered clouds,2,4.2,8.09,2.6,93.25,3.78,109.82,42
2026-04-29T19:14:29.076425,Marrakech,31.6295,-7.9811,21.98,21.9,64,1009,2.06,90,75,Clouds,broken clouds,2,4.04,10.63,0.69,94.5,0.74,106.29,42
2026-04-29T19:14:32.299946,Fes,34.0181,-5.0078,17.95,18.26,94,1011,3.6,300,75,Clouds,broken clouds,2,4.62,5.65,0.99,78.82,0.82,104.64,42
2026-04-29T19:14:35.521666,Tanger,35.7595,-5.834,17.74,17.58,77,1012,3.09,290,20,Clouds,few clouds,2,2.17,4.5,0.59,97.46,0.68,112.43,42
2026-04-29T19:14:38.774118,Agadir,30.4278,-9.5981,21.06,20.97,67,1010,6.66,295,12,Clouds,few clouds,2,2.15,5.4,0.19,94.81,0.27,112.52,42
2026-04-29T20:14:41.783422,Casablanca,33.5731,-7.5898,18.44,18.3,75,1013,2.57,40,40,Clouds,scattered clouds,2,3.95,10.83,1.71,94.0,4.0,107.85,43
2026-04-29T20:14:45.387056,Rabat,34.0209,-6.8416,18.37,18.56,88,1012,2.57,350,40,Clouds,scattered clouds,2,4.09,8.26,3.05,90.4,3.82,110.21,43
2026-04-29T20:14:48.944927,Marrakech,31.6295,-7.9811,20.98,20.91,68,1009,4.12,120,75,Clouds,broken clouds,2,4.2,11.48,0.98,91.16,0.84,105.6,43
2026-04-29T20:14:52.429349,Fes,34.0181,-5.0078,16.95,17.31,100,1011,2.57,280,75,Clouds,broken clouds,2,4.64,5.67,1.51,73.7,0.79,104.83,43
2026-04-29T20:14:56.113958,Tanger,35.7595,-5.834,16.74,16.61,82,1012,2.57,280,20,Clouds,few clouds,2,2.14,4.61,0.85,95.45,0.74,112.27,43
2026-04-29T20:14:59.413948,Agadir,30.4278,-9.5981,19.06,18.88,71,1010,6.07,295,1,Clear,clear sky,2,2.03,5.46,0.2,94.41,0.27,111.78,43
2026-04-29T21:15:03.433332,Casablanca,33.5731,-7.5898,17.89,17.88,82,1014,2.06,40,97,Clouds,overcast clouds,2,4.01,11.48,2.12,90.99,4.15,109.56,44
2026-04-29T21:15:07.944789,Rabat,34.0209,-6.8416,18.37,18.56,88,1014,2.57,340,40,Clouds,scattered clouds,2,4.06,8.42,3.33,87.91,3.89,111.65,44
2026-04-29T21:15:11.321757,Marrakech,31.6295,-7.9811,19.98,19.81,68,1011,4.12,130,75,Clouds,broken clouds,2,4.24,12.12,1.19,89.07,0.84,106.56,44
2026-04-29T21:15:14.599022,Fes,34.0181,-5.0078,16.95,17.31,100,1013,3.09,280,75,Clouds,broken clouds,2,4.6,5.67,1.92,69.57,0.77,105.59,44
2026-04-29T21:15:17.983771,Tanger,35.7595,-5.834,15.74,15.67,88,1013,1.03,260,0,Clear,clear sky,2,2.15,4.77,1.0,93.25,0.77,112.78,44
2026-04-29T21:15:22.689301,Agadir,30.4278,-9.5981,18.06,17.88,75,1011,4.23,302,50,Clouds,scattered clouds,2,2.03,5.78,0.2,94.53,0.28,111.65,44
2026-04-29T22:15:24.785813,Casablanca,33.5731,-7.5898,17.77,17.74,82,1014,1.79,40,96,Clouds,overcast clouds,2,4.1,12.01,2.29,88.84,4.24,111.45,45
2026-04-29T22:15:28.881664,Rabat,34.0209,-6.8416,18.37,18.72,94,1014,2.57,330,40,Clouds,scattered clouds,2,4.03,8.49,3.44,86.0,3.98,112.85,45
2026-04-29T22:15:32.413470,Marrakech,31.6295,-7.9811,19.98,19.94,73,1012,3.6,120,75,Clouds,broken clouds,2,4.22,12.56,1.28,87.6,0.81,107.69,45
2026-04-29T22:15:36.073231,Fes,34.0181,-5.0078,15.95,16.21,100,1014,2.06,280,75,Rain,light rain,2,4.53,5.68,2.19,67.07,0.75,106.35,45
2026-04-29T22:15:39.923411,Tanger,35.7595,-5.834,15.74,15.67,88,1014,0.51,0,0,Clear,clear sky,2,2.13,4.89,1.0,92.05,0.76,113.11,45
2026-04-29T22:15:43.484567,Agadir,30.4278,-9.5981,18.06,18.01,80,1013,2.43,310,64,Clouds,broken clouds,2,2.02,5.91,0.19,94.88,0.29,111.52,45
2026-04-29T23:15:50.726785,Casablanca,33.5731,-7.5898,17.77,17.74,82,1014,2.24,30,97,Clouds,overcast clouds,2,4.2,12.38,2.39,85.57,4.22,111.44,46
2026-04-29T23:15:53.936489,Rabat,34.0209,-6.8416,17.37,17.62,94,1015,2.06,360,40,Clouds,scattered clouds,2,3.97,8.39,3.42,83.37,4.0,112.59,46
2026-04-29T23:15:59.602029,Marrakech,31.6295,-7.9811,19.98,19.94,73,1012,2.57,120,75,Clouds,broken clouds,2,4.02,12.39,1.27,84.88,0.75,106.36,46
2026-04-29T23:16:03.780937,Fes,34.0181,-5.0078,16.95,17.31,100,1014,0.51,0,75,Clouds,broken clouds,2,4.45,5.67,2.4,63.96,0.7,106.02,46
2026-04-29T23:16:07.689300,Tanger,35.7595,-5.834,14.74,14.57,88,1015,1.03,0,0,Clear,clear sky,2,2.09,4.93,1.0,90.88,0.74,112.76,46
2026-04-29T23:16:29.841742,Agadir,30.4278,-9.5981,17.06,16.96,82,1014,1.47,319,74,Clouds,broken clouds,2,1.97,5.87,0.19,94.96,0.28,110.79,46
2026-04-30T00:16:32.273526,Casablanca,33.5731,-7.5898,16.84,16.88,88,1014,1.54,80,84,Clouds,broken clouds,2,4.4,12.92,2.42,83.44,3.91,112.42,47
2026-04-30T00:16:36.113108,Rabat,34.0209,-6.8416,17.37,17.62,94,1015,0.0,0,40,Clouds,scattered clouds,2,4.01,8.37,3.35,81.51,4.08,113.14,47
2026-04-30T00:16:39.310497,Marrakech,31.6295,-7.9811,17.98,17.84,77,1012,2.06,50,40,Clouds,scattered clouds,2,3.95,12.52,1.18,84.4,0.7,106.85,47
2026-04-30T00:16:42.518801,Fes,34.0181,-5.0078,16.95,17.31,100,1014,2.06,280,75,Clouds,broken clouds,1,4.43,5.69,2.5,59.49,0.6,105.96,47
2026-04-30T00:16:45.733356,Tanger,35.7595,-5.834,13.74,13.62,94,1015,1.03,0,0,Clear,clear sky,2,2.04,4.93,0.94,90.44,0.73,112.43,47
2026-04-30T00:16:49.340804,Agadir,30.4278,-9.5981,17.06,16.94,81,1014,1.27,350,67,Clouds,broken clouds,2,1.92,5.86,0.18,95.0,0.26,110.56,47
2026-04-30T09:04:58.886555,Casablanca,33.5731,-7.5898,17.89,17.75,77,1016,2.57,90,75,Clouds,broken clouds,2,6.59,17.71,3.52,64.66,1.98,113.51,48
2026-04-30T09:05:02.109649,Rabat,34.0209,-6.8416,16.37,16.67,100,1016,2.57,30,75,Clouds,broken clouds,2,4.57,9.13,5.24,61.88,3.54,111.79,48
2026-04-30T09:05:05.317879,Marrakech,31.6295,-7.9811,14.98,14.83,88,1015,2.57,250,100,Clouds,overcast clouds,2,4.2,13.72,2.75,69.68,0.46,108.83,48
2026-04-30T09:05:08.530583,Fes,34.0181,-5.0078,16.95,17.31,100,1016,1.54,330,75,Clouds,broken clouds,1,3.03,5.44,1.93,43.63,0.18,100.52,48
2026-04-30T09:05:11.774036,Tanger,35.7595,-5.834,15.74,15.82,94,1017,1.03,0,0,Clear,clear sky,2,2.1,5.24,1.33,88.08,1.19,112.51,48
2026-04-30T09:05:15.126786,Agadir,30.4278,-9.5981,17.06,16.96,82,1016,0.62,62,100,Clouds,overcast clouds,2,1.56,4.9,0.3,94.41,0.28,110.69,48
2026-04-30T10:05:17.021087,Casablanca,33.5731,-7.5898,18.95,18.78,72,1016,2.57,90,75,Clouds,broken clouds,2,6.81,17.96,3.71,64.95,2.52,112.96,49
2026-04-30T10:05:20.596038,Rabat,34.0209,-6.8416,18.37,18.56,88,1016,2.57,360,75,Clouds,broken clouds,2,4.72,9.4,5.26,63.09,4.37,111.61,49
2026-04-30T10:05:23.872336,Marrakech,31.6295,-7.9811,15.98,15.93,88,1015,2.57,250,100,Clouds,overcast clouds,2,4.2,13.55,2.89,70.72,0.5,108.94,49
2026-04-30T10:05:27.251732,Fes,34.0181,-5.0078,16.95,17.31,100,1016,2.06,10,75,Clouds,broken clouds,1,2.95,5.61,1.76,47.77,0.19,99.94,49
2026-04-30T10:05:30.505670,Tanger,35.7595,-5.834,17.74,17.45,72,1016,3.09,330,0,Clear,clear sky,2,2.12,5.24,1.16,89.78,1.31,112.12,49
2026-04-30T10:05:33.796145,Agadir,30.4278,-9.5981,19.06,19.03,77,1016,1.35,133,100,Clouds,overcast clouds,2,1.48,4.65,0.27,93.71,0.27,110.7,49
2026-04-30T12:07:37.695656,Casablanca,33.5731,-7.5898,20.01,19.97,73,1016,3.09,50,40,Clouds,scattered clouds,2,7.74,18.92,2.82,79.16,5.83,110.12,51
2026-04-30T12:07:40.884071,Rabat,34.0209,-6.8416,21.37,21.34,68,1016,2.57,360,75,Clouds,broken clouds,2,5.02,9.35,3.67,78.73,5.86,110.61,51
2026-04-30T12:07:44.066274,Marrakech,31.6295,-7.9811,17.98,17.84,77,1015,1.54,280,100,Clouds,overcast clouds,2,3.94,12.35,1.62,82.56,0.45,106.97,51
2026-04-30T12:07:47.273881,Fes,34.0181,-5.0078,18.99,19.09,82,1015,2.06,60,75,Clouds,broken clouds,2,2.61,5.59,0.7,76.75,0.18,102.05,51
2026-04-30T12:07:50.493328,Tanger,35.7595,-5.834,19.77,19.26,56,1017,5.14,320,0,Clear,clear sky,2,2.18,5.16,0.73,96.71,1.41,111.01,51
2026-04-30T12:07:53.676812,Agadir,30.4278,-9.5981,20.06,20.05,74,1016,2.36,283,100,Clouds,overcast clouds,2,1.67,5.16,0.19,91.3,0.31,109.8,51
2026-04-30T13:17:55.191192,Casablanca,33.5731,-7.5898,22.93,23.0,66,1016,4.37,2,100,Clouds,overcast clouds,2,8.04,19.22,2.56,82.09,6.6,109.2,52
2026-04-30T13:17:58.556201,Rabat,34.0209,-6.8416,20.37,20.13,64,1016,4.63,340,75,Clouds,broken clouds,2,5.25,9.46,3.15,81.95,6.23,109.57,52
2026-04-30T13:18:01.981393,Marrakech,31.6295,-7.9811,16.98,17.03,88,1015,3.09,270,100,Clouds,overcast clouds,2,4.23,12.93,0.96,86.34,0.4,105.43,52
2026-04-30T13:18:05.199518,Fes,34.0181,-5.0078,19.95,20.14,82,1014,1.54,0,75,Rain,light rain,2,2.53,5.0,0.63,77.49,0.17,102.27,52
2026-04-30T13:18:08.419331,Tanger,35.7595,-5.834,19.74,19.23,56,1016,4.12,320,0,Clear,clear sky,3,2.32,5.33,0.63,100.38,1.48,110.64,52
2026-04-30T13:18:11.850864,Agadir,30.4278,-9.5981,22.06,22.2,72,1016,3.57,292,98,Clouds,overcast clouds,2,1.85,5.56,0.17,90.32,0.35,109.47,52
2026-04-30T14:35:22.252442,Casablanca,33.5731,-7.5898,20.78,20.48,60,1016,4.12,30,40,Clouds,scattered clouds,2,6.37,13.21,1.14,94.3,4.81,107.16,53
2026-04-30T14:35:53.410418,Casablanca,33.5731,-7.5898,20.78,20.48,60,1016,4.12,30,40,Clouds,scattered clouds,2,6.37,13.21,1.14,94.3,4.81,107.16,53
2026-04-30T14:35:56.812766,Rabat,34.0209,-6.8416,20.37,20.24,68,1016,5.14,350,75,Clouds,broken clouds,2,4.7,8.21,1.58,91.37,5.03,107.38,53
2026-04-30T14:36:00.141351,Marrakech,31.6295,-7.9811,21.98,22.01,68,1014,1.54,0,75,Clouds,broken clouds,2,2.19,6.27,0.26,99.08,0.29,103.12,53
2026-04-30T14:36:03.615084,Fes,34.0181,-5.0078,19.95,20.14,82,1014,3.6,310,75,Clouds,broken clouds,2,1.99,3.64,0.53,80.66,0.2,101.09,53
2026-04-30T14:36:06.893226,Tanger,35.7595,-5.834,19.74,19.44,64,1016,4.63,300,0,Clear,clear sky,3,2.75,6.01,0.5,109.42,1.63,109.99,53
2026-04-30T14:36:10.191568,Agadir,30.4278,-9.5981,24.06,24.35,70,1016,6.05,272,45,Clouds,scattered clouds,2,1.38,4.04,0.11,94.47,0.24,108.84,53
2026-04-30T15:36:12.739784,Casablanca,33.5731,-7.5898,21.01,20.73,60,1016,4.12,40,40,Clouds,scattered clouds,2,6.21,12.39,1.1,95.24,4.89,106.28,54
2026-04-30T15:36:16.173041,Rabat,34.0209,-6.8416,21.37,21.34,68,1016,4.63,350,40,Clouds,scattered clouds,2,4.48,7.81,1.54,92.41,4.82,106.69,54
2026-04-30T15:36:19.555637,Marrakech,31.6295,-7.9811,20.98,20.91,68,1014,1.54,50,75,Clouds,broken clouds,2,2.42,6.66,0.26,99.61,0.37,101.66,54
2026-04-30T15:36:22.955236,Fes,34.0181,-5.0078,19.95,20.01,77,1014,3.6,300,75,Clouds,broken clouds,2,1.91,3.26,0.51,80.75,0.22,101.2,54
2026-04-30T15:36:26.312804,Tanger,35.7595,-5.834,19.74,19.44,64,1016,4.63,290,0,Clear,clear sky,3,2.64,6.0,0.48,110.81,1.57,109.61,54
2026-04-30T15:36:29.586431,Agadir,30.4278,-9.5981,24.06,24.43,73,1015,6.47,279,46,Clouds,scattered clouds,2,1.36,3.94,0.12,93.97,0.24,108.26,54
2026-04-30T16:36:31.545822,Casablanca,33.5731,-7.5898,21.01,20.73,60,1016,4.12,40,40,Clouds,scattered clouds,2,5.81,10.9,1.3,95.29,5.01,106.16,55
2026-04-30T16:36:35.360371,Rabat,34.0209,-6.8416,20.35,20.22,68,1016,4.63,340,40,Clouds,scattered clouds,2,4.12,7.25,1.73,92.64,4.57,106.35,55
2026-04-30T16:36:38.955115,Marrakech,31.6295,-7.9811,22.98,22.9,60,1013,2.06,0,75,Clouds,broken clouds,2,3.02,7.84,0.36,99.59,0.51,102.56,55
2026-04-30T16:36:42.167395,Fes,34.0181,-5.0078,19.95,20.14,82,1014,2.57,310,75,Clouds,broken clouds,2,1.98,3.19,0.73,76.13,0.29,101.17,55
2026-04-30T16:36:45.366343,Tanger,35.7595,-5.834,20.74,20.44,60,1016,4.63,300,0,Clear,clear sky,3,2.51,5.95,0.51,111.61,1.5,109.45,55
2026-04-30T16:36:48.572343,Agadir,30.4278,-9.5981,24.06,24.38,71,1015,7.27,288,42,Clouds,scattered clouds,2,1.29,3.72,0.13,94.2,0.23,108.26,55
2026-04-30T17:36:51.018707,Casablanca,33.5731,-7.5898,20.01,19.63,60,1017,4.12,50,69,Clouds,broken clouds,2,5.25,9.65,1.66,94.22,5.0,106.11,56
2026-04-30T17:36:55.480781,Rabat,34.0209,-6.8416,20.37,20.24,68,1017,3.6,350,40,Clouds,scattered clouds,2,3.73,6.69,2.12,92.94,4.42,106.96,56
2026-04-30T17:36:58.704899,Marrakech,31.6295,-7.9811,24.27,23.8,40,1014,2.69,38,93,Clouds,overcast clouds,2,3.83,9.39,0.57,96.89,0.71,103.44,56
2026-04-30T17:37:01.925317,Fes,34.0181,-5.0078,19.95,20.01,77,1014,2.57,310,75,Clouds,broken clouds,2,2.15,3.33,1.1,69.15,0.34,101.56,56
2026-04-30T17:37:05.153365,Tanger,35.7595,-5.834,18.74,18.55,72,1016,3.09,310,0,Clear,clear sky,3,2.43,5.96,0.64,111.44,1.47,109.51,56
2026-04-30T17:37:08.430599,Agadir,30.4278,-9.5981,23.06,23.22,69,1015,6.33,288,34,Clouds,scattered clouds,2,1.23,3.49,0.15,94.69,0.23,108.29,56
2026-04-30T18:37:12.446024,Casablanca,33.5731,-7.5898,20.0,19.73,64,1017,3.6,60,20,Clouds,few clouds,2,4.68,8.84,1.99,93.14,4.94,106.83,57
2026-04-30T18:37:16.222673,Rabat,34.0209,-6.8416,20.37,20.24,68,1017,3.6,320,40,Clouds,scattered clouds,2,3.26,6.03,2.49,92.65,4.3,108.01,57
2026-04-30T18:37:20.106448,Marrakech,31.6295,-7.9811,24.98,24.84,50,1014,2.06,0,75,Clouds,broken clouds,2,4.36,10.33,0.84,92.85,0.87,104.15,57
2026-04-30T18:37:23.299060,Fes,34.0181,-5.0078,19.95,20.01,77,1015,2.57,320,75,Rain,light rain,2,2.25,3.46,1.37,64.11,0.36,102.11,57
2026-04-30T18:37:26.513996,Tanger,35.7595,-5.834,18.74,18.45,68,1016,3.6,320,0,Clear,clear sky,3,2.36,5.91,0.82,110.56,1.46,109.66,57
2026-04-30T18:37:30.969626,Agadir,30.4278,-9.5981,22.06,22.15,70,1015,6.24,296,26,Clouds,scattered clouds,2,1.2,3.38,0.17,95.42,0.23,108.59,57
2026-04-30T19:37:32.868095,Casablanca,33.5731,-7.5898,18.95,18.68,68,1018,3.09,50,20,Clouds,few clouds,2,4.17,8.78,2.27,91.12,4.84,106.57,58
2026-04-30T19:37:36.116924,Rabat,34.0209,-6.8416,19.37,19.14,68,1018,3.09,360,40,Clouds,scattered clouds,2,2.85,5.47,2.97,90.64,4.24,108.26,58
2026-04-30T19:37:39.413122,Marrakech,31.6295,-7.9811,22.98,22.72,53,1015,1.03,0,40,Clouds,scattered clouds,2,4.49,10.53,1.23,86.73,0.93,103.42,58
2026-04-30T19:37:42.673144,Fes,34.0181,-5.0078,19.95,20.01,77,1017,2.06,310,75,Clouds,broken clouds,1,2.26,3.48,1.71,58.29,0.38,101.12,58
2026-04-30T19:37:45.959761,Tanger,35.7595,-5.834,18.74,18.45,68,1017,3.09,310,0,Clear,clear sky,3,2.35,5.94,1.32,106.19,1.38,110.38,58
2026-04-30T19:37:49.206214,Agadir,30.4278,-9.5981,22.06,22.18,71,1016,3.6,293,0,Clear,clear sky,2,1.2,3.44,0.2,95.72,0.23,108.94,58
2026-04-30T20:37:51.344785,Casablanca,33.5731,-7.5898,17.89,17.61,72,1019,3.09,50,20,Clouds,few clouds,2,3.95,9.33,2.45,89.81,4.78,107.75,59
2026-04-30T20:37:54.666250,Rabat,34.0209,-6.8416,17.37,17.17,77,1019,2.57,340,40,Clouds,scattered clouds,2,2.7,5.34,3.31,88.6,4.27,109.72,59
2026-04-30T20:37:57.952491,Marrakech,31.6295,-7.9811,22.98,22.72,53,1017,2.57,150,40,Clouds,scattered clouds,2,4.48,10.65,1.53,82.56,0.91,104.42,59
2026-04-30T20:38:01.184137,Fes,34.0181,-5.0078,18.95,19.04,82,1018,3.09,280,75,Clouds,broken clouds,1,2.29,3.52,1.96,53.56,0.38,100.84,59
2026-04-30T20:38:04.427031,Tanger,35.7595,-5.834,17.74,17.35,68,1018,2.57,300,0,Clear,clear sky,3,2.38,6.04,1.73,101.6,1.3,111.68,59
2026-04-30T20:38:07.674707,Agadir,30.4278,-9.5981,20.06,20.16,78,1017,2.9,299,34,Clouds,scattered clouds,2,1.22,3.58,0.2,96.06,0.24,109.05,59
2026-04-30T21:38:10.125978,Casablanca,33.5731,-7.5898,17.89,17.61,72,1020,3.09,70,35,Clouds,scattered clouds,2,3.86,9.76,2.52,88.94,4.57,109.13,60
2026-04-30T21:38:13.333364,Rabat,34.0209,-6.8416,16.37,16.36,88,1019,1.54,10,40,Clouds,scattered clouds,2,2.69,5.44,3.38,87.14,4.28,110.66,60
2026-04-30T21:38:16.552045,Marrakech,31.6295,-7.9811,21.98,21.7,56,1018,2.06,150,40,Clouds,scattered clouds,2,4.41,10.7,1.68,80.12,0.87,105.42,60
2026-04-30T21:38:20.083643,Fes,34.0181,-5.0078,16.95,17.0,88,1018,3.6,300,75,Clouds,broken clouds,1,2.33,3.57,2.12,51.18,0.39,100.73,60
2026-04-30T21:38:23.296985,Tanger,35.7595,-5.834,16.74,16.48,77,1019,2.06,290,0,Clear,clear sky,2,2.41,6.14,1.94,99.27,1.31,112.71,60
2026-04-30T21:38:26.495222,Agadir,30.4278,-9.5981,18.06,18.01,80,1018,1.16,360,56,Clouds,broken clouds,2,1.23,3.71,0.19,96.86,0.25,109.17,60
2026-04-30T22:38:35.024445,Casablanca,33.5731,-7.5898,17.89,17.61,72,1019,2.57,80,44,Clouds,scattered clouds,2,3.85,10.1,2.57,86.93,4.05,109.53,61
2026-04-30T22:38:38.271377,Rabat,34.0209,-6.8416,14.37,14.16,88,1020,0.0,0,40,Clouds,scattered clouds,2,2.77,5.65,3.5,83.6,3.97,110.25,61
2026-04-30T22:38:41.507843,Marrakech,31.6295,-7.9811,19.98,19.7,64,1018,4.63,20,40,Clouds,scattered clouds,2,4.31,10.67,1.75,77.75,0.81,104.85,61
2026-04-30T22:38:44.766185,Fes,34.0181,-5.0078,16.95,16.84,82,1019,3.09,300,75,Clouds,broken clouds,1,2.36,3.63,2.25,48.49,0.35,99.86,61
2026-04-30T22:38:48.349103,Tanger,35.7595,-5.834,15.74,15.51,82,1019,0.51,0,11,Clouds,few clouds,2,2.45,6.24,2.14,97.55,1.39,113.26,61
2026-04-30T22:38:51.620187,Agadir,30.4278,-9.5981,17.06,16.96,82,1018,1.17,112,58,Clouds,broken clouds,2,1.25,3.94,0.18,96.93,0.27,108.69,61
2026-04-30T23:38:54.511113,Casablanca,33.5731,-7.5898,16.84,16.59,77,1019,1.54,80,40,Clouds,scattered clouds,2,3.94,10.57,2.62,84.83,3.37,110.89,62
2026-04-30T23:38:57.734087,Rabat,34.0209,-6.8416,12.37,12.12,94,1019,0.0,0,40,Clouds,scattered clouds,2,2.96,6.03,3.67,79.88,3.57,110.92,62
2026-04-30T23:39:00.948439,Marrakech,31.6295,-7.9811,18.98,18.58,63,1018,2.57,20,40,Clouds,scattered clouds,2,4.32,10.77,1.77,76.71,0.77,105.4,62
2026-04-30T23:39:04.181757,Fes,34.0181,-5.0078,16.95,16.84,82,1019,2.57,260,75,Clouds,broken clouds,1,2.39,3.66,2.28,44.67,0.26,99.69,62
2026-04-30T23:39:07.411504,Tanger,35.7595,-5.834,14.74,14.41,82,1019,0.51,0,10,Clear,clear sky,2,2.47,6.3,2.18,95.73,1.33,113.06,62
2026-04-30T23:39:10.622531,Agadir,30.4278,-9.5981,17.06,17.01,84,1018,2.59,110,67,Clouds,broken clouds,2,1.29,4.21,0.17,97.2,0.28,108.73,62
2026-05-01T00:39:12.352987,Casablanca,33.5731,-7.5898,16.84,16.59,77,1019,1.54,90,34,Clouds,scattered clouds,2,4.04,11.04,2.53,82.63,2.88,112.09,63
2026-05-01T00:39:15.707561,Rabat,34.0209,-6.8416,11.37,11.17,100,1019,0.0,0,40,Clouds,scattered clouds,2,3.19,6.49,3.55,77.28,3.31,111.07,63
2026-05-01T00:39:18.922220,Marrakech,31.6295,-7.9811,16.98,16.61,72,1018,2.06,0,40,Clouds,scattered clouds,2,4.38,10.86,1.67,76.42,0.73,105.86,63
2026-05-01T00:39:22.122383,Fes,34.0181,-5.0078,15.95,15.9,88,1019,0.51,0,75,Clouds,broken clouds,1,2.4,3.6,2.13,41.85,0.18,99.44,63
2026-05-01T00:39:25.346750,Tanger,35.7595,-5.834,13.74,13.31,82,1019,1.03,30,25,Clouds,scattered clouds,2,2.47,6.29,1.99,93.9,1.24,112.76,63
2026-05-01T00:39:28.560050,Agadir,30.4278,-9.5981,17.06,17.01,84,1018,3.54,107,73,Clouds,broken clouds,2,1.31,4.4,0.16,97.23,0.3,108.77,63
2026-05-01T09:31:21.199813,Casablanca,33.5731,-7.5898,16.66,16.39,77,1019,1.34,100,13,Clouds,few clouds,2,6.25,16.05,3.08,70.35,2.31,109.67,64
2026-05-01T09:31:24.472037,Rabat,34.0209,-6.8416,17.37,17.62,94,1019,2.06,40,12,Clouds,few clouds,2,5.74,10.38,4.29,69.49,4.16,109.44,64
2026-05-01T09:31:27.918871,Marrakech,31.6295,-7.9811,16.98,16.74,77,1018,1.54,0,40,Clouds,scattered clouds,2,5.1,11.64,4.42,60.27,0.75,107.06,64
2026-05-01T09:31:31.274085,Fes,34.0181,-5.0078,17.95,17.94,82,1019,2.57,60,0,Clear,clear sky,1,2.59,3.47,1.66,32.77,0.12,94.18,64
2026-05-01T09:31:34.492561,Tanger,35.7595,-5.834,15.74,15.67,88,1020,1.54,80,0,Clear,clear sky,2,2.81,6.71,2.33,83.56,1.32,112.15,64
2026-05-01T09:31:37.759187,Agadir,30.4278,-9.5981,18.06,17.96,78,1018,1.77,224,100,Clouds,overcast clouds,2,2.34,9.39,0.41,86.57,0.47,108.14,64
2026-05-01T10:31:40.250757,Casablanca,33.5731,-7.5898,18.95,18.55,63,1019,3.09,80,0,Clear,clear sky,2,6.95,17.84,1.58,87.3,3.32,107.98,65
2026-05-01T10:31:43.502419,Rabat,34.0209,-6.8416,19.37,19.14,68,1019,2.06,50,12,Clouds,few clouds,2,6.33,10.95,2.75,87.66,5.22,108.69,65
2026-05-01T10:31:46.912720,Marrakech,31.6295,-7.9811,18.98,18.81,72,1018,2.06,300,40,Clouds,scattered clouds,2,4.72,11.9,1.23,81.87,0.48,105.03,65
2026-05-01T10:31:50.235508,Fes,34.0181,-5.0078,19.95,19.88,72,1018,2.57,60,0,Clear,clear sky,2,2.36,3.2,0.51,77.52,0.16,98.52,65
2026-05-01T10:31:53.566270,Tanger,35.7595,-5.834,18.74,18.55,72,1020,3.09,260,75,Clouds,broken clouds,2,2.38,5.91,0.87,98.72,1.48,108.95,65
2026-05-01T10:31:56.945362,Agadir,30.4278,-9.5981,20.06,20.08,75,1019,2.78,250,100,Clouds,overcast clouds,2,2.71,11.15,0.38,86.08,0.46,108.11,65
2026-05-01T11:31:59.352396,Casablanca,33.5731,-7.5898,20.0,19.62,60,1019,3.09,30,0,Clear,clear sky,2,8.03,19.44,0.95,95.36,3.39,106.03,66
2026-05-01T11:32:02.625043,Rabat,34.0209,-6.8416,21.37,21.13,60,1019,2.06,360,10,Clear,clear sky,2,7.82,12.35,1.8,97.15,5.34,107.13,66
2026-05-01T11:32:06.002566,Marrakech,31.6295,-7.9811,20.98,20.91,68,1018,1.03,0,40,Clouds,scattered clouds,2,4.82,11.84,0.65,87.19,0.42,102.74,66
2026-05-01T11:32:09.422228,Fes,34.0181,-5.0078,20.95,21.01,73,1018,3.09,60,0,Clear,clear sky,2,2.48,3.32,0.3,83.29,0.15,97.41,66
2026-05-01T11:32:12.866045,Tanger,35.7595,-5.834,18.74,18.45,68,1020,2.57,250,75,Clouds,broken clouds,2,2.38,5.91,0.87,98.72,1.48,108.95,66
2026-05-01T11:32:16.493863,Agadir,30.4278,-9.5981,22.06,22.25,74,1018,3.4,245,100,Clouds,overcast clouds,2,3.32,13.77,0.34,85.33,0.5,108.06,66
2026-05-01T12:09:21.487587,Casablanca,33.5731,-7.5898,19.99,19.61,60,1019,2.68,30,25,Clouds,scattered clouds,2,8.03,19.44,0.95,95.36,3.39,106.03,67
2026-05-01T12:09:24.716990,Rabat,34.0209,-6.8416,20.35,20.11,64,1019,4.12,320,0,Clear,clear sky,2,7.82,12.35,1.8,97.15,5.34,107.13,67
2026-05-01T12:09:27.945493,Marrakech,31.6295,-7.9811,21.98,21.8,60,1017,1.54,0,40,Clouds,scattered clouds,2,4.82,11.84,0.65,87.19,0.42,102.74,67
2026-05-01T12:09:31.143739,Fes,34.0181,-5.0078,21.95,21.98,68,1018,3.09,60,0,Clear,clear sky,2,2.48,3.32,0.3,83.29,0.15,97.41,67
2026-05-01T12:09:34.381771,Tanger,35.7595,-5.834,19.74,19.44,64,1020,2.57,260,75,Clouds,broken clouds,3,2.33,5.65,0.57,101.93,1.31,108.22,67
2026-05-01T12:09:37.569032,Agadir,30.4278,-9.5981,23.06,23.35,74,1018,3.4,245,100,Clouds,overcast clouds,2,3.32,13.77,0.34,85.33,0.5,108.06,67
2026-05-01T13:09:39.314041,Casablanca,33.5731,-7.5898,20.55,20.12,56,1019,2.68,50,25,Clouds,scattered clouds,3,9.12,20.53,0.71,100.35,3.53,104.8,68
2026-05-01T13:09:42.540025,Rabat,34.0209,-6.8416,21.37,21.23,64,1019,3.6,330,10,Clear,clear sky,3,9.26,13.75,1.21,104.18,5.57,105.58,68
2026-05-01T13:09:45.769277,Marrakech,31.6295,-7.9811,22.98,22.8,56,1017,2.57,0,40,Clouds,scattered clouds,2,5.21,12.42,0.48,90.24,0.44,101.32,68
2026-05-01T13:09:49.016396,Fes,34.0181,-5.0078,22.95,22.87,60,1017,2.57,30,40,Clouds,scattered clouds,2,2.83,3.72,0.26,84.51,0.17,96.3,68
2026-05-01T13:09:52.285387,Tanger,35.7595,-5.834,19.74,19.44,64,1019,3.09,270,75,Clouds,broken clouds,3,2.33,5.51,0.43,103.72,1.24,107.76,68
2026-05-01T13:09:55.543377,Agadir,30.4278,-9.5981,25.06,25.55,74,1018,4.05,244,100,Clouds,overcast clouds,2,3.9,15.62,0.29,85.05,0.55,108.0,68
2026-05-01T14:09:57.378894,Casablanca,33.5731,-7.5898,20.55,20.12,56,1019,3.58,40,51,Clouds,broken clouds,3,8.36,17.28,0.55,103.15,3.1,105.81,69
2026-05-01T14:10:00.572634,Rabat,34.0209,-6.8416,21.37,21.23,64,1018,5.66,340,78,Clouds,broken clouds,3,8.19,12.06,0.79,107.99,4.94,105.29,69
2026-05-01T14:10:03.799878,Marrakech,31.6295,-7.9811,24.97,24.91,53,1016,2.06,0,40,Clouds,scattered clouds,2,4.58,10.82,0.35,98.81,0.44,101.35,69
2026-05-01T14:10:07.042604,Fes,34.0181,-5.0078,23.95,23.86,56,1016,2.06,80,40,Clouds,scattered clouds,2,3.03,4.01,0.24,88.02,0.18,97.17,69
2026-05-01T14:10:10.273996,Tanger,35.7595,-5.834,19.75,19.45,64,1019,3.09,280,75,Clouds,broken clouds,3,2.29,5.33,0.38,104.58,1.2,107.49,69
2026-05-01T14:10:13.493127,Agadir,30.4278,-9.5981,25.06,25.55,74,1017,4.96,257,52,Clouds,broken clouds,2,4.44,16.28,0.26,85.23,0.64,108.48,69
2026-05-01T15:10:15.887260,Casablanca,33.5731,-7.5898,19.99,19.72,64,1018,3.58,20,74,Clouds,broken clouds,3,7.89,14.07,0.56,108.22,4.47,103.97,70
2026-05-01T15:10:19.135222,Rabat,34.0209,-6.8416,21.37,21.13,60,1018,5.14,340,88,Clouds,overcast clouds,3,7.84,11.58,0.72,111.48,5.11,104.42,70
2026-05-01T15:10:22.480495,Marrakech,31.6295,-7.9811,26.98,27.22,47,1015,3.09,310,40,Clouds,scattered clouds,3,4.3,10.6,0.32,102.85,0.53,99.95,70
2026-05-01T15:10:25.959672,Fes,34.0181,-5.0078,25.95,25.95,50,1016,2.06,0,40,Clouds,scattered clouds,2,2.8,3.85,0.25,90.83,0.21,96.17,70
2026-05-01T15:10:29.340751,Tanger,35.7595,-5.834,20.74,20.44,60,1018,3.6,300,75,Clouds,broken clouds,3,2.35,5.5,0.41,105.64,1.26,107.12,70
2026-05-01T15:10:32.821754,Agadir,30.4278,-9.5981,25.06,25.53,73,1017,4.49,269,48,Clouds,scattered clouds,2,5.62,15.11,0.24,86.02,0.97,109.11,70
2026-05-01T16:10:35.875192,Casablanca,33.5731,-7.5898,20.01,19.74,64,1018,4.12,40,0,Clear,clear sky,3,8.14,14.02,0.66,110.28,5.09,102.6,71
2026-05-01T16:10:39.211886,Rabat,34.0209,-6.8416,21.37,21.23,64,1018,4.63,350,92,Clouds,overcast clouds,3,7.25,10.87,0.83,111.7,4.98,103.59,71
2026-05-01T16:10:42.589184,Marrakech,31.6295,-7.9811,26.98,27.06,44,1014,2.06,0,40,Clouds,scattered clouds,3,5.07,12.84,0.35,103.35,0.66,99.32,71
2026-05-01T16:10:45.881218,Fes,34.0181,-5.0078,25.95,25.95,50,1015,3.6,20,40,Clouds,scattered clouds,2,2.94,4.11,0.26,91.77,0.26,95.41,71
2026-05-01T16:10:49.297319,Tanger,35.7595,-5.834,20.74,20.44,60,1018,5.14,320,75,Clouds,broken clouds,3,2.33,5.59,0.44,105.68,1.27,106.62,71
2026-05-01T16:10:52.721296,Agadir,30.4278,-9.5981,25.06,25.4,68,1016,5.17,271,36,Clouds,scattered clouds,2,6.32,15.85,0.25,88.3,1.14,109.58,71
2026-05-01T17:10:55.135021,Casablanca,33.5731,-7.5898,19.99,19.72,64,1017,4.02,50,82,Clouds,broken clouds,3,8.24,14.03,0.87,113.33,5.9,103.23,72
2026-05-01T17:10:58.355585,Rabat,34.0209,-6.8416,20.37,20.13,64,1018,5.14,350,94,Clouds,overcast clouds,3,6.67,10.26,1.1,112.21,5.02,103.87,72
2026-05-01T17:11:01.570508,Marrakech,31.6295,-7.9811,28.98,28.5,39,1014,2.06,0,40,Clouds,scattered clouds,3,6.84,17.51,0.53,104.35,0.92,100.88,72
2026-05-01T17:11:04.847224,Fes,34.0181,-5.0078,25.95,25.95,47,1015,2.57,0,40,Clouds,scattered clouds,2,3.17,4.55,0.32,93.33,0.34,95.73,72
2026-05-01T17:11:08.058410,Tanger,35.7595,-5.834,20.74,20.44,60,1018,5.66,320,75,Clouds,broken clouds,3,2.4,5.95,0.52,105.9,1.29,106.24,72
2026-05-01T17:11:11.291356,Agadir,30.4278,-9.5981,24.06,24.22,65,1015,5.92,276,32,Clouds,scattered clouds,2,7.19,16.86,0.28,91.56,1.34,109.55,72
2026-05-01T18:11:12.947869,Casablanca,33.5731,-7.5898,19.99,19.72,64,1018,4.02,50,86,Clouds,overcast clouds,3,8.02,13.94,1.16,114.55,6.53,104.32,73
2026-05-01T18:11:16.199027,Rabat,34.0209,-6.8416,20.37,20.13,64,1017,4.63,350,95,Clouds,overcast clouds,3,6.04,9.68,1.59,111.53,5.07,104.77,73
2026-05-01T18:11:19.660457,Marrakech,31.6295,-7.9811,28.98,28.33,37,1014,2.06,270,40,Clouds,scattered clouds,3,9.09,23.29,0.81,104.59,1.22,102.48,73
2026-05-01T18:11:22.892547,Fes,34.0181,-5.0078,25.95,25.95,47,1015,2.06,40,40,Clouds,scattered clouds,2,3.55,5.21,0.46,94.04,0.44,96.19,73
2026-05-01T18:11:26.109737,Tanger,35.7595,-5.834,20.74,20.54,64,1018,4.63,330,75,Clouds,broken clouds,3,2.59,6.49,0.69,106.23,1.37,106.07,73
2026-05-01T18:11:29.319434,Agadir,30.4278,-9.5981,23.06,23.04,62,1015,5.18,286,26,Clouds,scattered clouds,2,7.69,17.1,0.32,94.4,1.5,109.31,73
2026-05-01T19:11:31.411899,Casablanca,33.5731,-7.5898,18.95,18.68,68,1018,4.12,50,0,Clear,clear sky,3,7.26,13.21,1.52,113.55,6.54,106.02,74
2026-05-01T19:11:34.665597,Rabat,34.0209,-6.8416,19.37,19.14,68,1018,4.63,350,96,Clouds,overcast clouds,3,5.08,8.65,2.14,107.52,4.91,105.84,74
2026-05-01T19:11:37.964286,Marrakech,31.6295,-7.9811,28.98,28.33,37,1014,3.09,240,40,Clouds,scattered clouds,3,10.61,27.35,1.09,103.23,1.43,103.41,74
2026-05-01T19:11:42.672910,Fes,34.0181,-5.0078,24.95,24.88,53,1015,3.09,350,40,Clouds,scattered clouds,2,3.95,5.91,0.64,94.0,0.55,97.04,74
2026-05-01T19:11:47.281465,Tanger,35.7595,-5.834,19.74,19.55,68,1018,2.57,320,0,Clear,clear sky,3,2.82,7.04,0.92,106.87,1.46,105.91,74
2026-05-01T19:11:51.992641,Agadir,30.4278,-9.5981,22.06,21.99,64,1015,4.16,293,23,Clouds,few clouds,2,7.65,16.51,0.35,97.0,1.59,109.07,74
2026-05-01T20:11:54.089739,Casablanca,33.5731,-7.5898,18.95,18.68,68,1018,3.09,60,0,Clear,clear sky,3,6.2,12.08,2.12,107.97,6.07,106.14,75
2026-05-01T20:11:57.316369,Rabat,34.0209,-6.8416,18.35,18.25,77,1018,3.6,350,100,Clouds,overcast clouds,2,4.21,7.65,3.01,99.89,4.72,105.87,75
2026-05-01T20:12:00.636902,Marrakech,31.6295,-7.9811,24.98,24.76,47,1014,5.14,360,40,Clouds,scattered clouds,2,11.46,29.56,1.51,98.65,1.53,102.72,75
2026-05-01T20:12:03.937130,Fes,34.0181,-5.0078,21.95,21.87,64,1016,3.6,310,40,Clouds,scattered clouds,2,4.22,6.37,1.13,84.58,0.55,96.38,75
2026-05-01T20:12:07.909712,Tanger,35.7595,-5.834,18.74,18.55,72,1018,1.54,330,0,Clear,clear sky,3,3.07,7.59,1.26,106.78,1.52,106.34,75
2026-05-01T20:12:12.010095,Agadir,30.4278,-9.5981,20.06,19.95,70,1015,2.75,300,5,Clear,clear sky,2,7.04,15.1,0.35,98.93,1.58,108.58,75
2026-05-01T21:12:13.926175,Casablanca,33.5731,-7.5898,17.77,17.48,72,1019,2.68,30,58,Clouds,broken clouds,3,5.53,11.64,2.53,103.2,5.6,107.73,76
2026-05-01T21:12:17.150020,Rabat,34.0209,-6.8416,17.37,17.3,82,1019,2.57,350,100,Clouds,overcast clouds,2,3.7,7.11,3.62,93.82,4.66,107.36,76
2026-05-01T21:12:20.389440,Marrakech,31.6295,-7.9811,22.97,22.71,53,1016,5.14,10,40,Clouds,scattered clouds,2,12.19,31.14,1.82,95.32,1.58,104.05,76
2026-05-01T21:12:23.611918,Fes,34.0181,-5.0078,19.95,19.88,72,1017,3.09,300,40,Clouds,scattered clouds,2,4.43,6.7,1.72,72.53,0.47,96.57,76
2026-05-01T21:12:27.420510,Tanger,35.7595,-5.834,18.74,18.55,72,1018,2.06,10,0,Clear,clear sky,3,3.28,8.02,1.44,105.89,1.55,106.82,76
2026-05-01T21:12:30.631832,Agadir,30.4278,-9.5981,18.06,17.88,75,1017,1.28,12,5,Clear,clear sky,2,6.06,13.26,0.34,99.71,1.41,108.94,76
2026-05-01T22:12:32.893836,Casablanca,33.5731,-7.5898,17.77,17.48,72,1020,1.79,70,49,Clouds,scattered clouds,2,5.0,11.27,2.66,98.83,5.14,109.06,77
2026-05-01T22:12:36.502003,Rabat,34.0209,-6.8416,17.35,17.44,88,1020,1.54,350,100,Clouds,overcast clouds,2,3.44,6.88,3.68,89.72,4.61,108.87,77
2026-05-01T22:12:39.907521,Marrakech,31.6295,-7.9811,19.98,19.7,64,1018,2.57,320,0,Clear,clear sky,2,12.65,31.84,1.96,93.12,1.62,105.29,77
2026-05-01T22:12:43.142441,Fes,34.0181,-5.0078,16.95,17.16,94,1018,3.09,240,0,Clear,clear sky,2,4.52,6.92,2.16,65.15,0.43,96.68,77
2026-05-01T22:12:46.633347,Tanger,35.7595,-5.834,18.74,18.55,72,1019,1.54,130,0,Clear,clear sky,3,3.36,8.18,1.5,104.83,1.55,107.4,77
2026-05-01T22:12:50.321928,Agadir,30.4278,-9.5981,18.06,17.96,78,1018,2.24,87,4,Clear,clear sky,2,5.2,11.89,0.33,99.33,1.19,109.31,77
2026-05-01T23:12:53.458799,Casablanca,33.5731,-7.5898,17.77,17.48,72,1020,1.34,80,57,Clouds,broken clouds,2,4.6,10.95,2.74,93.31,4.47,108.25,78
2026-05-01T23:12:57.040836,Rabat,34.0209,-6.8416,14.37,14.32,94,1019,0.0,0,100,Clouds,overcast clouds,2,3.35,6.84,3.65,85.46,4.44,108.21,78
2026-05-01T23:13:00.413812,Marrakech,31.6295,-7.9811,18.98,18.58,63,1019,3.09,300,0,Clear,clear sky,2,12.7,31.44,2.07,89.29,1.54,104.43,78
2026-05-01T23:13:03.795926,Fes,34.0181,-5.0078,15.95,16.06,94,1018,2.06,230,0,Clear,clear sky,1,4.41,6.81,2.45,59.77,0.39,95.15,78
2026-05-01T23:13:07.095288,Tanger,35.7595,-5.834,17.74,17.45,72,1018,3.6,100,0,Clear,clear sky,3,3.36,8.12,1.62,102.15,1.51,107.38,78
2026-05-01T23:13:10.654476,Agadir,30.4278,-9.5981,17.06,16.96,82,1018,3.44,110,4,Clear,clear sky,2,4.62,11.06,0.32,98.45,0.97,109.1,78
2026-05-02T07:55:00.101266,Casablanca,33.5731,-7.5898,16.84,16.59,77,1019,1.03,0,100,Clouds,overcast clouds,2,5.9,14.32,2.58,69.02,1.59,107.61,79
2026-05-02T07:55:03.385638,Rabat,34.0209,-6.8416,15.37,15.57,100,1019,0.0,0,100,Clouds,overcast clouds,2,4.59,8.82,3.47,65.97,2.05,105.06,79
2026-05-02T07:55:06.779027,Marrakech,31.6295,-7.9811,13.98,13.57,82,1018,3.09,260,89,Clouds,overcast clouds,2,14.29,31.06,2.99,61.52,0.69,105.37,79
2026-05-02T07:55:10.159614,Fes,34.0181,-5.0078,14.95,14.96,94,1018,1.03,340,0,Clear,clear sky,1,3.58,5.96,3.08,40.3,0.21,92.08,79
2026-05-02T07:55:13.639553,Tanger,35.7595,-5.834,16.74,16.77,88,1018,2.06,70,100,Clouds,overcast clouds,2,3.73,9.06,3.06,82.86,1.77,109.86,79
2026-05-02T07:55:17.020721,Agadir,30.4278,-9.5981,14.06,13.82,88,1017,1.97,166,15,Clouds,few clouds,2,4.03,11.48,0.41,90.44,1.02,107.15,79
2026-05-02T08:55:18.946235,Casablanca,33.5731,-7.5898,17.89,17.61,72,1019,2.06,20,75,Clouds,broken clouds,2,6.07,14.9,2.68,68.84,1.77,106.47,80
2026-05-02T08:55:22.296901,Rabat,34.0209,-6.8416,16.37,16.67,100,1019,1.54,310,100,Clouds,overcast clouds,2,4.77,9.18,3.55,66.11,2.36,104.62,80
2026-05-02T08:55:25.548578,Marrakech,31.6295,-7.9811,15.98,15.77,82,1018,3.09,260,83,Clouds,broken clouds,2,13.96,31.01,2.99,64.11,0.73,104.86,80
2026-05-02T08:55:28.838156,Fes,34.0181,-5.0078,15.95,16.21,100,1018,1.03,0,0,Clear,clear sky,1,3.31,5.82,2.56,37.75,0.19,90.51,80
2026-05-02T08:55:32.218950,Tanger,35.7595,-5.834,17.74,17.87,88,1018,1.03,0,40,Clouds,scattered clouds,2,3.88,9.34,3.6,81.93,1.79,110.77,80
2026-05-02T08:55:35.498900,Agadir,30.4278,-9.5981,17.06,16.99,83,1017,2.25,156,23,Clouds,few clouds,2,4.47,12.8,0.47,89.49,1.06,107.15,80
2026-05-02T10:57:39.755098,Casablanca,33.5731,-7.5898,17.89,17.61,72,1019,2.06,10,75,Clouds,broken clouds,2,6.57,15.68,1.37,89.04,3.99,103.79,82
2026-05-02T10:57:43.149184,Rabat,34.0209,-6.8416,19.37,19.37,77,1019,2.57,310,100,Clouds,overcast clouds,2,5.7,10.45,1.89,89.71,4.19,103.79,82
2026-05-02T10:57:46.841167,Marrakech,31.6295,-7.9811,16.98,16.74,77,1018,2.57,260,52,Clouds,broken clouds,2,10.75,26.29,0.7,93.0,0.73,102.69,82
2026-05-02T10:57:50.321976,Fes,34.0181,-5.0078,17.95,17.94,82,1018,3.6,300,75,Clouds,broken clouds,2,4.33,8.08,0.61,76.49,0.37,94.01,82
2026-05-02T10:57:54.008280,Tanger,35.7595,-5.834,18.74,18.68,77,1018,3.6,280,40,Clouds,scattered clouds,2,3.57,8.59,1.3,99.56,2.12,108.03,82
2026-05-02T10:57:57.591078,Agadir,30.4278,-9.5981,21.06,21.15,74,1018,3.22,241,28,Clouds,scattered clouds,2,5.05,14.93,0.33,88.52,1.13,106.84,82
2026-05-02T11:58:00.642635,Casablanca,33.5731,-7.5898,18.95,18.68,68,1019,2.06,20,75,Clouds,broken clouds,2,7.12,15.95,0.89,96.71,4.33,101.75,83
2026-05-02T11:58:04.091715,Rabat,34.0209,-6.8416,19.37,19.37,77,1019,2.06,320,100,Clouds,overcast clouds,2,6.26,10.83,1.28,97.26,4.55,102.4,83
2026-05-02T11:58:07.473356,Marrakech,31.6295,-7.9811,20.97,20.79,64,1017,1.54,0,75,Clouds,broken clouds,2,9.82,24.45,0.39,97.11,0.66,100.83,83
2026-05-02T11:58:10.748655,Fes,34.0181,-5.0078,18.95,19.04,82,1017,4.63,280,75,Clouds,broken clouds,2,4.82,8.99,0.35,82.25,0.39,93.66,83
2026-05-02T11:58:14.025227,Tanger,35.7595,-5.834,19.74,19.78,77,1018,1.54,0,40,Clouds,scattered clouds,3,3.64,8.42,0.91,104.1,1.96,107.67,83
2026-05-02T11:58:17.294913,Agadir,30.4278,-9.5981,24.06,24.38,71,1017,3.55,249,30,Clouds,scattered clouds,2,5.75,16.78,0.25,88.93,1.23,106.76,83
2026-05-02T12:58:19.364112,Casablanca,33.5731,-7.5898,19.01,18.74,68,1018,2.06,360,75,Clouds,broken clouds,3,7.73,16.13,0.66,101.23,4.74,100.17,84
2026-05-02T12:58:22.640399,Rabat,34.0209,-6.8416,19.37,19.37,77,1018,2.06,320,100,Clouds,overcast clouds,3,6.76,11.13,0.98,100.98,4.94,101.29,84
2026-05-02T12:58:25.867406,Marrakech,31.6295,-7.9811,21.98,21.7,56,1016,2.06,0,40,Clouds,scattered clouds,2,10.19,25.39,0.32,98.56,0.68,99.58,84
2026-05-02T12:58:29.155732,Fes,34.0181,-5.0078,19.95,19.88,72,1016,4.63,300,40,Clouds,scattered clouds,2,5.22,9.5,0.31,82.89,0.41,92.91,84
2026-05-02T12:58:32.385992,Tanger,35.7595,-5.834,20.73,20.76,73,1018,4.12,270,40,Clouds,scattered clouds,3,3.79,8.47,0.68,107.68,1.86,107.4,84
2026-05-02T12:58:35.676711,Agadir,30.4278,-9.5981,24.06,24.3,68,1016,5.0,255,28,Clouds,scattered clouds,2,6.6,18.37,0.21,90.04,1.39,106.96,84
2026-05-02T13:58:37.733200,Casablanca,33.5731,-7.5898,21.01,20.73,60,1018,2.06,20,40,Clouds,scattered clouds,3,7.19,14.0,0.52,105.07,4.63,100.76,85
2026-05-02T13:58:41.000518,Rabat,34.0209,-6.8416,20.37,20.37,73,1018,2.57,320,100,Clouds,overcast clouds,3,6.33,10.21,0.73,103.98,4.63,101.75,85
2026-05-02T13:58:44.275845,Marrakech,31.6295,-7.9811,23.98,23.82,53,1015,1.54,0,40,Clouds,scattered clouds,3,10.62,26.87,0.3,102.55,0.77,100.88,85
2026-05-02T13:58:47.508719,Fes,34.0181,-5.0078,20.95,21.01,73,1016,4.63,300,75,Clouds,broken clouds,2,5.29,9.46,0.29,86.63,0.41,93.73,85
2026-05-02T13:58:50.745611,Tanger,35.7595,-5.834,20.74,20.78,73,1017,3.09,250,40,Clouds,scattered clouds,3,3.88,8.43,0.56,110.9,1.76,107.33,85
2026-05-02T13:58:53.965105,Agadir,30.4278,-9.5981,25.06,25.34,66,1016,5.47,270,31,Clouds,scattered clouds,2,7.31,19.02,0.18,91.15,1.56,107.7,85
2026-05-02T14:58:55.980841,Casablanca,33.5731,-7.5898,21.01,20.73,60,1017,2.57,10,40,Clouds,scattered clouds,3,5.45,10.97,0.62,101.32,4.25,99.88,86
2026-05-02T14:58:59.217060,Rabat,34.0209,-6.8416,21.37,21.23,64,1018,3.09,320,100,Clouds,overcast clouds,3,5.02,7.95,0.63,102.28,3.74,101.15,86
2026-05-02T14:59:02.464124,Marrakech,31.6295,-7.9811,25.98,25.98,44,1015,1.03,0,40,Clouds,scattered clouds,3,10.77,27.9,0.28,101.76,0.91,99.98,86
2026-05-02T14:59:05.794733,Fes,34.0181,-5.0078,21.95,21.87,64,1015,4.63,280,75,Clouds,broken clouds,2,5.72,9.84,0.31,87.73,0.54,94.91,86
2026-05-02T14:59:09.060795,Tanger,35.7595,-5.834,21.74,21.88,73,1017,3.6,250,40,Clouds,scattered clouds,3,2.83,6.46,0.36,109.87,1.31,106.24,86
2026-05-02T14:59:12.297391,Agadir,30.4278,-9.5981,25.06,25.14,58,1015,5.78,282,21,Clouds,few clouds,2,6.77,16.54,0.18,92.49,1.54,107.08,86
2026-05-02T15:59:14.137291,Casablanca,33.5731,-7.5898,20.01,19.74,64,1017,3.6,360,20,Clouds,few clouds,3,5.09,10.3,0.66,101.26,4.22,98.94,87
2026-05-02T15:59:17.356204,Rabat,34.0209,-6.8416,21.37,21.23,64,1017,3.09,300,100,Clouds,overcast clouds,3,4.53,7.21,0.74,101.37,3.61,100.47,87
2026-05-02T15:59:20.566637,Marrakech,31.6295,-7.9811,25.98,25.98,44,1014,1.54,0,40,Clouds,scattered clouds,3,11.15,28.99,0.3,101.08,1.05,98.73,87
2026-05-02T15:59:23.794420,Fes,34.0181,-5.0078,21.95,21.98,68,1014,3.6,310,40,Clouds,scattered clouds,2,5.68,9.33,0.39,86.69,0.55,94.66,87
2026-05-02T15:59:27.013865,Tanger,35.7595,-5.834,22.74,22.85,68,1016,3.6,250,40,Clouds,scattered clouds,3,2.95,6.69,0.37,111.01,1.32,106.04,87
2026-05-02T15:59:30.241206,Agadir,30.4278,-9.5981,24.06,23.88,52,1013,7.2,300,23,Clouds,few clouds,2,6.16,14.42,0.19,92.89,1.35,107.01,87
2026-05-02T16:59:32.594535,Casablanca,33.5731,-7.5898,20.01,19.74,64,1017,3.6,10,20,Clouds,few clouds,3,4.68,9.64,0.79,102.17,4.33,99.82,88
2026-05-02T16:59:35.910425,Rabat,34.0209,-6.8416,20.37,20.24,68,1017,3.6,330,75,Clouds,broken clouds,3,4.15,6.75,1.1,100.68,3.76,101.44,88
2026-05-02T16:59:39.274235,Marrakech,31.6295,-7.9811,26.98,26.9,41,1013,2.06,0,40,Clouds,scattered clouds,3,10.79,28.08,0.36,101.37,1.13,98.72,88
2026-05-02T16:59:42.501291,Fes,34.0181,-5.0078,22.95,22.87,60,1014,2.57,300,40,Clouds,scattered clouds,2,5.65,9.16,0.52,85.85,0.57,95.1,88
2026-05-02T16:59:45.946319,Tanger,35.7595,-5.834,22.74,22.85,68,1016,2.06,210,40,Clouds,scattered clouds,3,3.05,6.95,0.44,112.33,1.34,105.84,88
2026-05-02T16:59:49.311348,Agadir,30.4278,-9.5981,25.06,24.93,50,1013,8.55,309,25,Clouds,scattered clouds,2,5.11,11.89,0.21,93.11,1.09,107.26,88
2026-05-02T17:59:51.733011,Casablanca,33.5731,-7.5898,20.0,19.62,60,1017,3.6,30,20,Clouds,few clouds,3,4.2,8.97,1.04,102.28,4.63,100.73,89
2026-05-02T17:59:54.995209,Rabat,34.0209,-6.8416,20.37,20.24,68,1017,3.09,310,40,Clouds,scattered clouds,2,3.9,6.56,1.68,99.68,3.94,102.97,89
2026-05-02T17:59:58.287070,Marrakech,31.6295,-7.9811,26.98,26.9,41,1013,2.06,0,40,Clouds,scattered clouds,3,11.2,28.38,0.51,100.62,1.26,98.78,89
2026-05-02T18:00:01.599900,Fes,34.0181,-5.0078,21.95,21.98,68,1014,3.6,350,40,Clouds,scattered clouds,2,5.58,9.07,0.69,84.24,0.59,95.27,89
2026-05-02T18:00:04.839279,Tanger,35.7595,-5.834,21.74,21.75,68,1016,5.66,40,40,Clouds,scattered clouds,3,3.13,7.18,0.57,113.58,1.37,105.93,89
2026-05-02T18:00:08.102233,Agadir,30.4278,-9.5981,23.06,22.75,51,1013,8.13,318,39,Clouds,scattered clouds,2,3.91,9.53,0.23,92.67,0.83,106.75,89
2026-05-02T19:00:10.792197,Casablanca,33.5731,-7.5898,18.95,18.55,63,1017,3.6,20,40,Clouds,scattered clouds,3,3.75,8.37,1.33,101.21,4.84,102.17,90
2026-05-02T19:00:14.037907,Rabat,34.0209,-6.8416,19.37,19.14,68,1017,4.12,320,40,Clouds,scattered clouds,2,3.46,6.15,2.17,97.71,3.85,104.5,90
2026-05-02T19:00:17.389163,Marrakech,31.6295,-7.9811,26.98,26.9,41,1013,3.6,260,40,Clouds,scattered clouds,2,11.2,27.85,0.67,98.5,1.37,98.5,90
2026-05-02T19:00:20.618431,Fes,34.0181,-5.0078,21.97,22.0,68,1014,3.09,340,40,Clouds,scattered clouds,2,5.46,8.9,0.83,82.9,0.63,95.53,90
2026-05-02T19:00:23.933127,Tanger,35.7595,-5.834,21.74,21.75,68,1016,5.14,40,40,Clouds,scattered clouds,3,3.13,7.22,0.74,113.66,1.37,105.94,90
2026-05-02T19:00:27.154008,Agadir,30.4278,-9.5981,22.99,22.6,48,1013,3.73,322,49,Clouds,scattered clouds,2,2.98,7.99,0.24,92.23,0.65,106.51,90
2026-05-02T20:00:29.537279,Casablanca,33.5731,-7.5898,18.95,18.55,63,1017,2.57,50,20,Clouds,few clouds,2,3.45,8.09,1.71,98.15,4.83,102.95,91
2026-05-02T20:00:33.110508,Rabat,34.0209,-6.8416,18.37,18.14,72,1017,2.06,340,75,Clouds,broken clouds,2,2.95,5.64,2.5,93.94,3.56,104.92,91
2026-05-02T20:00:36.428957,Marrakech,31.6295,-7.9811,25.98,25.98,47,1014,4.12,230,40,Clouds,scattered clouds,2,10.83,26.47,1.02,93.41,1.41,97.47,91
2026-05-02T20:00:39.740765,Fes,34.0181,-5.0078,20.97,21.03,73,1016,3.09,340,40,Clouds,scattered clouds,2,5.32,8.67,1.12,79.35,0.65,95.51,91
2026-05-02T20:00:42.976954,Tanger,35.7595,-5.834,20.74,20.78,73,1016,3.6,40,40,Clouds,scattered clouds,3,3.08,7.15,0.94,112.39,1.35,105.99,91
2026-05-02T20:00:46.197735,Agadir,30.4278,-9.5981,21.06,20.81,61,1014,4.67,328,90,Clouds,overcast clouds,2,2.4,7.21,0.24,91.82,0.55,106.3,91
2026-05-02T21:00:48.057954,Casablanca,33.5731,-7.5898,17.89,17.61,72,1018,2.06,50,0,Clear,clear sky,2,3.38,8.38,2.02,95.23,4.69,105.25,92
2026-05-02T21:00:51.366085,Rabat,34.0209,-6.8416,17.37,17.17,77,1018,2.06,330,75,Clouds,broken clouds,2,2.67,5.42,2.64,90.82,3.33,106.4,92
2026-05-02T21:00:54.590382,Marrakech,31.6295,-7.9811,22.98,22.61,49,1015,5.14,360,40,Clouds,scattered clouds,2,10.54,25.45,1.32,89.96,1.44,98.32,92
2026-05-02T21:00:58.113914,Fes,34.0181,-5.0078,19.95,20.01,77,1017,3.09,320,75,Clouds,broken clouds,2,5.17,8.46,1.45,76.14,0.66,95.85,92
2026-05-02T21:01:01.307759,Tanger,35.7595,-5.834,19.77,19.71,73,1017,2.57,40,75,Clouds,broken clouds,3,2.93,6.86,1.01,109.68,1.3,106.27,92
2026-05-02T21:01:04.539124,Agadir,30.4278,-9.5981,18.06,17.7,68,1015,4.31,353,78,Clouds,broken clouds,2,2.08,6.88,0.23,91.66,0.49,106.39,92
2026-05-02T22:01:06.974729,Casablanca,33.5731,-7.5898,17.89,17.61,72,1019,2.06,10,52,Clouds,broken clouds,2,3.3,8.59,2.05,92.88,4.28,107.12,93
2026-05-02T22:01:10.249097,Rabat,34.0209,-6.8416,17.37,17.3,82,1019,1.54,320,75,Clouds,broken clouds,2,2.53,5.37,2.59,88.42,3.21,107.53,93
2026-05-02T22:01:13.564908,Marrakech,31.6295,-7.9811,20.98,20.49,52,1017,5.14,360,40,Clouds,scattered clouds,2,10.2,24.51,1.51,88.01,1.46,99.51,93
2026-05-02T22:01:16.883527,Fes,34.0181,-5.0078,17.95,18.1,88,1018,4.12,320,75,Rain,light rain,2,4.99,8.23,1.69,74.06,0.66,96.43,93
2026-05-02T22:01:20.426335,Tanger,35.7595,-5.834,18.77,18.71,77,1017,2.06,100,75,Clouds,broken clouds,3,2.65,6.28,1.01,105.95,1.23,106.55,93
2026-05-02T22:01:23.907031,Agadir,30.4278,-9.5981,18.06,17.75,70,1016,3.14,35,85,Clouds,overcast clouds,2,1.9,6.65,0.22,91.74,0.46,106.76,93
2026-05-03T20:57:57.349192,Casablanca,33.5731,-7.5898,18.95,18.73,70,1017,2.57,10,40,Clouds,scattered clouds,2,2.51,7.09,1.74,82.33,4.34,104.44,94
2026-05-03T20:58:00.541321,Rabat,34.0209,-6.8416,18.37,18.56,88,1017,2.57,320,75,Clouds,broken clouds,2,2.44,4.39,2.44,78.37,3.07,105.25,94
2026-05-03T20:58:04.308413,Marrakech,31.6295,-7.9811,23.98,23.74,50,1014,3.09,10,40,Clouds,scattered clouds,2,10.25,28.19,1.4,90.53,1.58,97.56,94
2026-05-03T20:58:28.905339,Fes,34.0181,-5.0078,19.97,19.9,72,1015,2.06,330,75,Clouds,broken clouds,2,4.01,6.2,1.35,66.55,0.52,92.48,94
2026-05-03T20:58:32.156612,Tanger,35.7595,-5.834,17.74,17.71,82,1016,2.06,250,75,Clouds,broken clouds,2,1.07,2.85,1.24,83.61,0.61,111.26,94
2026-05-03T20:58:35.519015,Agadir,30.4278,-9.5981,18.06,17.72,69,1013,2.62,23,88,Clouds,overcast clouds,2,1.8,6.02,0.22,82.55,0.45,108.31,94
2026-05-03T21:58:37.735735,Casablanca,33.5731,-7.5898,17.89,17.75,77,1017,2.57,20,37,Clouds,scattered clouds,2,2.5,7.36,1.91,81.02,4.25,107.34,95
2026-05-03T21:58:40.992394,Rabat,34.0209,-6.8416,17.37,17.46,88,1017,2.06,340,40,Clouds,scattered clouds,2,2.2,4.14,2.5,76.72,2.89,107.33,95
2026-05-03T21:58:44.427107,Marrakech,31.6295,-7.9811,21.98,21.7,56,1015,4.12,360,40,Clouds,scattered clouds,2,10.17,27.74,1.59,89.06,1.58,98.86,95
2026-05-03T21:58:47.651096,Fes,34.0181,-5.0078,17.95,17.81,77,1016,4.12,320,75,Clouds,broken clouds,2,3.66,5.72,1.48,62.42,0.51,92.96,95
2026-05-03T21:58:51.014185,Tanger,35.7595,-5.834,17.74,17.71,82,1016,2.57,240,75,Clouds,broken clouds,2,1.11,3.11,1.35,82.99,0.65,112.46,95
2026-05-03T21:58:54.468393,Agadir,30.4278,-9.5981,18.03,17.82,74,1014,3.03,90,65,Clouds,broken clouds,2,1.76,6.18,0.21,84.03,0.44,110.33,95
2026-05-03T22:58:57.096195,Casablanca,33.5731,-7.5898,17.89,17.75,77,1017,2.06,30,52,Clouds,broken clouds,2,2.48,7.5,1.96,78.48,3.76,107.7,96
2026-05-03T22:59:00.309793,Rabat,34.0209,-6.8416,16.37,16.36,88,1017,0.0,0,71,Clouds,broken clouds,2,2.01,3.91,2.5,74.17,2.73,107.47,96
2026-05-03T22:59:03.594057,Marrakech,31.6295,-7.9811,19.98,19.6,60,1016,3.6,30,40,Clouds,scattered clouds,2,9.99,26.83,1.75,85.78,1.44,98.02,96
2026-05-03T22:59:06.784294,Fes,34.0181,-5.0078,16.95,16.84,82,1017,3.6,310,75,Clouds,broken clouds,1,3.32,5.17,1.6,55.3,0.37,91.45,96
2026-05-03T22:59:10.052988,Tanger,35.7595,-5.834,16.74,16.77,88,1017,3.09,260,75,Clouds,broken clouds,2,1.18,3.41,1.44,82.59,0.68,113.28,96
2026-05-03T22:59:13.339387,Agadir,30.4278,-9.5981,18.06,17.98,79,1015,3.25,113,73,Clouds,broken clouds,2,1.76,6.34,0.23,85.26,0.44,111.49,96
2026-05-04T07:40:19.447181,Casablanca,33.5731,-7.5898,16.84,16.46,72,1017,0.51,0,100,Clouds,overcast clouds,2,3.47,10.82,2.34,72.23,2.88,111.47,97
2026-05-04T07:40:23.083826,Rabat,34.0209,-6.8416,14.37,14.32,94,1017,0.0,0,75,Clouds,broken clouds,2,3.12,5.91,3.92,66.45,3.33,111.5,97
2026-05-04T07:40:26.384540,Marrakech,31.6295,-7.9811,14.98,14.67,82,1016,1.54,230,75,Clouds,broken clouds,2,11.69,26.99,3.85,71.04,0.99,100.64,97
2026-05-04T07:40:30.296416,Fes,34.0181,-5.0078,14.95,15.11,100,1017,2.57,290,100,Clouds,overcast clouds,1,2.37,4.14,2.0,29.16,0.11,89.42,97
2026-05-04T07:40:33.663374,Tanger,35.7595,-5.834,15.74,15.67,88,1016,1.54,220,75,Clouds,broken clouds,2,1.46,3.94,3.33,75.39,1.48,116.91,97
2026-05-04T07:40:36.950152,Agadir,30.4278,-9.5981,14.06,13.66,82,1014,2.37,124,3,Clear,clear sky,2,2.78,10.33,0.42,78.01,0.87,108.78,97
2026-05-04T08:40:39.680212,Casablanca,33.5731,-7.5898,17.89,17.61,72,1017,1.03,50,75,Clouds,broken clouds,2,3.42,10.43,2.59,74.02,3.37,110.98,98
2026-05-04T08:40:43.362761,Rabat,34.0209,-6.8416,15.37,15.57,100,1017,0.0,0,75,Clouds,broken clouds,2,3.28,6.08,4.15,68.18,3.84,111.46,98
2026-05-04T08:40:46.755202,Marrakech,31.6295,-7.9811,15.98,15.64,77,1016,2.06,260,75,Clouds,broken clouds,2,10.97,26.3,4.38,69.62,1.07,100.71,98
2026-05-04T08:40:50.325128,Fes,34.0181,-5.0078,14.95,15.11,100,1017,2.06,330,100,Clouds,overcast clouds,1,2.23,3.95,2.02,28.99,0.13,89.03,98
2026-05-04T08:40:53.903392,Tanger,35.7595,-5.834,16.74,16.61,82,1016,2.06,220,75,Clouds,broken clouds,2,1.6,4.17,4.03,73.58,1.47,118.34,98
2026-05-04T08:40:58.411061,Agadir,30.4278,-9.5981,15.06,14.68,79,1015,2.33,150,3,Clear,clear sky,2,3.19,11.91,0.49,77.09,0.98,108.53,98
2026-05-04T09:41:00.503401,Casablanca,33.5731,-7.5898,18.95,18.68,68,1017,1.54,40,40,Clouds,scattered clouds,2,3.41,10.23,2.32,77.24,3.88,110.41,99
2026-05-04T09:41:03.772123,Rabat,34.0209,-6.8416,18.37,18.72,94,1017,0.0,0,75,Clouds,broken clouds,2,3.29,6.02,3.54,72.08,4.33,111.25,99
2026-05-04T09:41:07.036255,Marrakech,31.6295,-7.9811,16.98,16.74,77,1016,1.54,260,75,Clouds,broken clouds,2,10.6,25.83,3.64,71.45,1.07,100.18,99
2026-05-04T09:41:10.321478,Fes,34.0181,-5.0078,14.95,14.96,94,1017,2.06,330,75,Clouds,broken clouds,1,2.09,3.62,1.69,33.21,0.16,88.88,99
2026-05-04T09:41:13.598844,Tanger,35.7595,-5.834,17.74,17.58,77,1017,3.6,270,40,Clouds,scattered clouds,2,1.61,4.19,3.22,76.84,1.35,118.14,99
2026-05-04T09:41:16.839955,Agadir,30.4278,-9.5981,18.06,17.88,75,1015,2.56,183,3,Clear,clear sky,2,3.55,13.26,0.44,77.34,1.09,108.55,99
2026-05-04T10:41:19.609183,Casablanca,33.5731,-7.5898,20.0,19.73,64,1017,1.54,40,40,Clouds,scattered clouds,2,3.23,9.3,1.47,86.84,3.81,109.57,100
2026-05-04T10:41:23.292752,Rabat,34.0209,-6.8416,20.37,20.37,73,1018,2.06,310,75,Clouds,broken clouds,2,3.13,5.52,2.13,84.28,4.42,109.98,100
2026-05-04T10:41:26.517764,Marrakech,31.6295,-7.9811,19.98,19.7,64,1016,1.54,0,40,Clouds,scattered clouds,2,9.06,22.35,2.18,82.06,1.09,100.17,100
2026-05-04T10:41:29.955823,Fes,34.0181,-5.0078,15.95,16.06,94,1017,1.54,310,75,Clouds,broken clouds,2,3.23,5.57,0.56,66.94,0.44,92.58,100
2026-05-04T10:41:33.641428,Tanger,35.7595,-5.834,18.74,18.45,68,1017,4.63,280,75,Clouds,broken clouds,2,1.23,3.48,0.89,91.17,1.36,114.11,100
2026-05-04T10:41:36.861747,Agadir,30.4278,-9.5981,21.06,21.1,72,1015,2.66,239,3,Clear,clear sky,2,3.94,14.46,0.33,78.5,1.18,108.26,100
2026-05-04T11:41:39.237742,Casablanca,33.5731,-7.5898,20.01,19.74,64,1017,2.57,30,40,Clouds,scattered clouds,2,3.32,8.82,0.92,94.31,3.58,107.75,101
2026-05-04T11:41:42.701685,Rabat,34.0209,-6.8416,20.37,20.37,73,1017,2.57,320,75,Clouds,broken clouds,2,3.45,5.68,1.4,91.48,4.4,108.46,101
2026-05-04T11:41:46.091880,Marrakech,31.6295,-7.9811,21.98,21.8,60,1016,1.54,0,40,Clouds,scattered clouds,2,8.79,21.92,1.37,85.64,0.97,98.89,101
2026-05-04T11:41:49.479436,Fes,34.0181,-5.0078,15.95,16.21,100,1016,2.57,310,75,Clouds,broken clouds,2,3.27,5.51,0.4,71.09,0.44,91.59,101
2026-05-04T11:41:52.842963,Tanger,35.7595,-5.834,18.74,18.45,68,1017,4.12,290,40,Clouds,scattered clouds,2,1.17,3.28,0.57,95.24,1.18,114.02,101
2026-05-04T11:41:56.114632,Agadir,30.4278,-9.5981,22.06,22.1,68,1015,3.76,259,1,Clear,clear sky,2,4.51,15.95,0.25,80.34,1.28,108.22,101
2026-05-04T12:41:58.255039,Casablanca,33.5731,-7.5898,20.0,19.73,64,1017,3.6,40,40,Clouds,scattered clouds,2,3.85,9.07,0.64,99.53,3.75,106.47,102
2026-05-04T12:42:01.511445,Rabat,34.0209,-6.8416,21.37,21.23,64,1017,3.09,310,75,Clouds,broken clouds,2,3.93,6.12,1.08,95.66,4.73,107.64,102
2026-05-04T12:42:04.863126,Marrakech,31.6295,-7.9811,22.98,22.72,53,1015,1.54,0,40,Clouds,scattered clouds,2,9.18,23.13,0.74,89.53,0.91,97.36,102
2026-05-04T12:42:08.143305,Fes,34.0181,-5.0078,16.95,17.16,94,1016,2.06,300,75,Clouds,broken clouds,2,2.97,4.91,0.35,71.98,0.41,90.84,102
2026-05-04T12:42:11.432690,Tanger,35.7595,-5.834,18.74,18.45,68,1017,4.12,290,40,Clouds,scattered clouds,2,1.22,3.32,0.43,98.52,1.11,114.3,102
2026-05-04T12:42:14.649404,Agadir,30.4278,-9.5981,24.06,24.19,64,1014,5.35,264,1,Clear,clear sky,2,5.17,17.29,0.2,81.94,1.4,108.71,102
2026-05-04T13:42:17.318929,Casablanca,33.5731,-7.5898,20.78,20.48,60,1017,3.09,20,40,Clouds,scattered clouds,3,4.02,8.52,0.47,105.14,3.75,106.91,103
2026-05-04T13:42:20.808338,Rabat,34.0209,-6.8416,21.37,21.23,64,1017,3.6,300,75,Clouds,broken clouds,3,4.12,6.17,0.79,100.63,4.68,108.46,103
2026-05-04T13:42:24.494124,Marrakech,31.6295,-7.9811,24.98,24.92,53,1014,2.06,0,40,Clouds,scattered clouds,2,7.35,19.58,0.4,90.41,0.86,97.92,103
2026-05-04T13:42:28.086163,Fes,34.0181,-5.0078,17.95,18.1,88,1015,2.06,0,75,Clouds,broken clouds,2,2.51,4.09,0.25,78.19,0.35,91.7,103
2026-05-04T13:42:32.071618,Tanger,35.7595,-5.834,18.74,18.45,68,1017,5.14,300,40,Clouds,scattered clouds,3,1.3,3.44,0.36,101.55,1.06,114.83,103
2026-05-04T13:42:35.749988,Agadir,30.4278,-9.5981,25.06,25.11,57,1013,5.37,279,3,Clear,clear sky,2,5.72,17.93,0.18,84.01,1.53,109.75,103
2026-05-04T13:52:34.663496,Casablanca,33.5731,-7.5898,21.01,20.73,60,1017,3.09,20,40,Clouds,scattered clouds,3,4.02,8.52,0.47,105.14,3.75,106.91,104
2026-05-04T13:52:37.839471,Rabat,34.0209,-6.8416,21.37,21.23,64,1017,3.6,320,75,Clouds,broken clouds,3,4.12,6.17,0.79,100.63,4.68,108.46,104
2026-05-04T13:52:41.648744,Marrakech,31.6295,-7.9811,24.98,24.92,53,1014,2.06,0,40,Clouds,scattered clouds,2,7.35,19.58,0.4,90.41,0.86,97.92,104
2026-05-04T13:52:44.831236,Fes,34.0181,-5.0078,17.95,18.1,88,1015,2.06,0,75,Clouds,broken clouds,2,2.51,4.09,0.25,78.19,0.35,91.7,104
2026-05-04T13:52:48.013919,Tanger,35.7595,-5.834,18.74,18.45,68,1017,5.14,300,40,Clouds,scattered clouds,3,1.3,3.44,0.36,101.55,1.06,114.83,104
2026-05-04T13:52:51.193371,Agadir,30.4278,-9.5981,25.06,25.11,57,1013,5.37,279,3,Clear,clear sky,2,5.72,17.93,0.18,84.01,1.53,109.75,104
2026-05-04T20:10:10.843968,Casablanca,33.5731,-7.5898,18.88,18.6,68,1017,3.58,40,76,Clouds,broken clouds,3,2.99,7.16,1.4,100.96,4.42,109.44,105
2026-05-04T20:10:14.242496,Rabat,34.0209,-6.8416,18.37,18.14,72,1017,3.6,350,40,Clouds,scattered clouds,2,2.58,5.35,2.45,96.54,4.07,111.85,105
2026-05-04T20:10:17.690911,Marrakech,31.6295,-7.9811,25.98,25.98,36,1013,2.57,360,40,Clouds,scattered clouds,2,6.76,18.62,1.03,87.23,1.26,97.74,105
2026-05-04T20:10:21.443091,Fes,34.0181,-5.0078,18.95,18.68,68,1015,3.6,330,75,Clouds,broken clouds,2,2.47,3.84,0.97,74.04,0.5,95.55,105
2026-05-04T20:10:25.043532,Tanger,35.7595,-5.834,17.79,17.06,55,1016,4.63,260,20,Clouds,few clouds,3,1.59,3.91,0.89,113.35,1.09,117.93,105
2026-05-04T20:10:28.336565,Agadir,30.4278,-9.5981,21.06,20.76,59,1011,6.51,322,0,Clear,clear sky,2,3.89,10.8,0.37,95.29,1.18,113.07,105
2026-05-04T21:10:30.227417,Casablanca,33.5731,-7.5898,18.88,18.6,68,1018,3.58,40,79,Clouds,broken clouds,2,2.88,7.65,1.89,99.43,4.68,112.33,106
2026-05-04T21:10:33.444756,Rabat,34.0209,-6.8416,17.37,17.17,77,1018,3.09,350,40,Clouds,scattered clouds,2,2.28,5.16,2.72,94.02,3.86,113.69,106
2026-05-04T21:10:36.652756,Marrakech,31.6295,-7.9811,23.98,23.63,46,1014,5.14,360,75,Clouds,broken clouds,2,6.43,17.57,1.35,85.05,1.25,99.56,106
2026-05-04T21:10:39.879671,Fes,34.0181,-5.0078,16.36,15.72,64,1016,4.81,306,80,Clouds,broken clouds,2,2.49,3.97,1.39,69.82,0.58,97.34,106
2026-05-04T21:10:43.118127,Tanger,35.7595,-5.834,15.74,15.25,72,1017,4.63,270,20,Clouds,few clouds,3,1.55,3.86,1.0,112.21,1.08,118.41,106
2026-05-04T21:10:46.315758,Agadir,30.4278,-9.5981,19.06,18.74,66,1012,3.76,347,1,Clear,clear sky,2,3.38,10.04,0.37,95.36,1.06,113.43,106
2026-05-04T22:10:49.536875,Casablanca,33.5731,-7.5898,17.89,17.51,68,1018,3.09,50,76,Clouds,broken clouds,2,2.77,7.95,2.14,98.1,4.69,114.98,107
2026-05-04T22:10:53.121141,Rabat,34.0209,-6.8416,16.37,16.2,82,1018,2.06,360,40,Clouds,scattered clouds,2,2.15,5.06,2.61,93.42,3.66,115.19,107
2026-05-04T22:10:56.335606,Marrakech,31.6295,-7.9811,20.98,20.6,56,1015,6.17,30,75,Clouds,broken clouds,2,6.15,16.72,1.54,84.44,1.29,101.24,107
2026-05-04T22:10:59.535666,Fes,34.0181,-5.0078,14.96,14.34,70,1017,3.23,292,81,Clouds,broken clouds,2,2.49,4.11,1.67,67.64,0.63,98.9,107
2026-05-04T22:11:02.751273,Tanger,35.7595,-5.834,15.74,15.25,72,1017,3.09,260,20,Clouds,few clouds,3,1.5,3.88,1.0,110.91,1.04,118.43,107
2026-05-04T22:11:06.124231,Agadir,30.4278,-9.5981,18.06,17.78,71,1013,3.21,49,2,Clear,clear sky,2,3.02,9.65,0.35,95.43,0.96,114.07,107
2026-05-04T23:11:08.652363,Casablanca,33.5731,-7.5898,16.66,16.26,72,1018,1.34,60,71,Clouds,broken clouds,2,2.67,8.06,2.22,95.16,4.31,114.72,108
2026-05-04T23:11:11.910311,Rabat,34.0209,-6.8416,14.37,14.32,94,1018,1.54,20,40,Clouds,scattered clouds,2,2.07,4.92,2.51,92.54,3.47,114.89,108
2026-05-04T23:11:15.202814,Marrakech,31.6295,-7.9811,18.98,18.47,59,1016,5.14,40,75,Clouds,broken clouds,2,5.94,15.9,1.74,82.32,1.25,101.41,108
2026-05-04T23:11:18.421334,Fes,34.0181,-5.0078,14.17,13.55,73,1018,2.24,285,75,Clouds,broken clouds,2,2.44,4.13,1.96,63.3,0.55,98.12,108
2026-05-04T23:11:21.634265,Tanger,35.7595,-5.834,15.74,15.38,77,1017,3.09,260,20,Clouds,few clouds,3,1.49,4.04,1.1,108.17,0.98,117.96,108
2026-05-04T23:11:24.933238,Agadir,30.4278,-9.5981,18.06,17.8,72,1013,4.15,106,1,Clear,clear sky,2,2.79,9.48,0.35,95.26,0.89,114.41,108
2026-05-05T00:11:27.138832,Casablanca,33.5731,-7.5898,16.84,16.22,63,1018,2.57,50,67,Clouds,broken clouds,2,2.68,8.36,2.18,93.71,3.8,115.78,109
2026-05-05T00:11:30.650588,Rabat,34.0209,-6.8416,11.37,10.99,93,1018,0.0,0,40,Clouds,scattered clouds,2,2.06,4.88,2.41,92.83,3.35,115.59,109
2026-05-05T00:11:33.905848,Marrakech,31.6295,-7.9811,19.02,18.52,59,1016,3.6,50,75,Clouds,broken clouds,2,5.93,15.57,1.86,79.1,1.09,102.56,109
2026-05-05T00:11:37.270191,Fes,34.0181,-5.0078,14.95,14.51,77,1017,2.57,300,75,Clouds,broken clouds,1,2.44,4.18,2.17,57.73,0.42,98.06,109
2026-05-05T00:11:40.772746,Tanger,35.7595,-5.834,15.74,15.38,77,1017,3.6,260,20,Clouds,few clouds,3,1.5,4.35,1.22,105.31,0.91,117.46,109
2026-05-05T00:11:44.106088,Agadir,30.4278,-9.5981,17.06,16.78,75,1014,3.91,128,1,Clear,clear sky,2,2.65,9.4,0.34,95.53,0.84,115.0,109
2026-05-05T00:54:04.112428,Casablanca,33.5731,-7.5898,16.84,16.22,63,1017,2.57,50,69,Clouds,broken clouds,2,2.72,8.64,2.0,92.63,3.3,116.23,110
2026-05-05T00:54:07.710421,Rabat,34.0209,-6.8416,10.37,9.89,93,1018,0.0,0,40,Clouds,scattered clouds,2,2.12,5.02,2.26,92.97,3.28,116.02,110
2026-05-05T00:54:32.082462,Marrakech,31.6295,-7.9811,17.98,17.48,63,1016,2.06,40,20,Clouds,few clouds,2,5.95,15.43,1.75,75.79,0.89,103.45,110
2026-05-05T00:54:35.361820,Fes,34.0181,-5.0078,14.95,14.51,77,1017,3.09,300,75,Clouds,broken clouds,1,2.46,4.28,2.16,53.07,0.35,97.85,110
2026-05-05T00:54:38.637911,Tanger,35.7595,-5.834,15.74,15.38,77,1017,3.09,260,20,Clouds,few clouds,3,1.53,4.74,1.15,102.84,0.89,116.69,110
2026-05-05T00:54:42.067726,Agadir,30.4278,-9.5981,17.06,16.88,79,1014,3.59,140,1,Clear,clear sky,2,2.56,9.37,0.31,95.57,0.79,115.33,110
2026-05-05T01:54:44.648978,Casablanca,33.5731,-7.5898,16.84,16.22,63,1017,2.57,70,64,Clouds,broken clouds,2,2.77,8.9,1.77,91.04,2.9,115.71,111
2026-05-05T01:54:48.264359,Rabat,34.0209,-6.8416,9.37,9.37,100,1017,0.0,0,40,Clouds,scattered clouds,2,2.22,5.25,2.09,92.68,3.17,115.6,111
2026-05-05T01:54:51.794932,Marrakech,31.6295,-7.9811,16.98,16.48,67,1015,2.06,30,20,Clouds,few clouds,2,5.91,15.23,1.61,72.8,0.81,102.67,111
2026-05-05T01:54:55.482224,Fes,34.0181,-5.0078,14.95,14.25,67,1017,2.57,280,75,Clouds,broken clouds,1,2.46,4.38,1.96,49.76,0.29,97.0,111
2026-05-05T01:54:58.963060,Tanger,35.7595,-5.834,15.74,15.38,77,1016,2.57,250,20,Clouds,few clouds,3,1.57,5.09,1.03,101.14,0.92,115.52,111
2026-05-05T01:55:02.654667,Agadir,30.4278,-9.5981,15.06,14.76,82,1013,3.32,104,1,Clear,clear sky,2,2.52,9.44,0.28,95.11,0.74,115.07,111
2026-05-05T09:03:13.831370,Casablanca,33.5731,-7.5898,16.84,16.22,63,1016,1.54,120,75,Clouds,broken clouds,2,3.92,11.43,2.43,89.73,2.83,115.77,112
2026-05-05T09:03:17.026313,Rabat,34.0209,-6.8416,14.37,14.47,100,1016,0.0,0,40,Clouds,scattered clouds,2,3.53,7.52,3.74,86.15,3.51,115.7,112
2026-05-05T09:03:20.225311,Marrakech,31.6295,-7.9811,15.98,15.51,72,1015,2.06,260,0,Clear,clear sky,2,6.65,15.63,3.96,72.21,1.15,106.23,112
2026-05-05T09:03:23.482886,Fes,34.0181,-5.0078,13.95,13.39,76,1016,2.06,310,75,Clouds,broken clouds,1,2.96,5.21,1.68,37.73,0.2,96.22,112
2026-05-05T09:03:26.762605,Tanger,35.7595,-5.834,15.74,15.38,77,1016,3.09,180,20,Clouds,few clouds,2,2.43,6.73,4.86,81.8,1.51,120.44,112
2026-05-05T09:03:30.031871,Agadir,30.4278,-9.5981,17.06,16.94,81,1014,3.49,105,97,Clouds,overcast clouds,2,3.34,11.94,0.61,90.78,0.9,115.74,112
2026-05-05T10:03:32.060693,Casablanca,33.5731,-7.5898,17.89,17.28,59,1016,2.57,90,40,Clouds,scattered clouds,2,4.22,11.91,2.15,92.48,3.25,114.52,113
2026-05-05T10:03:35.285660,Rabat,34.0209,-6.8416,18.37,18.14,72,1017,2.06,50,40,Clouds,scattered clouds,2,3.71,7.83,3.36,88.29,4.12,114.56,113
2026-05-05T10:03:38.490037,Marrakech,31.6295,-7.9811,18.98,18.71,68,1015,1.03,0,0,Clear,clear sky,2,6.73,15.87,3.45,74.1,1.14,106.2,113
2026-05-05T10:03:41.721910,Fes,34.0181,-5.0078,13.95,13.39,76,1016,3.09,300,75,Clouds,broken clouds,1,3.02,5.45,1.23,43.18,0.23,95.77,113
2026-05-05T10:03:44.934141,Tanger,35.7595,-5.834,17.74,17.35,68,1016,3.09,200,40,Clouds,scattered clouds,2,2.42,6.32,4.4,84.28,1.59,120.44,113
2026-05-05T10:03:48.139050,Agadir,30.4278,-9.5981,20.06,20.03,73,1014,3.24,146,99,Clouds,overcast clouds,2,3.54,12.46,0.56,90.92,0.94,115.62,113
2026-05-05T11:03:50.580507,Casablanca,33.5731,-7.5898,17.89,17.28,59,1017,2.57,60,75,Clouds,broken clouds,3,4.25,11.34,1.25,101.12,3.63,112.26,114
2026-05-05T11:03:53.814120,Rabat,34.0209,-6.8416,18.37,17.91,63,1017,2.06,20,40,Clouds,scattered clouds,2,3.88,7.96,2.15,97.26,4.45,112.77,114
2026-05-05T11:03:57.087462,Marrakech,31.6295,-7.9811,19.98,19.6,60,1015,1.54,220,0,Clear,clear sky,2,5.44,13.95,1.98,89.09,1.21,104.45,114
2026-05-05T11:04:00.363006,Fes,34.0181,-5.0078,14.95,14.38,72,1016,2.57,330,75,Clouds,broken clouds,2,3.11,5.85,0.34,77.1,0.53,99.33,114
2026-05-05T11:04:03.644476,Tanger,35.7595,-5.834,18.74,18.31,63,1016,3.09,240,40,Clouds,scattered clouds,3,2.02,5.43,1.58,101.98,1.8,116.06,114
2026-05-05T11:04:07.017834,Agadir,30.4278,-9.5981,22.06,22.15,70,1014,3.02,166,86,Clouds,overcast clouds,2,3.78,12.95,0.53,91.55,0.91,115.53,114
2026-05-05T15:29:09.382726,Casablanca,33.5731,-7.5898,20.01,19.35,49,1015,3.6,20,75,Clouds,broken clouds,3,4.29,8.71,0.44,118.26,3.79,106.78,115
2026-05-05T15:29:12.582289,Rabat,34.0209,-6.8416,21.37,20.76,46,1015,4.63,330,75,Clouds,broken clouds,3,4.2,7.02,0.63,114.54,4.03,107.78,115
2026-05-05T15:29:15.914657,Marrakech,31.6295,-7.9811,25.98,25.98,44,1012,2.06,0,40,Clouds,scattered clouds,2,4.08,12.08,0.27,79.55,0.95,94.72,115
2026-05-05T15:29:19.284883,Fes,34.0181,-5.0078,20.95,20.46,52,1013,4.12,320,40,Clouds,scattered clouds,2,2.16,3.91,0.18,79.66,0.34,95.15,115
2026-05-05T15:29:22.674521,Tanger,35.7595,-5.834,19.74,19.23,56,1015,5.66,300,40,Clouds,scattered clouds,3,1.89,4.46,0.45,111.18,1.27,114.51,115
2026-05-05T15:29:26.152383,Agadir,30.4278,-9.5981,27.06,28.08,59,1012,4.75,277,100,Clouds,overcast clouds,3,6.71,17.9,0.56,103.36,1.47,117.06,115
2026-05-05T16:29:29.448710,Casablanca,33.5731,-7.5898,19.01,18.22,48,1015,4.12,30,75,Clouds,broken clouds,3,4.54,8.93,0.5,119.99,4.35,105.94,116
2026-05-05T16:29:32.967263,Rabat,34.0209,-6.8416,19.37,18.8,55,1015,4.63,310,75,Clouds,broken clouds,3,4.04,6.77,0.69,115.31,4.01,107.16,116
2026-05-05T16:29:36.316398,Marrakech,31.6295,-7.9811,26.98,26.9,41,1011,2.06,0,40,Clouds,scattered clouds,2,3.6,10.74,0.29,75.3,0.89,92.83,116
2026-05-05T16:29:39.807375,Fes,34.0181,-5.0078,21.95,21.48,49,1012,3.6,330,40,Clouds,scattered clouds,2,2.09,3.69,0.22,79.66,0.3,94.44,116
2026-05-05T16:29:43.316824,Tanger,35.7595,-5.834,18.74,18.11,55,1015,5.66,290,40,Clouds,scattered clouds,3,1.84,4.23,0.44,111.17,1.19,114.32,116
2026-05-05T16:29:46.767673,Agadir,30.4278,-9.5981,25.06,25.08,56,1011,5.16,276,100,Clouds,overcast clouds,3,7.56,19.59,0.6,103.56,1.47,117.83,116
2026-05-05T17:29:49.958669,Casablanca,33.5731,-7.5898,18.95,18.26,52,1015,3.6,30,40,Clouds,scattered clouds,3,4.51,8.95,0.64,121.31,4.82,106.66,117
2026-05-05T17:29:53.372139,Rabat,34.0209,-6.8416,19.37,18.8,55,1015,4.12,330,95,Clouds,overcast clouds,3,3.73,6.48,0.91,115.34,4.03,107.49,117
2026-05-05T17:29:56.978369,Marrakech,31.6295,-7.9811,27.98,27.39,36,1011,2.06,0,40,Clouds,scattered clouds,2,3.42,10.18,0.36,73.93,0.88,93.22,117
2026-05-05T17:30:00.461192,Fes,34.0181,-5.0078,20.95,20.46,52,1012,4.63,340,40,Clouds,scattered clouds,2,2.24,4.01,0.29,81.79,0.31,95.26,117
2026-05-05T17:30:04.148581,Tanger,35.7595,-5.834,18.75,17.86,45,1014,5.66,300,75,Clouds,broken clouds,3,1.65,3.74,0.64,110.23,1.05,114.94,117
2026-05-05T17:30:07.834967,Agadir,30.4278,-9.5981,26.06,26.06,51,1010,4.4,300,100,Clouds,overcast clouds,3,8.87,21.6,0.82,101.94,1.51,118.12,117
2026-05-05T18:30:10.027587,Casablanca,33.5731,-7.5898,18.44,17.75,54,1015,4.12,30,40,Clouds,scattered clouds,3,3.75,8.6,1.14,118.06,5.07,109.07,118
2026-05-05T18:30:13.218890,Rabat,34.0209,-6.8416,18.37,18.04,68,1015,4.63,340,97,Clouds,overcast clouds,3,2.91,5.73,1.81,110.64,3.99,110.54,118
2026-05-05T18:30:16.477319,Marrakech,31.6295,-7.9811,25.98,25.98,36,1011,3.6,350,40,Clouds,scattered clouds,2,3.29,9.55,0.57,72.42,0.85,93.31,118
2026-05-05T18:30:19.681525,Fes,34.0181,-5.0078,19.95,19.36,52,1013,5.14,340,75,Clouds,broken clouds,2,2.61,4.82,0.43,86.94,0.52,97.38,118
2026-05-05T18:30:22.894541,Tanger,35.7595,-5.834,17.74,16.93,52,1014,5.14,290,75,Clouds,broken clouds,3,1.55,3.59,0.77,109.11,1.03,115.17,118
2026-05-05T18:30:26.161194,Agadir,30.4278,-9.5981,25.06,25.01,53,1010,4.19,316,100,Clouds,overcast clouds,3,8.7,20.86,0.75,102.89,1.56,117.32,118
2026-05-05T19:30:27.973588,Casablanca,33.5731,-7.5898,18.01,17.3,55,1015,4.12,20,40,Clouds,scattered clouds,3,3.16,8.09,1.6,112.31,4.79,109.4,119
2026-05-05T19:30:31.202103,Rabat,34.0209,-6.8416,17.37,17.04,72,1015,3.6,340,75,Clouds,broken clouds,3,2.38,5.09,2.44,105.31,3.89,111.3,119
2026-05-05T19:30:34.449002,Marrakech,31.6295,-7.9811,24.98,24.4,33,1012,4.63,360,40,Clouds,scattered clouds,2,3.48,10.04,0.88,71.91,0.91,93.84,119
2026-05-05T19:30:37.618604,Fes,34.0181,-5.0078,19.95,19.25,48,1014,4.12,340,75,Clouds,broken clouds,2,2.8,5.16,0.81,83.76,0.62,97.48,119
2026-05-05T19:30:40.857601,Tanger,35.7595,-5.834,17.77,16.96,52,1014,4.63,290,75,Clouds,broken clouds,3,1.46,3.48,0.85,107.51,1.02,115.22,119
2026-05-05T19:30:44.086528,Agadir,30.4278,-9.5981,24.06,23.98,56,1010,2.95,333,100,Clouds,overcast clouds,3,7.63,18.63,0.56,107.37,1.68,116.03,119
2026-05-05T20:30:47.003510,Casablanca,33.5731,-7.5898,18.01,17.51,63,1016,3.09,20,40,Clouds,scattered clouds,3,2.73,7.95,2.0,107.36,4.66,111.41,120
2026-05-05T20:30:50.271362,Rabat,34.0209,-6.8416,17.37,16.91,67,1016,3.09,330,75,Clouds,broken clouds,3,2.09,4.76,2.74,101.34,3.85,113.17,120
2026-05-05T20:30:53.549575,Marrakech,31.6295,-7.9811,23.98,23.35,35,1013,3.6,330,40,Clouds,scattered clouds,2,3.95,11.46,1.26,72.33,1.04,96.15,120
2026-05-05T20:30:57.039744,Fes,34.0181,-5.0078,17.95,17.34,59,1015,4.12,320,75,Clouds,broken clouds,2,3.01,5.53,1.31,78.43,0.62,98.65,120
2026-05-05T20:31:00.318334,Tanger,35.7595,-5.834,17.74,16.93,52,1015,4.12,290,75,Clouds,broken clouds,3,1.4,3.42,0.87,105.9,1.02,115.08,120
2026-05-05T20:31:03.574151,Agadir,30.4278,-9.5981,21.06,20.79,60,1010,2.09,344,100,Clouds,overcast clouds,3,6.32,16.12,0.51,109.57,1.59,115.32,120
2026-05-05T21:57:25.506922,Casablanca,33.5731,-7.5898,16.84,16.33,67,1016,3.09,30,64,Clouds,broken clouds,3,2.48,7.92,2.17,103.56,4.56,113.34,121
2026-05-05T21:57:28.983061,Rabat,34.0209,-6.8416,16.37,15.81,67,1016,2.06,350,75,Clouds,broken clouds,2,1.99,4.67,2.73,98.83,3.78,114.78,121
2026-05-05T21:57:32.220360,Marrakech,31.6295,-7.9811,20.98,20.33,46,1013,4.63,360,40,Clouds,scattered clouds,2,4.27,12.5,1.48,73.26,1.16,98.32,121
2026-05-05T21:57:35.536233,Fes,34.0181,-5.0078,14.95,14.51,77,1015,4.12,300,40,Clouds,scattered clouds,2,3.11,5.75,1.66,74.29,0.59,99.74,121
2026-05-05T21:57:38.758043,Tanger,35.7595,-5.834,16.74,16.11,63,1015,3.6,270,0,Clear,clear sky,3,1.39,3.54,0.87,104.85,1.04,115.3,121
2026-05-05T21:57:42.239708,Agadir,30.4278,-9.5981,18.06,17.59,64,1011,1.87,82,77,Clouds,broken clouds,3,5.21,14.33,0.44,110.38,1.4,115.16,121
2026-05-05T22:57:44.656763,Casablanca,33.5731,-7.5898,16.84,16.33,67,1016,2.57,30,52,Clouds,broken clouds,2,2.39,8.01,2.24,99.22,4.2,113.37,122
2026-05-05T22:57:47.856315,Rabat,34.0209,-6.8416,16.37,15.94,72,1016,2.06,360,40,Clouds,scattered clouds,2,2.01,4.71,2.72,95.82,3.7,114.42,122
2026-05-05T22:57:51.054127,Marrakech,31.6295,-7.9811,17.98,17.27,55,1014,4.63,20,40,Clouds,scattered clouds,2,4.38,12.93,1.59,72.79,1.25,98.43,122
2026-05-05T22:57:54.548072,Fes,34.0181,-5.0078,13.95,13.54,82,1015,2.57,300,40,Clouds,scattered clouds,2,3.07,5.67,1.94,68.5,0.55,98.79,122
2026-05-05T22:57:57.743628,Tanger,35.7595,-5.834,16.77,16.25,67,1015,3.6,270,0,Clear,clear sky,3,1.49,3.97,1.05,103.14,1.06,115.59,122
2026-05-05T22:58:00.957856,Agadir,30.4278,-9.5981,18.06,17.72,69,1012,2.89,115,76,Clouds,broken clouds,3,4.42,13.08,0.41,109.28,1.19,114.69,122
2026-05-05T23:58:03.265204,Casablanca,33.5731,-7.5898,16.84,16.22,63,1016,2.57,40,48,Clouds,scattered clouds,2,2.47,8.39,2.21,96.86,3.7,114.51,123
2026-05-05T23:58:06.437906,Rabat,34.0209,-6.8416,16.37,15.94,72,1016,0.0,0,40,Clouds,scattered clouds,2,2.11,4.87,2.69,93.83,3.67,114.56,123
2026-05-05T23:58:09.625397,Marrakech,31.6295,-7.9811,16.98,16.27,59,1014,3.6,30,40,Clouds,scattered clouds,2,4.5,13.34,1.7,73.32,1.3,99.43,123
2026-05-05T23:58:12.922448,Fes,34.0181,-5.0078,12.95,12.44,82,1015,2.57,290,40,Clouds,scattered clouds,2,3.05,5.62,2.15,65.13,0.54,98.68,123
2026-05-05T23:58:16.383246,Tanger,35.7595,-5.834,15.74,15.38,77,1015,2.06,280,0,Clear,clear sky,3,1.67,4.69,1.26,101.33,1.07,116.03,123
2026-05-05T23:58:19.786202,Agadir,30.4278,-9.5981,17.06,16.7,72,1012,3.0,132,64,Clouds,broken clouds,3,3.81,11.95,0.38,107.7,1.01,114.75,123
2026-05-06T00:58:22.441919,Casablanca,33.5731,-7.5898,17.01,16.31,59,1015,2.06,40,54,Clouds,broken clouds,2,2.6,8.82,2.04,95.24,3.27,115.2,124
2026-05-06T00:58:25.678201,Rabat,34.0209,-6.8416,13.37,12.9,82,1015,0.0,0,40,Clouds,scattered clouds,2,2.24,5.06,2.54,92.2,3.59,114.34,124
2026-05-06T00:58:28.917209,Marrakech,31.6295,-7.9811,15.98,15.17,59,1014,2.06,10,40,Clouds,scattered clouds,2,4.62,13.7,1.69,73.85,1.31,100.26,124
2026-05-06T00:58:32.188929,Fes,34.0181,-5.0078,11.95,11.47,87,1015,2.06,280,40,Clouds,scattered clouds,2,3.03,5.6,2.15,64.38,0.53,98.98,124
2026-05-06T00:58:35.396578,Tanger,35.7595,-5.834,15.74,15.38,77,1014,1.54,170,0,Clear,clear sky,3,1.86,5.58,1.26,100.38,1.12,116.38,124
2026-05-06T00:58:38.638716,Agadir,30.4278,-9.5981,17.06,16.86,78,1012,3.08,128,64,Clouds,broken clouds,3,3.35,11.03,0.34,106.81,0.9,115.34,124
2026-05-06T08:45:59.021036,Casablanca,33.5731,-7.5898,17.89,17.28,59,1013,1.54,40,40,Clouds,scattered clouds,2,4.37,12.72,2.73,81.66,2.26,115.04,125
2026-05-06T08:46:02.201523,Rabat,34.0209,-6.8416,15.37,15.42,94,1013,0.0,0,40,Clouds,scattered clouds,2,4.35,8.32,5.03,75.64,3.06,116.29,125
2026-05-06T08:46:05.428713,Marrakech,31.6295,-7.9811,13.98,13.31,72,1013,1.54,230,0,Clear,clear sky,2,5.52,14.86,4.19,64.19,1.25,102.29,125
2026-05-06T08:46:08.641501,Fes,34.0181,-5.0078,12.95,12.29,76,1013,1.54,310,75,Clouds,broken clouds,2,3.96,6.77,2.31,64.44,0.61,101.32,125
2026-05-06T08:46:12.008473,Tanger,35.7595,-5.834,15.74,15.25,72,1013,3.09,180,75,Clouds,broken clouds,2,3.01,8.84,4.19,79.06,1.56,123.91,125
2026-05-06T08:46:15.494529,Agadir,30.4278,-9.5981,17.06,16.81,76,1012,2.12,114,23,Clouds,few clouds,2,4.04,13.73,0.74,94.42,1.54,113.7,125
2026-05-06T09:46:17.621336,Casablanca,33.5731,-7.5898,17.39,16.78,61,1013,1.54,50,40,Clouds,scattered clouds,2,4.73,13.33,2.34,87.45,3.09,113.94,126
2026-05-06T09:46:20.870650,Rabat,34.0209,-6.8416,19.37,19.01,63,1013,0.0,0,40,Clouds,scattered clouds,2,4.57,8.79,4.13,81.21,3.81,115.07,126
2026-05-06T09:46:24.148742,Marrakech,31.6295,-7.9811,16.98,16.38,63,1012,1.03,0,0,Clear,clear sky,2,5.67,15.39,3.4,64.06,1.1,101.86,126
2026-05-06T09:46:27.335920,Fes,34.0181,-5.0078,13.95,13.25,71,1012,1.54,310,75,Clouds,broken clouds,2,3.69,6.75,1.6,67.75,0.59,99.98,126
2026-05-06T09:46:30.803803,Tanger,35.7595,-5.834,17.74,17.35,68,1013,3.6,190,75,Clouds,broken clouds,2,3.19,8.9,4.31,79.2,1.71,124.77,126
2026-05-06T09:46:34.184472,Agadir,30.4278,-9.5981,19.06,18.82,69,1012,1.05,162,24,Clouds,few clouds,2,4.53,15.19,0.64,95.3,1.79,113.36,126
2026-05-06T10:46:36.272728,Casablanca,33.5731,-7.5898,19.01,18.4,55,1013,2.06,360,40,Clouds,scattered clouds,3,4.36,11.96,1.22,105.06,4.19,112.31,127
2026-05-06T10:46:39.480700,Rabat,34.0209,-6.8416,18.37,18.04,68,1013,0.0,0,40,Clouds,scattered clouds,3,4.26,8.3,1.84,101.67,4.3,112.45,127
2026-05-06T10:46:42.731762,Marrakech,31.6295,-7.9811,17.98,17.37,59,1012,1.54,130,0,Clear,clear sky,2,4.04,11.67,0.67,70.22,0.78,95.89,127
2026-05-06T10:46:45.954859,Fes,34.0181,-5.0078,15.95,15.25,63,1012,1.03,0,75,Clouds,broken clouds,2,3.17,6.17,0.32,88.84,0.85,98.28,127
2026-05-06T10:46:49.153195,Tanger,35.7595,-5.834,18.74,18.45,68,1013,3.6,220,75,Clouds,broken clouds,2,3.07,8.76,2.2,99.36,2.28,120.1,127
2026-05-06T10:46:52.390501,Agadir,30.4278,-9.5981,22.06,22.02,65,1011,1.8,228,30,Clouds,scattered clouds,2,5.15,17.01,0.49,97.83,2.03,113.32,127
2026-05-06T11:46:54.714159,Casablanca,33.5731,-7.5898,20.01,19.42,52,1013,2.06,20,40,Clouds,scattered clouds,3,4.55,11.77,0.75,111.1,4.12,110.42,128
2026-05-06T11:46:57.902533,Rabat,34.0209,-6.8416,20.37,19.92,56,1013,3.09,290,40,Clouds,scattered clouds,3,4.65,8.65,1.01,109.62,4.03,110.52,128
2026-05-06T11:47:01.144174,Marrakech,31.6295,-7.9811,18.98,18.37,55,1012,1.54,0,0,Clear,clear sky,2,3.47,10.26,0.39,68.21,0.7,94.07,128
2026-05-06T11:47:04.386629,Fes,34.0181,-5.0078,16.95,16.35,63,1012,1.54,0,75,Clouds,broken clouds,2,2.69,5.14,0.2,87.75,0.71,96.08,128
2026-05-06T11:47:07.660993,Tanger,35.7595,-5.834,18.74,18.45,68,1012,4.63,240,75,Clouds,broken clouds,3,3.18,8.69,1.61,103.4,2.02,119.28,128
2026-05-06T11:47:10.906380,Agadir,30.4278,-9.5981,24.06,24.17,63,1011,3.16,258,45,Clouds,scattered clouds,3,5.91,18.88,0.37,100.37,2.19,113.29,128
